﻿<?xml version="1.0" encoding="UTF-8"?><!--Arbortext, Inc., 1988-2013, v.4002--><motor tipo="101" clase="a" aprid="M101a"><plataforma><grado><![CDATA[2]]></grado><titulo>Refuerza tu aprendizaje: El relieve</titulo><area>2</area><nivel>2</nivel><referencia><![CDATA[CS_07_02]]></referencia><idreg><![CDATA[2474]]></idreg><motor><![CDATA[M101A]]></motor><lang>es</lang></plataforma><enunciado><![CDATA[Realiza la siguiente actividad. Cuando termines haz clic en Enviar. Si es necesario, entrega las respuestas en mano o por email a tu profesor para que pueda validarlas.]]></enunciado><masinfo inicio="0" /><calc><![CDATA[0]]></calc><preguntas cantidad="7"><pregunta><enunciado><![CDATA[Haz una tabla con los agentes internos y externos del relieve que contenga ejemplos significativos. ]]></enunciado><explicacion /><nivel><![CDATA[1]]></nivel><tipo><![CDATA[L]]></tipo><imagen /><ampliacion /></pregunta><pregunta><enunciado><![CDATA[Explica con tus propias palabras en qué consiste y qué efectos puede tener el agente modelador del relieve cuyo efecto se ilustra en la imagen.]]></enunciado><explicacion /><nivel><![CDATA[2]]></nivel><tipo><![CDATA[L]]></tipo><imagen><![CDATA[EX_CS_07_02_T1_img1_286X286.jpg]]></imagen><ampliacion><![CDATA[EX_CS_07_02_T1_img1_500X500.jpg]]></ampliacion></pregunta><pregunta><enunciado><![CDATA[Busca tres ejemplos recientes de modificaciones del relieve debido a agentes internos que hayan tenido lugar en nuestro territorio y cita sus principales consecuencias. ]]></enunciado><explicacion /><nivel><![CDATA[2]]></nivel><tipo><![CDATA[L]]></tipo><imagen /><ampliacion /></pregunta><pregunta><enunciado><![CDATA[Enumera diez formas de relieve y pon un ejemplo de nuestro territorio para cada una de ellas. ]]></enunciado><explicacion /><nivel><![CDATA[2]]></nivel><tipo><![CDATA[L]]></tipo><imagen /><ampliacion /></pregunta><pregunta><enunciado><![CDATA[Cita cuáles son los agentes internos y externos responsables de la modificación del relieve más característicos de nuestro territorio.]]></enunciado><explicacion /><nivel><![CDATA[3]]></nivel><tipo><![CDATA[L]]></tipo><imagen /><ampliacion /></pregunta><pregunta><enunciado><![CDATA[Investiga cuál ha sido el último terremoto que ha tenido lugar en el mundo y las consecuencias que ha tenido para la población. ]]></enunciado><explicacion /><nivel><![CDATA[3]]></nivel><tipo><![CDATA[L]]></tipo><imagen /><ampliacion /></pregunta><pregunta><enunciado><![CDATA[Busca información sobre las formas de relieve más comunes en nuestro territorio.]]></enunciado><explicacion /><nivel><![CDATA[3]]></nivel><tipo><![CDATA[L]]></tipo><imagen /><ampliacion /></pregunta></preguntas></motor>