﻿<?xml version="1.0" encoding="utf-8"?><engine copy="Editorial Planeta" version="1" aprid="f7b"><main layout="0">
<title>La posición geoastronómica de Colombia y sus consecuencias</title>
<footer>Selecciona una imagen </footer>
</main>
<sections>
<section i="0" star="false" hasSubsections="false">
<menuImage path="imagenDummy-MotorF.jpg" border="0">
<title><![CDATA[Posición geoastronómica de Colombia]]></title>
</menuImage>
<pages>
<page i="0" visible="true" color="">
<title>Posición geográfica</title>
<description><![CDATA[<p style="text-align:justify">Por su&nbsp;<strong>posici&oacute;n geogr&aacute;fica</strong> las caracter&iacute;sticas de Colombia son:</p>

<ul>
	<li style="text-align:justify">Est&aacute;&nbsp;ubicada en la esquina noroccidental de Suram&eacute;rica.</li>
	<li style="text-align:justify">Superficie de 2&#39;129.748 km2, de los cuales&nbsp;1&#39;141.748 km<sup>2 </sup>son&nbsp;superficie continental y 988.000 km<sup>2</sup>&nbsp;mar&iacute;tima.</li>
	<li style="text-align:justify">Sus <strong>l&iacute;mites</strong> son,&nbsp;al norte con el mar Caribe; al oriente con Venezuela y Brasil; al sur con Ecuador y Per&uacute;;&nbsp;al occidente el Oc&eacute;ano Pac&iacute;fico y al noroccidente con Panam&aacute;.</li>
</ul>

<p>&nbsp;</p>
]]></description>
<images>
<image path="imagenDummy-MotorF.jpg" border = "0" pathbig="imagenDummy-MotorF.jpg">
<title><![CDATA[]]></title>
</image>
</images>
</page>
<page i="0" visible="true" color="">
<title>Posición astronómica</title>
<description><![CDATA[<p style="text-align:justify">Por su&nbsp;<strong>posici&oacute;n astron&oacute;mica </strong>las caracter&iacute;sticas de Colombia son:&nbsp;&nbsp;</p>

<ul>
	<li style="text-align:justify">El territorio colombiano est&aacute; atravesado por el paralelo del Ecuador y se ubica en los hemisferios norte y occidental.</li>
	<li style="text-align:justify">Sus <strong>puntos extremos</strong> son, 12&ordm;,&nbsp;30 minutos,&nbsp;40 segundos,&nbsp;latitud norte en Punta Gallinas&nbsp;en la&nbsp;Guajira; 4&ordm;, 13 minutos,&nbsp;30 segundos&nbsp;de latitud sur en la desembocadura de la Quebrada&nbsp; San Antonio en el r&iacute;o Amazonas; 66&ordm;, 50 minutos,&nbsp;54 segundos&nbsp;de longitud oeste desde la isla&nbsp; de San Jos&eacute;&nbsp;en el&nbsp; r&iacute;o Negro; 79&ordm;, 01 minutos,&nbsp;23 segundos&nbsp;de longitud oeste en el cabo Manglares en la costa pac&iacute;fica. &nbsp;&nbsp;&nbsp;</li>
</ul>
]]></description>
<images>
<image path="imagenDummy-MotorF.jpg" border = "0" pathbig="imagenDummy-MotorF.jpg">
<title><![CDATA[]]></title>
</image>
</images>
</page>
</pages>
</section><section i="0" star="false" hasSubsections="false">
<menuImage path="imagenDummy-MotorF.jpg" border="0">
<title><![CDATA[Consecuencias]]></title>
</menuImage>
<pages>
<page i="0" visible="true" color="">
<title>Consecuencias de la posición geográfica</title>
<description><![CDATA[<p style="text-align:justify">Debido a su <strong>posici&oacute;n geogr&aacute;fica</strong>&nbsp;las consecuencias para Colombia son:</p>

<ul>
	<li style="text-align:justify">Facilidad en las&nbsp;relaciones comerciales.</li>
	<li style="text-align:justify">Amplio desarrollo portuario.</li>
	<li style="text-align:justify">Centro de las comunicaciones&nbsp;terrestres, mar&iacute;timas y a&eacute;reas continentales.</li>
	<li style="text-align:justify">Excepcionales ecosistemas mar&iacute;timos.</li>
</ul>

<p style="text-align:justify">&nbsp;</p>

<p>&nbsp;</p>

<p>&nbsp;</p>
]]></description>
<images>
<image path="relaciones%20comerciales.jpg" border = "0" pathbig="relaciones%20comerciales.jpg">
<title><![CDATA[Relaciones comerciales]]></title>
</image>
<image path="Puerto%20de%20Cartagena.jpg" border = "0" pathbig="Puerto%20de%20Cartagena.jpg">
<title><![CDATA[Desarrollo portuario]]></title>
</image>
<image path="Colombia%20en%20Ame%CC%81rica.jpg" border = "0" pathbig="Colombia%20en%20Ame%CC%81rica.jpg">
<title><![CDATA[Colombia en América]]></title>
</image>
<image path="Mlapelo.jpg" border = "0" pathbig="Mlapelo.jpg">
<title><![CDATA[Ecosistemas marítimos]]></title>
</image>
</images>
</page>
<page i="0" visible="true" color="">
<title>Consecuencias de la posición astronómica</title>
<description><![CDATA[<p style="text-align:justify">Debido&nbsp;a&nbsp;su&nbsp;<strong>posici&oacute;n&nbsp;astron&oacute;mica&nbsp;</strong>las consecuencias para <strong>Colombia</strong> son:</p>

<ul>
	<li style="text-align:justify">El d&iacute;a y la noche tienen la misma duraci&oacute;n.</li>
	<li style="text-align:justify">Clima de la zona t&oacute;rrida.</li>
	<li style="text-align:justify">Rayos del sol de forma directa.</li>
	<li style="text-align:justify">Beneficiado por la<strong>&nbsp;</strong>&oacute;rbita geoestacionaria.</li>
	<li style="text-align:justify">Cobertura sateltal continental.</li>
</ul>

<p>&nbsp;</p>
]]></description>
<images>
<image path="Di%CC%81a%20y%20noche.jpg" border = "0" pathbig="Di%CC%81a%20y%20noche.jpg">
<title><![CDATA[Día y noche iguales]]></title>
</image>
<image path="zona%20to%CC%81rrida.jpg" border = "0" pathbig="zona%20to%CC%81rrida.jpg">
<title><![CDATA[Clima zona tórrida]]></title>
</image>
<image path="o%CC%81rbita%20geoestacionaria.jpg" border = "0" pathbig="o%CC%81rbita%20geoestacionaria.jpg">
<title><![CDATA[Órbita geoestacionaria]]></title>
</image>
<image path="imagenDummy-MotorF.jpg" border = "0" pathbig="imagenDummy-MotorF.jpg">
<title><![CDATA[Cobertura satelital]]></title>
</image>
</images>
</page>
</pages>
</section></sections>
<masinfo>
<pantalla1><![CDATA[<p>Hablar de la&nbsp;<strong>posici&oacute;n geoastron&oacute;mica</strong>&nbsp;de un pa&iacute;s es hacer referencia a su ubicaci&oacute;n geogr&aacute;fica (posici&oacute;n relativa) y a su ubicaci&oacute;n astron&oacute;mica (posici&oacute;n absoluta).&nbsp;</p>

<p>Estos dos conceptos ayudan a determinar el&nbsp;<strong>sitio exacto</strong>&nbsp;que ocupa un lugar en la&nbsp;<strong>superficie tierrestre</strong>.</p>
]]></pantalla1>
</masinfo>
</engine>