﻿<?xml version="1.0" encoding="utf-8"?><motor tipo="2" clase="a" aprid="m2a">
  <plataforma>
    <grado><![CDATA[1]]></grado>
    <titulo>Reconoce características de las culturas tairona y muisca</titulo>
    <area>0</area>
    <nivel>1</nivel>
    <referencia/>
    <idreg><![CDATA[0]]></idreg>
    <motor><![CDATA[M2A]]></motor>
    <lang>es</lang>
  </plataforma>
  <enunciado><![CDATA[Completa el siguiente texto con las respuestas correctas.]]></enunciado>
  <masinfo inicio="0"/>
  <calc><![CDATA[0]]></calc>
  <sonido/>
  <textoacategoria>
    <cuestion>
      <pregunta><![CDATA[La [*] fue la principal actividad económica de los muiscas. Su principal cultivo era el maíz, que constituía la base de la [*]. Esta comunidad se reconoce por la fabricación de elaboradas piezas de [*], la producción de [*], que también utilizaban como moneda, la confección de tejidos de [*] y las piezas de [*]. Los tairona desarrollaron impresionantes obras de ingeniería como [*] de cultivo, caminos, puentes y muros de [*] para evitar los deslizamientos.]]></pregunta>
      <respuestas>
        <respuesta orden="1"><![CDATA[agricultura]]></respuesta>
        <respuesta orden="2"><![CDATA[alimentación]]></respuesta>
        <respuesta orden="3"><![CDATA[oro]]></respuesta>
        <respuesta orden="4"><![CDATA[sal]]></respuesta>
        <respuesta orden="5"><![CDATA[algodón]]></respuesta>
        <respuesta orden="6"><![CDATA[cerámica]]></respuesta>
        <respuesta orden="7"><![CDATA[terrazas]]></respuesta>
        <respuesta orden="8"><![CDATA[contención]]></respuesta>
      </respuestas>
    </cuestion>
  </textoacategoria>
  <textofalso cantidad="0"/>
  <temps>15</temps>
</motor>