﻿<?xml version="1.0" encoding="utf-8"?><motor tipo="5" clase="d" aprid="m5d">
  <plataforma>
    <grado><![CDATA[2]]></grado>
    <titulo>Conoce características de la familia arawak</titulo>
    <area>0</area>
    <nivel>1</nivel>
    <referencia/>
    <idreg><![CDATA[0]]></idreg>
    <motor><![CDATA[M5D]]></motor>
    <lang>es</lang>
  </plataforma>
  <enunciado><![CDATA[Responde las preguntas a partir de la interpretación de los textos sobre la familia arawak. Puede haber más de una respuesta correcta.]]></enunciado>
  <masinfo inicio="0"/>
  <sinaleatoriedad><![CDATA[0]]></sinaleatoriedad>
  <calc><![CDATA[0]]></calc>
  <respuestaunica><![CDATA[0]]></respuestaunica>
  <test cantidad="9">
    <cuestion>
      <enunciado><![CDATA[Se puede inferir que entre las comunidades arawak, las mujeres ocuparon un lugar]]></enunciado>
      <explicacion><![CDATA[Las mujeres arawak jugaron un papel importante en los asuntos cotidianos del clan, pero su destino se subordinó a los intereses masculinos, como la guerra. ]]></explicacion>
      <texto><![CDATA[Los pueblos de la familia arawak comparten un rasgo cultural relacionado con el matrimonio. Sus uniones son exogámicas, es decir, que los hombres deben elegir como esposa a mujeres pertenecientes a otra comunidad. También practican la poligamia, la cual solo es limitada por la disponibilidad de recursos del hombre; en ocasiones el matrimonio se realizaba mediante compra de la esposa. En otras ocasiones fue un medio para sellar alianzas con otros clanes.]]></texto>
      <respuestas>
        <respuesta contestacion="privilegiado." correcta="0"/>
        <respuesta contestacion="subordinado." correcta="1"/>
        <respuesta contestacion="indebido." correcta="0"/>
        <respuesta contestacion="ponderado." correcta="0"/>
        <respuesta contestacion="representativo." correcta="0"/>
      </respuestas>
    </cuestion>
    <cuestion>
      <enunciado><![CDATA[Las observaciones de Reichel Dolmatoff permiten deducir que los significados que comúnmente se atribuyen a las comunidades indígenas se fundamentan en ]]></enunciado>
      <explicacion><![CDATA[Los prejuicios y estereotipos han obstaculizado la valoración de los saberes, tradiciones  y estilos de vida indígenas. ]]></explicacion>
      <texto><![CDATA[Gerardo Reichel Dolmatoff fue uno de los fundadores de la antropología colombiana. Tras visitar a los tukano, una comunidad de la Orinoquía colombiana que pertenece a la familia arawak, sostuvo un concepto en contravía de las opiniones comúnmente aceptadas, que representan al indígena como un “salvaje” e “inferior” a la cultura urbana; sus palabras fueron:  “No encontré al buen salvaje ni tampoco al así llamado primitivo. No encontré aquel indio degenerado y embrutecido, ni mucho menos aquel ser inferior por entonces descrito generalmente por gobernantes, políticos y literatos. Lo que sí encontré fue un mundo de una filosofía tan coherente, de una moral tan elevada, una organización social y política de gran complejidad, con un manejo acertado del medio ambiente con base en conocimientos bien fundados”.]]></texto>
      <respuestas>
        <respuesta contestacion="argumentos." correcta="0"/>
        <respuesta contestacion="hechos." correcta="0"/>
        <respuesta contestacion="estereotipos." correcta="1"/>
        <respuesta contestacion="pruebas." correcta="0"/>
        <respuesta contestacion="prejuicios." correcta="1"/>
      </respuestas>
    </cuestion>
    <cuestion>
      <enunciado><![CDATA[El pueblo wayú construyó una identidad y se diferenció de su raíz arawak debido a un proceso de ]]></enunciado>
      <explicacion><![CDATA[Las características geográficas de la península de la Guajira moldearon el carácter de los pueblos wayú quienes se adaptaron a vivir en el desierto. ]]></explicacion>
      <texto><![CDATA[Al pueblo wayú se le considera como parte de la familia arawak, la cual habría emprendido una corriente migratoria que se extendió a través de la Amazonia rumbo a las Antillas, lugar que poblaron hacia el año 150 a.C. Las comunidades ocuparon la península de la Guajira mediante un proceso de asentamiento de larga duración, que implicó un poblamiento disperso debido a las características áridas del territorio y la disponibilidad limitada de agua.]]></texto>
      <respuestas>
        <respuesta contestacion="enfrentamiento." correcta="0"/>
        <respuesta contestacion="adaptación." correcta="1"/>
        <respuesta contestacion="migración." correcta="0"/>
        <respuesta contestacion="concentración." correcta="0"/>
        <respuesta contestacion="dispersión." correcta="0"/>
      </respuestas>
    </cuestion>
    <cuestion>
      <enunciado><![CDATA[El emparentamiento de las comunidades arawak con la población europea se puede entender como una  ]]></enunciado>
      <explicacion><![CDATA[La violencia impuesta sobre la población nativa condujo a las comunidades indígenas arawak a mezclarse con la población europea como medio para escapar al racismo. ]]></explicacion>
      <texto><![CDATA[Con la conquista y colonización europea de América, los pueblos arawak fueron diezmados por las enfermedades traídas de Europa para las cuales sus cuerpos no estaban preparados y debido a las condiciones de esclavización a las que fueron sometidos. La población arawak desapareció rápidamente en algunas regiones del Caribe, mientras que en otros lugares se dio un proceso de mestizaje.]]></texto>
      <respuestas>
        <respuesta contestacion="tradición indígena." correcta="0"/>
        <respuesta contestacion="estrategia de supervivencia." correcta="1"/>
        <respuesta contestacion="conducta natural." correcta="0"/>
        <respuesta contestacion="norma cultural. " correcta="0"/>
        <respuesta contestacion="empresa económica." correcta="0"/>
      </respuestas>
    </cuestion>
    <cuestion>
      <enunciado><![CDATA[La localización de pueblo wayú lo convierte en un pueblo indígena]]></enunciado>
      <explicacion><![CDATA[Históricamente los wayúu han establecido relaciones con la sociedad venezolana y también con la sociedad colombiana, lo que los posiciona como una comunidad binacional. ]]></explicacion>
      <texto><![CDATA[La población actual de los wayú alcanza más de 300.000 personas, las cuales viven en territorio de Colombia (departamento de La Guajira) y de Venezuela (Estado de Zulia). El número de habitantes lo convierte en el pueblo indígena más numeroso de ambas naciones, ya que representan el 11 % de la población del Estado Zulia y el 45% de la población de La Guajira.]]></texto>
      <respuestas>
        <respuesta contestacion="binacional." correcta="1"/>
        <respuesta contestacion="multiétnico." correcta="0"/>
        <respuesta contestacion="pluricultural." correcta="0"/>
        <respuesta contestacion="amerindio." correcta="0"/>
        <respuesta contestacion="extranjero." correcta="0"/>
      </respuestas>
    </cuestion>
    <cuestion>
      <enunciado><![CDATA[Se puede afirmar que las cabras en la cultura wayú están investidas de una importancia]]></enunciado>
      <explicacion><![CDATA[La cabra adquirió entre los wayú una importancia no solo como fuente de alimentación sino también como distinción cultural y como factor de mediación política.  ]]></explicacion>
      <texto><![CDATA[Entre los wayú, el ganado caprino es la principal riqueza y además es la base del prestigio social. La crianza de cabras es limitada por las condiciones desérticas y forman rebaños de 100 a 150 animales en promedio. Son el más importante factor de intercambio, sin mediación del dinero; es decir, que se entregan como garantía de alianza matrimonial o económica, se reciben como herencia, para compensar daños o delitos y para solucionar conflictos y establecer la paz; cada clan marca sus cabras con un símbolo diferente.]]></texto>
      <respuestas>
        <respuesta contestacion="política y económica." correcta="0"/>
        <respuesta contestacion="cultural, política y económica." correcta="1"/>
        <respuesta contestacion="cultural y económica. " correcta="0"/>
        <respuesta contestacion="cultural y política. " correcta="0"/>
        <respuesta contestacion="social y política." correcta="0"/>
      </respuestas>
    </cuestion>
    <cuestion>
      <enunciado><![CDATA[La conversión de una niña en mujer entre los wayú está mediada por  ]]></enunciado>
      <explicacion><![CDATA[El ritual de paso es un concepto que designa un conjunto de actividades que simbolizan y marcan la transición de un estado a otro en la vida de una persona. ]]></explicacion>
      <texto><![CDATA[Las niñas wayú se convierten en mujeres mediante una ceremonia especial: al llegar su primera menstruación son recluidas en una casa; allí su cabello es rapado y los días siguientes son cuidadas por la mamá o la abuela mediante alimentos especiales, mientras son instruidas en las tareas femeninas y se les aconseja sobre cómo deben comportarse. Una actividad de especial importancia es el aprendizaje del tejido; este sintetiza su forma de concebir el mundo y de expresar la vida.  Las mujeres más hábiles para tejer son dignas del mayor respeto y poseer las mejores piezas tejidas es un símbolo de poder y de prestigio: ser mujer en el mundo wayú es comprender lo que significa tejer. Al finalizar el encierro, que puede durar entre un mes y un año, el papá le obsequia un vestido y la presenta en sociedad ya convertida en una señorita o majayut, en una fiesta en la que participan sus aliados.]]></texto>
      <respuestas>
        <respuesta contestacion="una reclusión." correcta="0"/>
        <respuesta contestacion="un ritual de paso." correcta="1"/>
        <respuesta contestacion="una ceremonia nupcial." correcta="0"/>
        <respuesta contestacion="un mito." correcta="0"/>
        <respuesta contestacion="un tabú." correcta="0"/>
      </respuestas>
    </cuestion>
    <cuestion>
      <enunciado><![CDATA[El mito de creación entre los sikuani y en la narración bíblica manifiestan una relación de  ]]></enunciado>
      <explicacion><![CDATA[Muchos mitos de origen entre los pueblos del mundo comparten las mismas estructuras, lo que lleva a pensar que existe una simbología común a todos los seres humanos. ]]></explicacion>
      <texto><![CDATA[En la actualidad, los sikuani o guahíbos, grupo considerado como parte de la familia arawak, constituyen la población indígena más numerosa de la Orinoquía colombiana con 15.000 individuos de los cuales la mayor parte se encuentran en el municipio de Puerto Gaitán (Meta). En su tradición espiritual, Kuwai es el dios creador y en el mito se narra que trató de hacer al hombre, primero con barro y luego con cera. Al no tener éxito, probó con la madera y por fin lo consiguió.]]></texto>
      <respuestas>
        <respuesta contestacion="antagonismo." correcta="0"/>
        <respuesta contestacion="analogía." correcta="1"/>
        <respuesta contestacion="suplementariedad." correcta="0"/>
        <respuesta contestacion="colonialismo." correcta="0"/>
        <respuesta contestacion="copia." correcta="0"/>
      </respuestas>
    </cuestion>
    <cuestion>
      <enunciado><![CDATA[La relación entre la sociedad occidental y las sociedades indígenas ticuna se ha caracterizado como un proceso de   ]]></enunciado>
      <explicacion><![CDATA[Los pueblos ancestrales han sido maltratados: se explota su fuerza de trabajo, se expropia su tierra, se estereotipa su cultura y se inferioriza su modo de pensar y de vivir.]]></explicacion>
      <texto><![CDATA[La comunidad indígena ticuna, habitante de la Amazonia colombiana, también se considera como parte de la familia arawak. Su relación con la cultura occidental empezó con las primeras incursiones españolas y portuguesas sobre el río Amazonas. Desde entonces, han padecido un proceso de colonización y de explotación a través de distintas actividades como las caucherías, las tigrilladas, las misiones evangelizadoras, las haciendas ganaderas, la explotación maderera y pesquera y, recientemente, los procesos de obrerización y prostitución, reclutamiento militar y de narcotráfico sobre sus territorios. En consecuencia, cada día sus pautas culturales caen en desuso incluyendo el abandono de su lengua. Asimismo sus poblaciones se han visto desplazadas hacia centros urbanos, como Miraflores, Mitú y San José del Guaviare.]]></texto>
      <respuestas>
        <respuesta contestacion="interculturalidad." correcta="0"/>
        <respuesta contestacion="exclusión." correcta="1"/>
        <respuesta contestacion="inferiorización." correcta="1"/>
        <respuesta contestacion="dominación." correcta="1"/>
        <respuesta contestacion="explotación." correcta="1"/>
      </respuestas>
    </cuestion>
  </test>
  <temps>40</temps>
</motor>