﻿<?xml version="1.0" encoding="utf-8"?><motor tipo="101" clase="a" aprid="m101a">
  <plataforma>
    <grado>2</grado>
    <titulo>Refuerza tu aprendizaje: La familia arawak</titulo>
    <volumen/>
    <nivel><![CDATA[1]]></nivel>
    <referencia/>
    <motor/>
    <lang>es</lang>
  </plataforma>
  <enunciado><![CDATA[Realiza la siguiente actividad. Cuando termines haz click en enviar. Si es necesario, entrega las respuestas por escrito o por email a tu docente para que pueda validarlas.]]></enunciado>
  <masinfo inicio="0"/>
  <calc><![CDATA[0]]></calc>
  <preguntas cantidad="10">
    <pregunta>
      <enunciado><![CDATA[La familia arawak alcanzó el grado más elevado de desarrollo político, social y cultural de Colombia. ¿En qué medida estás de acuerdo con la anterior afirmación?  Justifica tu respuesta.]]></enunciado>
      <explicacion/>
      <nivel><![CDATA[2]]></nivel>
      <tipo/>
      <imagen/>
      <ampliacion/>
      <texto/>
    </pregunta>
    <pregunta>
      <enunciado><![CDATA[Los wayú, grupo representativo de La familia lingüística arawak, han mantenido elementos de su cultura ancestral a través del tiempo. ¿Qué situaciones explican la conservación de su cultura?]]></enunciado>
      <explicacion/>
      <nivel><![CDATA[2]]></nivel>
      <tipo/>
      <imagen/>
      <ampliacion/>
      <texto/>
    </pregunta>
    <pregunta>
      <enunciado><![CDATA[Elabora un cuadro sinóptico de los grupos representativos de la familia arawak y escribe las características más destacadas de cada uno.]]></enunciado>
      <explicacion/>
      <nivel><![CDATA[1]]></nivel>
      <tipo/>
      <imagen/>
      <ampliacion/>
      <texto/>
    </pregunta>
    <pregunta>
      <enunciado><![CDATA[Explica la procedencia de los pueblos arawak que habitaron en la Orinoquía colombiana.]]></enunciado>
      <explicacion/>
      <nivel><![CDATA[2]]></nivel>
      <tipo/>
      <imagen/>
      <ampliacion/>
      <texto/>
    </pregunta>
    <pregunta>
      <enunciado><![CDATA[Elabora dibujos representativos de la actividades económicas de los pueblos arawak y explica cuáles garantizaron su supervivencia.]]></enunciado>
      <explicacion/>
      <nivel><![CDATA[3]]></nivel>
      <tipo/>
      <imagen/>
      <ampliacion/>
      <texto/>
    </pregunta>
    <pregunta>
      <enunciado><![CDATA[Explica las causas de la extinción de los pueblos de la familia arawak. Comparte tus conclusiones en una mesa redonda.]]></enunciado>
      <explicacion/>
      <nivel><![CDATA[3]]></nivel>
      <tipo/>
      <imagen/>
      <ampliacion/>
      <texto/>
    </pregunta>
    <pregunta>
      <enunciado><![CDATA[Investiga acerca de la situación actual de los indígenas wayú en relación con la salud, el agua y la educación.  Escribe una síntesis y comparte tus conocimientos en la clase.]]></enunciado>
      <explicacion/>
      <nivel><![CDATA[3]]></nivel>
      <tipo/>
      <imagen/>
      <ampliacion/>
      <texto/>
    </pregunta>
    <pregunta>
      <enunciado><![CDATA[Además de la cultura wayú, hubo otras comunidades que conformaron la familia arawak. ¿Cuáles fueron y de dónde venían?]]></enunciado>
      <explicacion/>
      <nivel><![CDATA[3]]></nivel>
      <tipo/>
      <imagen/>
      <ampliacion/>
      <texto/>
    </pregunta>
    <pregunta>
      <enunciado><![CDATA[Explica por qué los achagua fueron los primeros en adaptarse a la cultura occidental.]]></enunciado>
      <explicacion/>
      <nivel><![CDATA[2]]></nivel>
      <tipo/>
      <imagen/>
      <ampliacion/>
      <texto/>
    </pregunta>
    <pregunta>
      <enunciado><![CDATA[Investiga sobre los piacoco y plasma tus resultados en un cuadro sinóptico que contenga los siguientes aspectos: sociedad, política, economía y religión.]]></enunciado>
      <explicacion/>
      <nivel><![CDATA[3]]></nivel>
      <tipo/>
      <imagen/>
      <ampliacion/>
      <texto/>
    </pregunta>
  </preguntas>
</motor>