﻿<?xml version="1.0" encoding="UTF-8"?>
<engine copy="Editorial Planeta" version="1" aprid="f1">
  <css><![CDATA[.defaultCSSBox2 {
	background: #000000;
}
.defaultCSSBox3 {
	background: #ffffff;
}]]></css>
  <pantallas>
    <pantalla id="pantalla_5">
      <event id="onPrepare" language="DO"><![CDATA[]]></event>
      <event id="onShown" language="DO"><![CDATA[]]></event>
      <components>
        <component _type="_compSlider" id="diaporama_12" x="0" y="0" width="950" height="608" alpha="1" visible="1" enabled="1" transMode="1" />
        <component _type="_compSliderNav" id="slidernav_11" x="45" y="526" width="162" height="37" alpha="1" visible="1" enabled="1" sliderId="diaporama_12" showHome="1" whiteButtons="0" mode="1" />
      </components>
      <animaciones>
      </animaciones>
      <slider id="diaporama_12">
        <pantalla id="pantalla_14">
          <event id="onPrepare" language="DO"><![CDATA[]]></event>
          <event id="onShown" language="DO"><![CDATA[]]></event>
          <components>
            <component _type="_compRichText" id="texto_26" x="6" y="40" width="938" height="137" alpha="1" visible="1" enabled="1" scrollable="1">
              <content><![CDATA[<p style="text-align:center"><span style="font-size:31px"><span style="font-family:georgia,serif">El cálculo de distancias en un mapa</span></span></p>
]]></content>
            </component>
            <component _type="_compImage" id="image_20" x="111" y="131" width="728" height="347" alpha="1" visible="1" enabled="1" cssClass="" adjustMode="4" alignMode="1" image="data/imagenes/cs_06_09_rec100_img01.jpg" />
          </components>
          <animaciones>
          </animaciones>
        </pantalla>
        <pantalla id="pantalla_30">
          <event id="onPrepare" language="DO"><![CDATA[]]></event>
          <event id="onShown" language="DO"><![CDATA[]]></event>
          <components>
            <component _type="_compRichText" id="texto_26" x="111" y="18" width="767" height="99" alpha="1" visible="1" enabled="1" scrollable="1">
              <content><![CDATA[<p><span style="font-size:25px"><span style="font-family:verdana,geneva,sans-serif">Para calcular la distancia real entre dos puntos a partir de la <strong>escala</strong> se deben seguir estos pasos:</span></span></p>
]]></content>
            </component>
            <component _type="_compImage" id="image_20" x="111" y="131" width="728" height="347" alpha="1" visible="1" enabled="1" cssClass="" adjustMode="4" alignMode="1" image="data/imagenes/cs_06_09_rec100_img02.jpg" />
          </components>
          <animaciones>
          </animaciones>
        </pantalla>
        <pantalla id="pantalla_25">
          <event id="onPrepare" language="DO"><![CDATA[]]></event>
          <event id="onShown" language="DO"><![CDATA[]]></event>
          <components>
            <component _type="_compImage" id="image_20" x="113" y="131" width="728" height="347" alpha="1" visible="1" enabled="1" cssClass="" adjustMode="4" alignMode="1" image="data/imagenes/cs_06_09_rec100_img01.jpg" />
            <component _type="_compImage" id="image_29" x="347" y="386" width="821" height="300" alpha="1" visible="1" enabled="1" cssClass="" adjustMode="4" alignMode="1" image="data/imagenes/cs_06_09_rec100_imgregla.png" />
            <component _type="_compRichText" id="texto_31" x="111" y="18" width="782" height="99" alpha="1" visible="1" enabled="1" scrollable="1">
              <content><![CDATA[<p><span style="font-size:25px"><span style="font-family:verdana,geneva,sans-serif"><strong>Paso 1: </strong>Medir con una regla la longitud de la escala gr&aacute;fica.</span></span></p>
]]></content>
            </component>
            <component _type="_compRichText" id="texto_30" x="313" y="431" width="95" height="496" alpha="1" visible="1" enabled="1" scrollable="0">
              <content><![CDATA[<p style="text-align:center"><span style="color:#FF6600"><span style="font-size:25px"><span style="font-family:verdana,geneva,sans-serif"><strong><img alt="" src="data/imagenes/corchete_okj32.jpg" style="height:13px; width:52px" /></strong></span></span></span><br />
<span style="color:#FF6600"><span style="font-size:25px"><span style="font-family:verdana,geneva,sans-serif"><strong>1,5 cm</strong></span></span></span></p>
]]></content>
            </component>
          </components>
          <animaciones>
            <anim id="Entrada"><![CDATA[{"image_29":[],"image_29.x":[{"time":0,"value":134,"easing":"Linear.EaseNone"},{"time":1.02,"value":347,"easing":"Linear.EaseNone"}],"image_29.y":[{"time":0,"value":238,"easing":"Linear.EaseNone"},{"time":1.02,"value":386,"easing":"Linear.EaseNone"}],"image_29.width":[{"time":0,"value":680,"easing":"Linear.EaseNone"},{"time":1.025,"value":821,"easing":"Linear.EaseNone"}],"image_29.height":[{"time":0,"value":111,"easing":"Linear.EaseNone"},{"time":1.025,"value":300,"easing":"Linear.EaseNone"}],"image_29.alpha":[{"time":0,"value":1,"easing":"Linear.EaseNone"}],"texto_30":[],"texto_30.x":[{"time":0,"value":297,"easing":"Linear.EaseNone"}],"texto_30.y":[{"time":0,"value":433,"easing":"Linear.EaseNone"}],"texto_30.width":[{"time":0,"value":169,"easing":"Linear.EaseNone"}],"texto_30.height":[{"time":0,"value":120,"easing":"Linear.EaseNone"}],"texto_30.alpha":[{"time":0,"value":0,"easing":"Linear.EaseNone"},{"time":1,"value":0,"easing":"Linear.EaseNone"},{"time":1.59,"value":1,"easing":"Linear.EaseNone"}]}]]></anim>
          </animaciones>
        </pantalla>
        <pantalla id="pantalla_32">
          <event id="onPrepare" language="DO"><![CDATA[]]></event>
          <event id="onShown" language="DO"><![CDATA[]]></event>
          <components>
            <component _type="_compRichText" id="texto_26" x="111" y="18" width="767" height="99" alpha="1" visible="1" enabled="1" scrollable="1">
              <content><![CDATA[<p><span style="font-size:25px"><span style="font-family:verdana,geneva,sans-serif"><strong>Paso 2: </strong>Medir con una regla la distancia entre dos puntos en l&iacute;nea recta.</span></span></p>
]]></content>
            </component>
            <component _type="_compImage" id="image_20" x="111" y="131" width="728" height="347" alpha="1" visible="1" enabled="1" cssClass="" adjustMode="4" alignMode="1" image="data/imagenes/cs_06_09_rec100_img04.jpg" />
            <component _type="_compRichText" id="texto_30" x="656" y="284" width="121" height="506" alpha="1" visible="1" enabled="1" scrollable="0">
              <content><![CDATA[<p><span style="color:#FF6600"><span style="font-size:25px"><span style="font-family:verdana,geneva,sans-serif"><strong>13,5 cm</strong></span></span></span></p>
]]></content>
            </component>
          </components>
          <animaciones>
          </animaciones>
        </pantalla>
        <pantalla id="pantalla_36">
          <event id="onPrepare" language="DO"><![CDATA[]]></event>
          <event id="onShown" language="DO"><![CDATA[]]></event>
          <components>
            <component _type="_compRichText" id="texto_26" x="111" y="18" width="767" height="99" alpha="1" visible="1" enabled="1" scrollable="1">
              <content><![CDATA[<p><span style="font-size:25px"><span style="font-family:verdana,geneva,sans-serif"><strong>Paso 3: </strong>Calcular la distancia real.</span></span></p>
]]></content>
            </component>
            <component _type="_compImage" id="image_40" x="354" y="151" width="241" height="87" alpha="1" visible="1" enabled="1" cssClass="" adjustMode="4" alignMode="1" image="data/imagenes/5.jpg" />
            <component _type="_compRichText" id="texto_42" x="254" y="353" width="85" height="69" alpha="1" visible="1" enabled="1" scrollable="1">
              <content><![CDATA[<p><span style="font-size:20px"><span style="font-family:verdana,geneva,sans-serif">X =</span></span></p>
]]></content>
            </component>
            <component _type="_compRichText" id="texto_43" x="269" y="334" width="439" height="69" alpha="1" visible="1" enabled="1" scrollable="1">
              <content><![CDATA[<p style="text-align: center;"><span style="font-size:20px"><span style="font-family:verdana,geneva,sans-serif">distancia en el mapa &middot; longitud real</span></span></p>
]]></content>
            </component>
            <component _type="_compRichText" id="texto_44" x="329" y="375" width="319" height="69" alpha="1" visible="1" enabled="1" scrollable="1">
              <content><![CDATA[<p style="text-align: center;"><span style="font-size:20px"><span style="font-family:verdana,geneva,sans-serif">longitud de la escala</span></span></p>
]]></content>
            </component>
            <component _type="_compCSSBox" id="fondo_45" x="302" y="383" width="373" height="3" alpha="1" visible="1" enabled="1" cssClass="defaultCSSBox2" />
            <component _type="_compRichText" id="texto_19" x="167" y="219" width="615" height="149" alpha="1" visible="1" enabled="1" scrollable="1">
              <content><![CDATA[<p><span style="font-size:20px"><span style="font-family:verdana,geneva,sans-serif">&middot; Longitud de la escala: 1,5 cm<br />
&middot; Longitud real que representa: 50 km<br />
&middot; Distancia entre Leticia y La Victoria en el mapa: 13,5 cm</span></span></p>
]]></content>
            </component>
          </components>
          <animaciones>
            <anim id="Entrada"><![CDATA[{"image_40":[],"image_40.x":[{"time":0,"value":628,"easing":"Linear.EaseNone"},{"time":0.995,"value":353,"easing":"Linear.EaseNone"}],"image_40.y":[{"time":0,"value":445,"easing":"Linear.EaseNone"},{"time":0.995,"value":152,"easing":"Linear.EaseNone"}],"image_40.width":[{"time":0,"value":106,"easing":"Linear.EaseNone"},{"time":0.995,"value":243,"easing":"Linear.EaseNone"}],"image_40.height":[{"time":0,"value":87,"easing":"Linear.EaseNone"}],"image_40.alpha":[{"time":0,"value":1,"easing":"Linear.EaseNone"}],"texto_19":[],"texto_19.x":[{"time":0,"value":208,"easing":"Linear.EaseNone"}],"texto_19.y":[{"time":0,"value":219,"easing":"Linear.EaseNone"}],"texto_19.width":[{"time":0,"value":615,"easing":"Linear.EaseNone"}],"texto_19.height":[{"time":0,"value":149,"easing":"Linear.EaseNone"}],"texto_19.alpha":[{"time":0,"value":0,"easing":"Linear.EaseNone"},{"time":1,"value":0,"easing":"Linear.EaseNone"},{"time":1.7,"value":1,"easing":"Linear.EaseNone"}]}]]></anim>
          </animaciones>
        </pantalla>
        <pantalla id="pantalla_46">
          <event id="onPrepare" language="DO"><![CDATA[]]></event>
          <event id="onShown" language="DO"><![CDATA[]]></event>
          <components>
            <component _type="_compImage" id="image_40" x="354" y="151" width="241" height="87" alpha="1" visible="1" enabled="1" cssClass="" adjustMode="4" alignMode="1" image="data/imagenes/5.jpg" />
            <component _type="_compRichText" id="texto_42" x="254" y="353" width="85" height="69" alpha="1" visible="1" enabled="1" scrollable="1">
              <content><![CDATA[<p><span style="font-size:20px"><span style="font-family:verdana,geneva,sans-serif">X =</span></span></p>
]]></content>
            </component>
            <component _type="_compRichText" id="texto_43" x="269" y="334" width="439" height="69" alpha="1" visible="1" enabled="1" scrollable="1">
              <content><![CDATA[<p style="text-align: center;"><span style="font-size:20px"><span style="font-family:verdana,geneva,sans-serif">distancia en el mapa &middot; longitud real</span></span></p>
]]></content>
            </component>
            <component _type="_compRichText" id="texto_44" x="329" y="375" width="319" height="69" alpha="1" visible="1" enabled="1" scrollable="1">
              <content><![CDATA[<p style="text-align: center;"><span style="font-size:20px"><span style="font-family:verdana,geneva,sans-serif">longitud de la escala</span></span></p>
]]></content>
            </component>
            <component _type="_compCSSBox" id="fondo_45" x="302" y="383" width="373" height="3" alpha="1" visible="1" enabled="1" cssClass="defaultCSSBox2" />
            <component _type="_compCSSBox" id="fondo_50" x="294" y="345" width="398" height="83" alpha="1" visible="1" enabled="1" cssClass="defaultCSSBox3" />
            <component _type="_compCSSBox" id="fondo_51" x="298" y="383" width="120" height="3" alpha="1" visible="1" enabled="1" cssClass="defaultCSSBox2" />
            <component _type="_compRichText" id="texto_52" x="312" y="375" width="92" height="69" alpha="1" visible="1" enabled="1" scrollable="1">
              <content><![CDATA[<p style="text-align:center"><span style="font-size:20px"><span style="font-family:verdana,geneva,sans-serif">1,5</span></span></p>
]]></content>
            </component>
            <component _type="_compRichText" id="texto_53" x="295" y="334" width="125" height="69" alpha="1" visible="1" enabled="1" scrollable="1">
              <content><![CDATA[<p style="text-align:center"><span style="font-size:20px"><span style="font-family:verdana,geneva,sans-serif">13,5 &middot; 50</span></span></p>
]]></content>
            </component>
            <component _type="_compRichText" id="texto_54" x="111" y="18" width="767" height="99" alpha="1" visible="1" enabled="1" scrollable="1">
              <content><![CDATA[<p><span style="font-size:25px"><span style="font-family:verdana,geneva,sans-serif"><strong>Paso 3: </strong>Calcular la distancia real.</span></span></p>
]]></content>
            </component>
            <component _type="_compRichText" id="texto_19" x="167" y="219" width="615" height="149" alpha="1" visible="1" enabled="1" scrollable="1">
              <content><![CDATA[<p><span style="font-size:20px"><span style="font-family:verdana,geneva,sans-serif">&middot; Longitud de la escala: 1,5 cm<br />
&middot; Longitud real que representa: 50 km<br />
&middot; Distancia entre Leticia y La Victoria en el mapa: 13,5 cm</span></span></p>
]]></content>
            </component>
          </components>
          <animaciones>
            <anim id="Entrada"><![CDATA[{"fondo_50":[],"fondo_50.x":[{"time":0,"value":294,"easing":"Linear.EaseNone"}],"fondo_50.y":[{"time":0,"value":345,"easing":"Linear.EaseNone"}],"fondo_50.width":[{"time":0,"value":398,"easing":"Linear.EaseNone"}],"fondo_50.height":[{"time":0,"value":83,"easing":"Linear.EaseNone"}],"fondo_50.alpha":[{"time":0,"value":0,"easing":"Linear.EaseNone"},{"time":0.935,"value":1,"easing":"Linear.EaseNone"}],"texto_52":[],"texto_52.x":[{"time":0,"value":312,"easing":"Linear.EaseNone"}],"texto_52.y":[{"time":0,"value":375,"easing":"Linear.EaseNone"}],"texto_52.width":[{"time":0,"value":92,"easing":"Linear.EaseNone"}],"texto_52.height":[{"time":0,"value":69,"easing":"Linear.EaseNone"}],"texto_52.alpha":[{"time":0,"value":0,"easing":"Linear.EaseNone"},{"time":0.95,"value":0,"easing":"Linear.EaseNone"},{"time":1.625,"value":1,"easing":"Linear.EaseNone"}],"texto_53":[],"texto_53.x":[{"time":0,"value":295,"easing":"Linear.EaseNone"}],"texto_53.y":[{"time":0,"value":334,"easing":"Linear.EaseNone"}],"texto_53.width":[{"time":0,"value":125,"easing":"Linear.EaseNone"}],"texto_53.height":[{"time":0,"value":69,"easing":"Linear.EaseNone"}],"texto_53.alpha":[{"time":0,"value":0,"easing":"Linear.EaseNone"},{"time":0.94,"value":0,"easing":"Linear.EaseNone"},{"time":1.62,"value":1,"easing":"Linear.EaseNone"}]}]]></anim>
          </animaciones>
        </pantalla>
        <pantalla id="pantalla_55">
          <event id="onPrepare" language="DO"><![CDATA[]]></event>
          <event id="onShown" language="DO"><![CDATA[]]></event>
          <components>
            <component _type="_compImage" id="image_40" x="354" y="151" width="241" height="87" alpha="1" visible="1" enabled="1" cssClass="" adjustMode="4" alignMode="1" image="data/imagenes/5.jpg" />
            <component _type="_compRichText" id="texto_19" x="167" y="219" width="615" height="149" alpha="1" visible="1" enabled="1" scrollable="1">
              <content><![CDATA[<p><span style="font-size:20px"><span style="font-family:verdana,geneva,sans-serif">&middot; Longitud de la escala: 1,5 cm<br />
&middot; Longitud real que representa: 50 km<br />
&middot; Distancia entre Leticia y La Victoria en el mapa: 13,5 cm</span></span></p>
]]></content>
            </component>
            <component _type="_compRichText" id="texto_42" x="254" y="353" width="85" height="69" alpha="1" visible="1" enabled="1" scrollable="1">
              <content><![CDATA[<p><span style="font-size:20px"><span style="font-family:verdana,geneva,sans-serif">X =</span></span></p>
]]></content>
            </component>
            <component _type="_compRichText" id="texto_43" x="269" y="334" width="439" height="69" alpha="1" visible="1" enabled="1" scrollable="1">
              <content><![CDATA[<p style="text-align: center;"><span style="font-size:20px"><span style="font-family:verdana,geneva,sans-serif">distancia en el mapa &middot; longitud real</span></span></p>
]]></content>
            </component>
            <component _type="_compRichText" id="texto_44" x="329" y="375" width="319" height="69" alpha="1" visible="1" enabled="1" scrollable="1">
              <content><![CDATA[<p style="text-align: center;"><span style="font-size:20px"><span style="font-family:verdana,geneva,sans-serif">longitud de la escala</span></span></p>
]]></content>
            </component>
            <component _type="_compCSSBox" id="fondo_45" x="302" y="383" width="373" height="3" alpha="1" visible="1" enabled="1" cssClass="defaultCSSBox2" />
            <component _type="_compCSSBox" id="fondo_50" x="294" y="345" width="398" height="83" alpha="1" visible="1" enabled="1" cssClass="defaultCSSBox3" />
            <component _type="_compCSSBox" id="fondo_51" x="298" y="383" width="120" height="3" alpha="1" visible="1" enabled="1" cssClass="defaultCSSBox2" />
            <component _type="_compRichText" id="texto_52" x="312" y="375" width="92" height="69" alpha="1" visible="1" enabled="1" scrollable="1">
              <content><![CDATA[<p style="text-align:center"><span style="font-size:20px"><span style="font-family:verdana,geneva,sans-serif">1,5</span></span></p>
]]></content>
            </component>
            <component _type="_compRichText" id="texto_53" x="295" y="334" width="125" height="69" alpha="1" visible="1" enabled="1" scrollable="1">
              <content><![CDATA[<p style="text-align:center"><span style="font-size:20px"><span style="font-family:verdana,geneva,sans-serif">13,5 &middot; 50</span></span></p>
]]></content>
            </component>
            <component _type="_compRichText" id="texto_54" x="111" y="18" width="767" height="99" alpha="1" visible="1" enabled="1" scrollable="1">
              <content><![CDATA[<p><span style="font-size:25px"><span style="font-family:verdana,geneva,sans-serif"><strong>Paso 3: </strong>Calcular la distancia real.</span></span></p>
]]></content>
            </component>
            <component _type="_compRichText" id="texto_59" x="544" y="353" width="180" height="69" alpha="1" visible="1" enabled="1" scrollable="1">
              <content><![CDATA[<p><span style="font-size:20px"><span style="font-family:verdana,geneva,sans-serif">X = <span style="color:#FF6600"><strong>450</strong></span></span></span><span style="font-size:20px"><span style="font-family:verdana,geneva,sans-serif"><span style="color:#FF6600"><strong> km</strong></span></span></span></p>
]]></content>
            </component>
          </components>
          <animaciones>
          </animaciones>
        </pantalla>
        <pantalla id="pantalla_60">
          <event id="onPrepare" language="DO"><![CDATA[]]></event>
          <event id="onShown" language="DO"><![CDATA[]]></event>
          <components>
            <component _type="_compRichText" id="texto_26" x="91" y="18" width="767" height="99" alpha="1" visible="1" enabled="1" scrollable="1">
              <content><![CDATA[<p style="text-align:center"><span style="font-size:25px"><span style="font-family:verdana,geneva,sans-serif">La distancia entre Leticia y La Victoria es de 450 km.</span></span></p>
]]></content>
            </component>
            <component _type="_compImage" id="image_20" x="111" y="131" width="728" height="347" alpha="1" visible="1" enabled="1" cssClass="" adjustMode="4" alignMode="1" image="data/imagenes/cs_06_09_rec100_img05.jpg" />
            <component _type="_compRichText" id="texto_30" x="664" y="285" width="121" height="506" alpha="1" visible="1" enabled="1" scrollable="0">
              <content><![CDATA[<p><span style="color:#FF6600"><span style="font-size:25px"><span style="font-family:verdana,geneva,sans-serif"><strong>450 km</strong></span></span></span></p>
]]></content>
            </component>
          </components>
          <animaciones>
          </animaciones>
        </pantalla>
        <pantalla id="pantalla_64">
          <event id="onPrepare" language="DO"><![CDATA[]]></event>
          <event id="onShown" language="DO"><![CDATA[]]></event>
          <components>
            <component _type="_compRichText" id="texto_26" x="111" y="18" width="767" height="99" alpha="1" visible="1" enabled="1" scrollable="1">
              <content><![CDATA[<p><span style="color:#FF6600"><span style="font-size:25px"><span style="font-family:verdana,geneva,sans-serif"><strong>&iexcl;Recuerda!</strong></span></span></span></p>
]]></content>
            </component>
            <component _type="_compRichText" id="texto_19" x="167" y="168" width="615" height="149" alpha="1" visible="1" enabled="1" scrollable="1">
              <content><![CDATA[<p><span style="font-size:20px"><span style="font-family:verdana,geneva,sans-serif"><strong>Paso 1: </strong>Medir con una regla la longitud de la escala gr&aacute;fica.<br />
<strong>Paso 2: </strong>Medir con una regla la distancia entre dos puntos<br />
&nbsp;&nbsp;&nbsp;&nbsp;&nbsp;&nbsp;&nbsp;&nbsp;&nbsp;&nbsp;&nbsp;&nbsp; en l&iacute;nea recta.<br />
<strong>Paso 3: </strong>Calcular la distancia real.</span></span></p>
]]></content>
            </component>
            <component _type="_compRichText" id="texto_42" x="254" y="353" width="85" height="69" alpha="1" visible="1" enabled="1" scrollable="1">
              <content><![CDATA[<p><span style="font-size:20px"><span style="font-family:verdana,geneva,sans-serif">X =</span></span></p>
]]></content>
            </component>
            <component _type="_compRichText" id="texto_43" x="269" y="334" width="439" height="69" alpha="1" visible="1" enabled="1" scrollable="1">
              <content><![CDATA[<p style="text-align: center;"><span style="font-size:20px"><span style="font-family:verdana,geneva,sans-serif">distancia en el mapa &middot; longitud real</span></span></p>
]]></content>
            </component>
            <component _type="_compRichText" id="texto_44" x="329" y="375" width="319" height="69" alpha="1" visible="1" enabled="1" scrollable="1">
              <content><![CDATA[<p style="text-align: center;"><span style="font-size:20px"><span style="font-family:verdana,geneva,sans-serif">longitud de la escala</span></span></p>
]]></content>
            </component>
            <component _type="_compCSSBox" id="fondo_45" x="302" y="383" width="373" height="3" alpha="1" visible="1" enabled="1" cssClass="defaultCSSBox2" />
          </components>
          <animaciones>
            <anim id="Entrada"><![CDATA[{}]]></anim>
          </animaciones>
        </pantalla>
      </slider>
    </pantalla>
  </pantallas>
  <popups>
    <pantalla id="pantalla_25">
      <event id="onPrepare" language="DO"><![CDATA[]]></event>
      <event id="onShown" language="DO"><![CDATA[]]></event>
      <components>
        <component _type="_compImage" id="image_19" x="0" y="0" width="950" height="608" alpha="1" visible="1" enabled="1" cssClass="" adjustMode="1" alignMode="0" image="data/imagenes/plantilla_f2.jpg" />
        <component _type="_compIconButton" id="iconbutton_24" x="867" y="45" width="37" height="37" alpha="1" visible="1" enabled="1" cssClass="iconCloseButton" group="-1">
          <event id="onClick" language="DO"><![CDATA[popup_close()]]></event>
        </component>
      </components>
      <animaciones>
      </animaciones>
    </pantalla>
  </popups>
</engine>