﻿<?xml version="1.0" encoding="utf-8"?>
<motor tipo="4" clase="a" aprid="M4a">
  <plataforma>
    <grado><![CDATA[2]]></grado>
    <titulo>Conoce el valor de las cortes medievales</titulo>
    <volumen><![CDATA[2]]></volumen>
    <nivel><![CDATA[2]]></nivel>
    <referencia><![CDATA[cs_08_11_08]]></referencia>
    <id_reg><![CDATA[244]]></id_reg>
    <motor><![CDATA[M4a]]></motor>
    <lang>es</lang>
  </plataforma>
  <enunciado><![CDATA[Lee las siguientes afirmaciones y di si son verdaderas o falsas.]]></enunciado>
  <masinfo inicio="0" />
  <sinaleatoriedad><![CDATA[0]]></sinaleatoriedad>
  <calc><![CDATA[0]]></calc>
  <respuestaunica><![CDATA[0]]></respuestaunica>
  <test cantidad="8">
    <cuestion>
      <enunciado><![CDATA[Aunque los reyes eran la máxima autoridad política durante la Alta Edad Media, no dejaban de ser un señor feudal más.]]></enunciado>
      <explicacion />
      <imagen />
      <respuestas>
        <respuesta contestacion="Verdadero" correcta="1" />
        <respuesta contestacion="Falso" correcta="0" />
      </respuestas>
    </cuestion>
    <cuestion>
      <enunciado><![CDATA[El poder del rey emanaba directamente del pueblo, representado en los parlamentos.]]></enunciado>
      <explicacion />
      <imagen />
      <respuestas>
        <respuesta contestacion="Verdadero" correcta="0" />
        <respuesta contestacion="Falso" correcta="1" />
      </respuestas>
    </cuestion>
    <cuestion>
      <enunciado><![CDATA[Las cortes medievales eran de tipo estamental, ya que se reunían los representantes de la nobleza, el clero y las ciudades.]]></enunciado>
      <explicacion />
      <imagen />
      <respuestas>
        <respuesta contestacion="Verdadero" correcta="1" />
        <respuesta contestacion="Falso" correcta="0" />
      </respuestas>
    </cuestion>
    <cuestion>
      <enunciado><![CDATA[El brazo eclesiástico representaba no solo a la Iglesia, sino también a campesinos, artesanos y pobres.]]></enunciado>
      <explicacion />
      <imagen />
      <respuestas>
        <respuesta contestacion="Verdadero" correcta="0" />
        <respuesta contestacion="Falso" correcta="1" />
      </respuestas>
    </cuestion>
    <cuestion>
      <enunciado><![CDATA[Las cortes limitaban el poder de los reyes, pues estos dependían de los impuestos o servicios que aquellas aprobasen.]]></enunciado>
      <explicacion />
      <imagen />
      <respuestas>
        <respuesta contestacion="Verdadero" correcta="1" />
        <respuesta contestacion="Falso" correcta="0" />
      </respuestas>
    </cuestion>
    <cuestion>
      <enunciado><![CDATA[Los parlamentos se reunían de forma regular, una vez al año.]]></enunciado>
      <explicacion />
      <imagen />
      <respuestas>
        <respuesta contestacion="Verdadero" correcta="0" />
        <respuesta contestacion="Falso" correcta="1" />
      </respuestas>
    </cuestion>
    <cuestion>
      <enunciado><![CDATA[Con la convocatoria de cortes, los reyes de la Baja Edad Media buscaban reducir el poder de la nobleza gracias al apoyo de las ciudades.]]></enunciado>
      <explicacion />
      <imagen />
      <respuestas>
        <respuesta contestacion="Verdadero" correcta="1" />
        <respuesta contestacion="Falso" correcta="0" />
      </respuestas>
    </cuestion>
    <cuestion>
      <enunciado><![CDATA[La dieta y los Estados Generales eran los nombres de los parlamentos de Inglaterra y Francia, respectivamente.]]></enunciado>
      <explicacion />
      <imagen />
      <respuestas>
        <respuesta contestacion="Verdadero" correcta="0" />
        <respuesta contestacion="Falso" correcta="1" />
      </respuestas>
    </cuestion>
  </test>
</motor>