﻿<?xml version="1.0" encoding="utf-8"?><mapa aprid="mapa">
  <copyright>(c) Editorial Planeta</copyright>
  <version>1.0</version>
  <botonMapaConceptual>mostrar</botonMapaConceptual>
  <botonMapaMudo>ocultar</botonMapaMudo>
  <botonMudo>0</botonMudo>
  <objeto>
    <ref>00</ref>
    <texto>Las normas en las primeras sociedades</texto>
    <hijos>10,11</hijos>
    <padre/>
    <siz>0</siz>
    <negcur>0000000000000000000000000000000000000</negcur>
    <cen>1</cen>
    <img/>
    <audio/>
  </objeto>
  <objeto>
    <ref>10</ref>
    <texto>surgieron
para</texto>
    <hijos>20</hijos>
    <padre>00</padre>
    <siz>14</siz>
    <negcur>00000000000000</negcur>
    <cen>1</cen>
    <img/>
    <audio/>
  </objeto>
  <objeto>
    <ref>20</ref>
    <texto>Regular la
convivencia</texto>
    <hijos>32</hijos>
    <padre>10</padre>
    <siz>0</siz>
    <negcur>0000000000000000000000</negcur>
    <cen>1</cen>
    <img/>
    <audio/>
  </objeto>
  <objeto>
    <ref>11</ref>
    <texto>se estructuran  
como sistemas en</texto>
    <hijos>21,22</hijos>
    <padre>00</padre>
    <siz>0</siz>
    <negcur>000000000000000000000000000000000</negcur>
    <cen>1</cen>
    <img/>
    <audio/>
  </objeto>
  <objeto>
    <ref>21</ref>
    <texto>La Edad
Antigua</texto>
    <hijos>31</hijos>
    <padre>11</padre>
    <siz>0</siz>
    <negcur>000000000000000</negcur>
    <cen>1</cen>
    <img/>
    <audio/>
  </objeto>
  <objeto>
    <ref>22</ref>
    <texto>América
precolombina</texto>
    <hijos>30</hijos>
    <padre>11</padre>
    <siz>0</siz>
    <negcur>00000000000000000000</negcur>
    <cen>1</cen>
    <img/>
    <audio/>
  </objeto>
  <objeto>
    <ref>30</ref>
    <texto>en</texto>
    <hijos>40,49,4A,4B,4C</hijos>
    <padre>22</padre>
    <siz>0</siz>
    <negcur>00</negcur>
    <cen>1</cen>
    <img/>
    <audio/>
  </objeto>
  <objeto>
    <ref>40</ref>
    <texto>civilización
azteca</texto>
    <hijos>57</hijos>
    <padre>30</padre>
    <siz>0</siz>
    <negcur>0000000000000000000</negcur>
    <cen>1</cen>
    <img/>
    <audio/>
  </objeto>
  <objeto>
    <ref>31</ref>
    <texto>en</texto>
    <hijos>41,43,44,45,46,47,48</hijos>
    <padre>21</padre>
    <siz>0</siz>
    <negcur>00</negcur>
    <cen>1</cen>
    <img/>
    <audio/>
  </objeto>
  <objeto>
    <ref>41</ref>
    <texto>Mesopotamia</texto>
    <hijos>50</hijos>
    <padre>31</padre>
    <siz>0</siz>
    <negcur>00000000000</negcur>
    <cen>1</cen>
    <img/>
    <audio/>
  </objeto>
  <objeto>
    <ref>32</ref>
    <texto>en ámbitos como</texto>
    <hijos>42</hijos>
    <padre>20</padre>
    <siz>0</siz>
    <negcur>000000000000000</negcur>
    <cen>1</cen>
    <img/>
    <audio/>
  </objeto>
  <objeto>
    <ref>42</ref>
    <texto>- religioso
- moral
- social
- jurídico</texto>
    <hijos/>
    <padre>32</padre>
    <siz>0</siz>
    <negcur>000000000000000000000000000000000000000</negcur>
    <cen>0</cen>
    <img/>
    <audio/>
  </objeto>
  <objeto>
    <ref>43</ref>
    <texto>Pueblo
hebreo</texto>
    <hijos>51</hijos>
    <padre>31</padre>
    <siz>0</siz>
    <negcur>0000000000000</negcur>
    <cen>1</cen>
    <img/>
    <audio/>
  </objeto>
  <objeto>
    <ref>44</ref>
    <texto>Egipto</texto>
    <hijos>52</hijos>
    <padre>31</padre>
    <siz>0</siz>
    <negcur>000000</negcur>
    <cen>1</cen>
    <img/>
    <audio/>
  </objeto>
  <objeto>
    <ref>45</ref>
    <texto>China</texto>
    <hijos>53</hijos>
    <padre>31</padre>
    <siz>0</siz>
    <negcur>00000</negcur>
    <cen>1</cen>
    <img/>
    <audio/>
  </objeto>
  <objeto>
    <ref>46</ref>
    <texto>India</texto>
    <hijos>54</hijos>
    <padre>31</padre>
    <siz>0</siz>
    <negcur>00000</negcur>
    <cen>1</cen>
    <img/>
    <audio/>
  </objeto>
  <objeto>
    <ref>47</ref>
    <texto>Grecia</texto>
    <hijos>55</hijos>
    <padre>31</padre>
    <siz>0</siz>
    <negcur>000000</negcur>
    <cen>1</cen>
    <img/>
    <audio/>
  </objeto>
  <objeto>
    <ref>48</ref>
    <texto>Roma</texto>
    <hijos>56</hijos>
    <padre>31</padre>
    <siz>0</siz>
    <negcur>0000</negcur>
    <cen>1</cen>
    <img/>
    <audio/>
  </objeto>
  <objeto>
    <ref>50</ref>
    <texto/>
    <hijos>60</hijos>
    <padre>41</padre>
    <siz>0</siz>
    <negcur/>
    <cen>1</cen>
    <img/>
    <audio/>
  </objeto>
  <objeto>
    <ref>60</ref>
    <texto>Código de
Hammurabi</texto>
    <hijos/>
    <padre>50</padre>
    <siz>0</siz>
    <negcur>0000000000000000000</negcur>
    <cen>1</cen>
    <img/>
    <audio/>
  </objeto>
  <objeto>
    <ref>51</ref>
    <texto/>
    <hijos>61</hijos>
    <padre>43</padre>
    <siz>0</siz>
    <negcur/>
    <cen>1</cen>
    <img/>
    <audio/>
  </objeto>
  <objeto>
    <ref>61</ref>
    <texto>Diez
Mandamientos</texto>
    <hijos/>
    <padre>51</padre>
    <siz>0</siz>
    <negcur>00000000000000000</negcur>
    <cen>1</cen>
    <img/>
    <audio/>
  </objeto>
  <objeto>
    <ref>52</ref>
    <texto/>
    <hijos>62</hijos>
    <padre>44</padre>
    <siz>0</siz>
    <negcur/>
    <cen>1</cen>
    <img/>
    <audio/>
  </objeto>
  <objeto>
    <ref>62</ref>
    <texto>Libro de los
muertos</texto>
    <hijos/>
    <padre>52</padre>
    <siz>0</siz>
    <negcur>00000000000000000000</negcur>
    <cen>1</cen>
    <img/>
    <audio/>
  </objeto>
  <objeto>
    <ref>53</ref>
    <texto/>
    <hijos>63</hijos>
    <padre>45</padre>
    <siz>0</siz>
    <negcur/>
    <cen>1</cen>
    <img/>
    <audio/>
  </objeto>
  <objeto>
    <ref>63</ref>
    <texto>Taoísmo,
Confucianismo,
Código penal</texto>
    <hijos/>
    <padre>53</padre>
    <siz>0</siz>
    <negcur>000000000000000000000000000000000000</negcur>
    <cen>1</cen>
    <img/>
    <audio/>
  </objeto>
  <objeto>
    <ref>54</ref>
    <texto/>
    <hijos>64</hijos>
    <padre>46</padre>
    <siz>0</siz>
    <negcur/>
    <cen>1</cen>
    <img/>
    <audio/>
  </objeto>
  <objeto>
    <ref>64</ref>
    <texto>Budismo,
Código de Manú</texto>
    <hijos/>
    <padre>54</padre>
    <siz>0</siz>
    <negcur>00000000000000000000000</negcur>
    <cen>1</cen>
    <img/>
    <audio/>
  </objeto>
  <objeto>
    <ref>55</ref>
    <texto/>
    <hijos>65</hijos>
    <padre>47</padre>
    <siz>0</siz>
    <negcur/>
    <cen>1</cen>
    <img/>
    <audio/>
  </objeto>
  <objeto>
    <ref>65</ref>
    <texto>Leyes de Dracón,
Constitución de
Solón, Reformas
de Pericles</texto>
    <hijos/>
    <padre>55</padre>
    <siz>0</siz>
    <negcur>000000000000000000000000000000000000000000000000000000000000</negcur>
    <cen>1</cen>
    <img/>
    <audio/>
  </objeto>
  <objeto>
    <ref>56</ref>
    <texto/>
    <hijos>66</hijos>
    <padre>48</padre>
    <siz>0</siz>
    <negcur/>
    <cen>1</cen>
    <img/>
    <audio/>
  </objeto>
  <objeto>
    <ref>66</ref>
    <texto>Ley de las XII
Tablas, Código
de Justiniano</texto>
    <hijos/>
    <padre>56</padre>
    <siz>0</siz>
    <negcur>0000000000000000000000000000000000000000000</negcur>
    <cen>1</cen>
    <img/>
    <audio/>
  </objeto>
  <objeto>
    <ref>49</ref>
    <texto>civilización
maya</texto>
    <hijos>58</hijos>
    <padre>30</padre>
    <siz>0</siz>
    <negcur>00000000000000000</negcur>
    <cen>1</cen>
    <img/>
    <audio/>
  </objeto>
  <objeto>
    <ref>4A</ref>
    <texto>civilización
inca</texto>
    <hijos>59</hijos>
    <padre>30</padre>
    <siz>0</siz>
    <negcur>00000000000000000</negcur>
    <cen>1</cen>
    <img/>
    <audio/>
  </objeto>
  <objeto>
    <ref>4B</ref>
    <texto>civilización
muisca</texto>
    <hijos>5A</hijos>
    <padre>30</padre>
    <siz>0</siz>
    <negcur>0000000000000000000</negcur>
    <cen>1</cen>
    <img/>
    <audio/>
  </objeto>
  <objeto>
    <ref>4C</ref>
    <texto>civilización
tairona</texto>
    <hijos>5B</hijos>
    <padre>30</padre>
    <siz>0</siz>
    <negcur>00000000000000000000</negcur>
    <cen>1</cen>
    <img/>
    <audio/>
  </objeto>
  <objeto>
    <ref>57</ref>
    <texto/>
    <hijos>67</hijos>
    <padre>40</padre>
    <siz>0</siz>
    <negcur/>
    <cen>1</cen>
    <img/>
    <audio/>
  </objeto>
  <objeto>
    <ref>67</ref>
    <texto>- Leyes del Numa,
  Leyes de
  Nezahualcóyotl,
- Códices: Mendocino,
  Quinatzin, Florentino</texto>
    <hijos/>
    <padre>57</padre>
    <siz>0</siz>
    <negcur>00000000000000000000000000000000000000000000000000000000000000000000000000000000000000000000</negcur>
    <cen>0</cen>
    <img/>
    <audio/>
  </objeto>
  <objeto>
    <ref>58</ref>
    <texto/>
    <hijos>68</hijos>
    <padre>49</padre>
    <siz>0</siz>
    <negcur/>
    <cen>1</cen>
    <img/>
    <audio/>
  </objeto>
  <objeto>
    <ref>68</ref>
    <texto>Popol Vuh</texto>
    <hijos/>
    <padre>58</padre>
    <siz>0</siz>
    <negcur>000000000</negcur>
    <cen>1</cen>
    <img/>
    <audio/>
  </objeto>
  <objeto>
    <ref>59</ref>
    <texto/>
    <hijos>69</hijos>
    <padre>4A</padre>
    <siz>0</siz>
    <negcur/>
    <cen>1</cen>
    <img/>
    <audio/>
  </objeto>
  <objeto>
    <ref>69</ref>
    <texto>Derecho
incaico</texto>
    <hijos/>
    <padre>59</padre>
    <siz>0</siz>
    <negcur>000000000000000</negcur>
    <cen>1</cen>
    <img/>
    <audio/>
  </objeto>
  <objeto>
    <ref>5A</ref>
    <texto/>
    <hijos>6A</hijos>
    <padre>4B</padre>
    <siz>0</siz>
    <negcur/>
    <cen>1</cen>
    <img/>
    <audio/>
  </objeto>
  <objeto>
    <ref>6A</ref>
    <texto>Código de
Nemequene</texto>
    <hijos/>
    <padre>5A</padre>
    <siz>0</siz>
    <negcur>0000000000000000000</negcur>
    <cen>1</cen>
    <img/>
    <audio/>
  </objeto>
  <objeto>
    <ref>5B</ref>
    <texto/>
    <hijos>6B</hijos>
    <padre>4C</padre>
    <siz>0</siz>
    <negcur/>
    <cen>1</cen>
    <img/>
    <audio/>
  </objeto>
  <objeto>
    <ref>6B</ref>
    <texto>normas
religiosas</texto>
    <hijos/>
    <padre>5B</padre>
    <siz>0</siz>
    <negcur>00000000000000000</negcur>
    <cen>1</cen>
    <img/>
    <audio/>
  </objeto>
</mapa>