﻿<?xml version="1.0" encoding="utf-8"?><motor tipo="5" clase="d" aprid="m5d">
  <plataforma>
    <grado><![CDATA[2]]></grado>
    <titulo>Conoce las leyes del Antiguo Egipto</titulo>
    <area>0</area>
    <nivel>1</nivel>
    <referencia/>
    <idreg><![CDATA[0]]></idreg>
    <motor><![CDATA[M5D]]></motor>
    <lang>es</lang>
  </plataforma>
  <enunciado><![CDATA[Contesta las siguientes preguntas sobre las leyes en el Antiguo Egipto. Puede haber más de una respuesta correcta.]]></enunciado>
  <masinfo inicio="0"/>
  <sinaleatoriedad><![CDATA[1]]></sinaleatoriedad>
  <calc><![CDATA[0]]></calc>
  <respuestaunica><![CDATA[0]]></respuestaunica>
  <test cantidad="6">
    <cuestion>
      <enunciado><![CDATA[El cuento del campesino elocuente se refiere a:]]></enunciado>
      <explicacion/>
      <texto><![CDATA[Un día el campesino llamado Junanpu, oriundo de un oasis situado a mitad de camino entre El Cairo y Alejandría, carga sus asnos con productos exóticos del oasis, para trocarlos por provisiones y se dirige a Heracleópolis. Pasa cerca de las propiedades de un hombre llamado Dyehutinajte. Este personaje es bastante ambicioso y quiere arrebatarle los asnos a Junanpu. Entonces urde una estratagema para poder quedarse con lo que le pertenecía al campesino. Dyehutinatje golpea al campesino, le amenaza con matarlo y le quita los asnos y sus cargas. El buen hombre se queda en la ciudad y pide al ladrón que le devuelva sus pertenencias, pero Dyehutinatje no lo hace. Junanpu va después a otra ciudad para pedir a Rensi que le ayude y Rensi le atiende debido a su elocuencia: el campesino expone todo lo que le ha pasado de una forma clara, elocuente. Junanpu es pues retenido para que cuente una y otra vez su petición, pero nadie le decía nada, al contrario, Rensi hasta llega a enviar a dos de sus guardias para azotarle, pero el campesino sigue con su petición, y clama por justicia. Junanpu censura la actitud de Rensi. Entonces Rensi manda otra vez a sus dos guardias para que visiten a Junanpu. Se recogen sus súplicas, se escriben en un papiro y se presentan al faraón. Se hace justicia y se le compensa al campesino con las confiscaciones que hacen de las propiedades del acusado a modo de compensación y además en premio por la defensa tan acertada que hizo él mismo de su caso.Adaptación de narraciones: {{cur}}El antiguo Egipto y la ley{{normal}}]]></texto>
      <respuestas>
        <respuesta contestacion="La falta de Justicia en el Antiguo Egipto." correcta="0"/>
        <respuesta contestacion="Un hombre sencillo que había sido tratado injustamente." correcta="1"/>
        <respuesta contestacion="La maldad y la ambición de Dyehutinajte." correcta="0"/>
        <respuesta contestacion="La injusticia del faraón." correcta="0"/>
      </respuestas>
    </cuestion>
    <cuestion>
      <enunciado><![CDATA[La justicia en el antiguo Egipto podía se caracterizaba por ser:]]></enunciado>
      <explicacion/>
      <texto><![CDATA[Sin embargo, hay que decir que la justicia que se hizo en el caso del campesino elocuente no era una constante durante el Reino Medio. Lo normal era que la condición social fuera bastante importante en el Antiguo Egipto, como en la mayoría de otras culturas antiguas, en las cuales siempre las personas carentes de recursos tenían desventajas. Lo importante es que cualquier persona tenía la posibilidad de ser “escuchada”, aunque también era una práctica habitual el soborno. En teoría, todos, y sobre todo los más humildes, podían obtener “justicia” pero en la práctica esto era difícil.La justicia era pues dura y arbitraria y cualquier persona humilde tenía serias razones para temer a la justicia y esperar poco de ella debido a los funcionarios provinciales y locales que ejecutaban las órdenes superiores. Adaptación de narraciones: {{cur}}El antiguo Egipto y la ley{{normal}}]]></texto>
      <respuestas>
        <respuesta contestacion="Aplicada a todas las personas por igual." correcta="0"/>
        <respuesta contestacion="Respetuosa de los Derechos Humanos." correcta="0"/>
        <respuesta contestacion="Arbitraria y fuerte." correcta="1"/>
        <respuesta contestacion="Dependía de la condición social." correcta="1"/>
      </respuestas>
    </cuestion>
    <cuestion>
      <enunciado><![CDATA[En el Antiguo Egipto los impuestos eran recaudados de manera obligatoria, su incumplimiento podría acarrear:]]></enunciado>
      <explicacion/>
      <texto><![CDATA[Los impuestos que debían pagar eran muy elevados y su recaudación obligatoria era debidamente registrada. Si no se cumplían los pagos, los campesinos recibían golpes con varas y bastones, así es que no había que descuidarse en la entrega de impuestos a los encargados de recogerlos. Este tema es frecuente en las pinturas de las tumbas del Reino Antiguo. Como es lógico, posiblemente la cuantía del castigo estaba relacionada con la cantidad que debería haber sido entregada por el sujeto. Realmente no queda claro si con el castigo se saldaba la deuda o no. Los castigos eran azotes o, a veces, mutilaciones.Al tener que abonarse las deudas en “especie” era bastante difícil para un simple campesino o artesano el pagar deudas elevadas. También podían pagarse las deudas prestando servicios públicos.Adaptación de narraciones: {{cur}}El antiguo Egipto y la ley{{normal}}]]></texto>
      <respuestas>
        <respuesta contestacion="Beneficios para los que pudieran pagarlos." correcta="0"/>
        <respuesta contestacion="Mutilaciones para todos los evasores o esclavos." correcta="0"/>
        <respuesta contestacion="Castigos físicos severos a los evasores." correcta="1"/>
        <respuesta contestacion="El exilio, como se observa en las pinturas." correcta="0"/>
      </respuestas>
    </cuestion>
    <cuestion>
      <enunciado><![CDATA[Uno de los castigos impartidos para los delitos más graves fue:]]></enunciado>
      <explicacion/>
      <texto><![CDATA[Los registros antiguos de los procesos judiciales que se encuentran en la ciudad egipcia de Deir el-Medina describen un procedimiento contra el robo y el asesinato. Ha habido muchos tipos diferentes de castigo por actos criminales. El robo se castigaba pagando el doble del costo de la mercancía. El castigo corporal ha sido utilizado por delitos como asalto. Algunos delincuentes fueron golpeados más de 100 veces. Para los delitos más graves como la violación el castigo era el exilio permanente. Trabajar en las minas y canteras fue común también para los crímenes de gobierno. Los asesinos eran castigados con la mutilación, podían ser quemados vivos o empalados en una estaca, o  morir por ahogamiento o decapitación. Los juicios se llevaban a cabo en los tribunales egipcios, con jueces reunidos por el propio faraón. Ambas partes presentaban testimonios y pruebas documentales. El acusado tenía que probar su inocencia, por lo que la carga de la prueba recaía sobre sus hombros.Adaptación de narraciones: {{cur}}El antiguo Egipto y la ley{{normal}}]]></texto>
      <respuestas>
        <respuesta contestacion="El exilio." correcta="1"/>
        <respuesta contestacion="El castigo corporal." correcta="0"/>
        <respuesta contestacion="La cárcel." correcta="0"/>
        <respuesta contestacion="La expropiación de bienes." correcta="0"/>
      </respuestas>
    </cuestion>
    <cuestion>
      <enunciado><![CDATA[¿Cuáles eran las pruebas fundamentales en los juicios del Antiguo Egipcio?]]></enunciado>
      <explicacion/>
      <texto><![CDATA[Los registros antiguos de los procesos judiciales que se encuentran en la ciudad egipcia de Deir el-Medina describen un procedimiento contra el robo y el asesinato. Ha habido muchos tipos diferentes de castigo por actos criminales. El robo se castigaba pagando el doble del costo de la mercancía. El castigo corporal ha sido utilizado por delitos como asalto. Algunos delincuentes fueron golpeados más de 100 veces. Para los delitos más graves como la violación el castigo era el exilio permanente. Trabajar en las minas y canteras fue común también para los crímenes de gobierno. Los asesinos eran castigados con la mutilación, podían ser quemados vivos o empalados en una estaca, o  morir por ahogamiento o decapitación. Los juicios se llevaban a cabo en los tribunales egipcios, con jueces reunidos por el propio faraón. Ambas partes presentaban testimonios y elementos documentales. El acusado tenía que probar su inocencia, por lo que la carga de la prueba recaía sobre sus hombros.Adaptación de narraciones: {{cur}}El antiguo Egipto y la ley{{normal}}]]></texto>
      <respuestas>
        <respuesta contestacion="Las presentadas por la víctima y el acusado." correcta="0"/>
        <respuesta contestacion="Las presentadas por el acusado para probar su inocencia." correcta="1"/>
        <respuesta contestacion="Las presentadas por la víctima." correcta="0"/>
        <respuesta contestacion="No se tenía en cuenta ninguna prueba." correcta="0"/>
      </respuestas>
    </cuestion>
    <cuestion>
      <enunciado><![CDATA[La convocatoria de los tribunales estaba en manos de:]]></enunciado>
      <explicacion/>
      <texto><![CDATA[Los registros antiguos de los procesos judiciales que se encuentran en la ciudad egipcia de Deir el-Medina describen un procedimiento contra el robo y el asesinato. Ha habido muchos tipos diferentes de castigo por actos criminales. El robo se castigaba pagando el doble del costo de la mercancía. El castigo corporal ha sido utilizado por delitos como asalto. Algunos delincuentes fueron golpeados más de 100 veces. Para los delitos más graves como la violación el castigo era el exilio permanente. Trabajar en las minas y canteras fue común también para los crímenes de gobierno. Los asesinos eran castigados con la mutilación, podían ser quemados vivos o empalados en una estaca, o  morir por ahogamiento o decapitación. Los juicios se llevaban a cabo en los tribunales egipcios, con jueces reunidos por el propio faraón. Ambas partes presentaban testimonios y pruebas documentales. El acusado tenía que probar su inocencia, por lo que la carga de la prueba recaía sobre sus hombros.Adaptación de narraciones: {{cur}}El antiguo Egipto y la ley{{normal}}]]></texto>
      <respuestas>
        <respuesta contestacion="Los gobernadores." correcta="0"/>
        <respuesta contestacion="Los esclavos" correcta="0"/>
        <respuesta contestacion="El faraón." correcta="1"/>
        <respuesta contestacion="Los jueces." correcta="0"/>
      </respuestas>
    </cuestion>
  </test>
  <temps>20</temps>
</motor>