﻿<?xml version="1.0" encoding="utf-8"?>
<?xml-stylesheet href="cuadernoestudio/dtd/libro.xslt" type="text/xsl"?>
<!DOCTYPE libro SYSTEM "cuadernoestudio/dtd/libro.dtd"[]>
<libro id="CS_11_03_CO">
  <libroTitulo>América Latina</libroTitulo>
  <seccion1 id="S1_CS_11_03_CO_716E44A7CC5B45348A516FDEBED7A830">
    <seccion1Titulo>El auge del neoliberalismo</seccion1Titulo>
    <seccion1Texto>
      <p>Aquí escribiré el párrafo de la sección</p>
      <p>Aquí va un PÁRRAFO</p>
      <imagen src="CS_11_03_CO_img_01_small.jpg">
        <p>Aquí escribiré el pie de foto</p>
      </imagen>
      <recuerda>
        <recuerdaTexto>
          <p>Aquí va un RECUERDA</p>
        </recuerdaTexto>
      </recuerda>
      <destacado>
        <destacadoTitulo>Aquí va el título de un DESTACADO</destacadoTitulo>
        <destacadoTexto>
          <p>Aquí va el texto de un DESTACADO</p>
        </destacadoTexto>
      </destacado>
      <profundiza>
        <enlace destino="/LoIdRedirect.aspx?LoId=CS_11_03_CO_Recurso010&amp;IdRecurso=RES-EDDE1B6EEB0B4F209A73A608518BE0D7">Recurso F10-01</enlace>
      </profundiza>
      <seccion2 id="S2_CS_11_03_CO_3BF7DF3BB66E481EA9A593EC30A10C40">
        <seccion2Titulo>¿Qué es el neoliberalismo?</seccion2Titulo>
        <seccion2Texto>
          <p>Aquí escribiré el párrafo de la sección</p>
          <p>Aquí va un PÁRRAFO</p>
          <imagen src="CS_11_03_CO_img_02_small.jpg">
            <p>Aquí escribiré el pie de foto</p>
          </imagen>
          <recuerda>
            <recuerdaTexto>
              <p>Aquí va un RECUERDA</p>
            </recuerdaTexto>
          </recuerda>
          <destacado>
            <destacadoTitulo>Aquí va el título de un DESTACADO</destacadoTitulo>
            <destacadoTexto>
              <p>Aquí va el texto de un DESTACADO</p>
            </destacadoTexto>
          </destacado>
        </seccion2Texto>
      </seccion2>
      <seccion2 id="S2_CS_11_03_CO_2245A99F26BA4CC0BE44FC87E7874442">
        <seccion2Titulo>¿Dónde se originó el neoliberalismo?</seccion2Titulo>
        <seccion2Texto>
          <p>Aquí escribiré el párrafo de la sección</p>
          <p>Aquí va un PÁRRAFO</p>
          <imagen src="CS_11_03_CO_img_03_small.jpg">
            <p>Aquí escribiré el pie de foto</p>
          </imagen>
          <recuerda>
            <recuerdaTexto>
              <p>Aquí va un RECUERDA</p>
            </recuerdaTexto>
          </recuerda>
          <destacado>
            <destacadoTitulo>Aquí va el título de un DESTACADO</destacadoTitulo>
            <destacadoTexto>
              <p>Aquí va el texto de un DESTACADO</p>
            </destacadoTexto>
          </destacado>
          <seccion3 id="S3_CS_11_03_CO_C94E27F3B8C2444CA6348AC65BD6389D">
            <seccion3Titulo>La Dictadura chilena de Pinochet y los Chicago Boys</seccion3Titulo>
            <seccion3Texto>
              <p>Aquí escribiré el párrafo de la sección</p>
              <p>Aquí va un PÁRRAFO</p>
              <imagen src="CS_11_03_CO_img_04_small.jpg">
                <p>Aquí escribiré el pie de foto</p>
              </imagen>
              <recuerda>
                <recuerdaTexto>
                  <p>Aquí va un RECUERDA</p>
                </recuerdaTexto>
              </recuerda>
              <destacado>
                <destacadoTitulo>Aquí va el título de un DESTACADO</destacadoTitulo>
                <destacadoTexto>
                  <p>Aquí va el texto de un DESTACADO</p>
                </destacadoTexto>
              </destacado>
              <practica>
                <enlace destino="/LoIdRedirect.aspx?LoId=CS_11_03_CO_Recurso020&amp;IdRecurso=RES-1E103B235FA34455847DE5823C79F5AC">Recurso M102AB-01</enlace>
              </practica>
              <p>Aquí va un PÁRRAFO</p>
              <imagen src="CS_11_03_CO_img_05_small.jpg">
                <p>Aquí escribiré el pie de foto</p>
              </imagen>
              <recuerda>
                <recuerdaTexto>
                  <p>Aquí va un RECUERDA</p>
                </recuerdaTexto>
              </recuerda>
              <destacado>
                <destacadoTitulo>Aquí va el título de un DESTACADO</destacadoTitulo>
                <destacadoTexto>
                  <p>Aquí va el texto de un DESTACADO</p>
                </destacadoTexto>
              </destacado>
            </seccion3Texto>
          </seccion3>
          <seccion3 id="S3_CS_11_03_CO_89F9AA228B5943B1993189FB8A87FA92">
            <seccion3Titulo>Los años ochenta, la década perdida</seccion3Titulo>
            <seccion3Texto>
              <p>Aquí escribiré el párrafo de la sección</p>
              <p>Aquí va un PÁRRAFO</p>
              <imagen src="CS_11_03_CO_img_06_small.jpg">
                <p>Aquí escribiré el pie de foto</p>
              </imagen>
              <recuerda>
                <recuerdaTexto>
                  <p>Aquí va un RECUERDA</p>
                </recuerdaTexto>
              </recuerda>
              <destacado>
                <destacadoTitulo>Aquí va el título de un DESTACADO</destacadoTitulo>
                <destacadoTexto>
                  <p>Aquí va el texto de un DESTACADO</p>
                </destacadoTexto>
              </destacado>
              <practica>
                <enlace destino="/LoIdRedirect.aspx?LoId=CS_11_03_CO_Recurso040&amp;IdRecurso=RES-E3BD42FE0BB24FF98841D83E1F7B835B">Recurso M10A-01</enlace>
              </practica>
            </seccion3Texto>
          </seccion3>
        </seccion2Texto>
      </seccion2>
      <seccion2 id="S2_CS_11_03_CO_BD9E1EA5925544E19C939362A9202F48">
        <seccion2Titulo>Corrientes políticas en Latinoamérica</seccion2Titulo>
        <seccion2Texto>
          <p>Aquí escribiré el párrafo de la sección</p>
          <p>Aquí va un PÁRRAFO</p>
          <imagen src="CS_11_03_CO_img_07_small.jpg">
            <p>Aquí escribiré el pie de foto</p>
          </imagen>
          <recuerda>
            <recuerdaTexto>
              <p>Aquí va un RECUERDA</p>
            </recuerdaTexto>
          </recuerda>
          <destacado>
            <destacadoTitulo>Aquí va el título de un DESTACADO</destacadoTitulo>
            <destacadoTexto>
              <p>Aquí va el texto de un DESTACADO</p>
            </destacadoTexto>
          </destacado>
        </seccion2Texto>
      </seccion2>
      <seccion2 id="S2_CS_11_03_CO_23C0B3C2EA5942B8932E26C65B98DB25">
        <seccion2Titulo>Consolidación</seccion2Titulo>
        <seccion2Texto>
          <p>Aquí escribiré el párrafo de la sección</p>
          <p>Aquí va un PÁRRAFO</p>
          <imagen src="CS_11_03_CO_img_08_small.jpg">
            <p>Aquí escribiré el pie de foto</p>
          </imagen>
          <recuerda>
            <recuerdaTexto>
              <p>Aquí va un RECUERDA</p>
            </recuerdaTexto>
          </recuerda>
          <destacado>
            <destacadoTitulo>Aquí va el título de un DESTACADO</destacadoTitulo>
            <destacadoTexto>
              <p>Aquí va el texto de un DESTACADO</p>
            </destacadoTexto>
          </destacado>
          <practica>
            <enlace destino="/LoIdRedirect.aspx?LoId=CS_11_03_CO_Recurso050&amp;IdRecurso=RES-FFD0FC26AB8D4F44977E870023E3F629">Recurso M101A-01</enlace>
          </practica>
        </seccion2Texto>
      </seccion2>
    </seccion1Texto>
  </seccion1>
  <seccion1 id="S1_CS_11_03_CO_23F2B50321644E4CA4E7E21295A78DC3">
    <seccion1Titulo>La nueva izquierda latinoamericana</seccion1Titulo>
    <seccion1Texto>
      <p>Aquí escribiré el párrafo de la sección</p>
      <p>Aquí va un PÁRRAFO</p>
      <imagen src="CS_11_03_CO_img_09_small.jpg">
        <p>Aquí escribiré el pie de foto</p>
      </imagen>
      <recuerda>
        <recuerdaTexto>
          <p>Aquí va un RECUERDA</p>
        </recuerdaTexto>
      </recuerda>
      <destacado>
        <destacadoTitulo>Aquí va el título de un DESTACADO</destacadoTitulo>
        <destacadoTexto>
          <p>Aquí va el texto de un DESTACADO</p>
        </destacadoTexto>
      </destacado>
      <profundiza>
        <enlace destino="/LoIdRedirect.aspx?LoId=CS_11_03_CO_Recurso060&amp;IdRecurso=RES-72785E854AE44186A53706E465B7B353">Recurso F4-01</enlace>
      </profundiza>
      <seccion2 id="S2_CS_11_03_CO_FFE0D22126DC461FBF9B8FE62518DBF5">
        <seccion2Titulo>Hugo Chávez y la Revolución Bolivariana en Venezuela</seccion2Titulo>
        <seccion2Texto>
          <p>Aquí escribiré el párrafo de la sección</p>
          <p>Aquí va un PÁRRAFO</p>
          <imagen src="CS_11_03_CO_img_10_small.jpg">
            <p>Aquí escribiré el pie de foto</p>
          </imagen>
          <recuerda>
            <recuerdaTexto>
              <p>Aquí va un RECUERDA</p>
            </recuerdaTexto>
          </recuerda>
          <destacado>
            <destacadoTitulo>Aquí va el título de un DESTACADO</destacadoTitulo>
            <destacadoTexto>
              <p>Aquí va el texto de un DESTACADO</p>
            </destacadoTexto>
          </destacado>
          <practica>
            <enlace destino="/LoIdRedirect.aspx?LoId=CS_11_03_CO_Recurso070&amp;IdRecurso=RES-FA00D5BB07424F50A20C47D4BDAF7B5A">Recurso M4A-01</enlace>
          </practica>
        </seccion2Texto>
      </seccion2>
      <seccion2 id="S2_CS_11_03_CO_0330FF2D59EE47758EAB0B28A0EE6FD5">
        <seccion2Titulo>‘Lula’ da Silva, un obrero en la presidencia de Brasil</seccion2Titulo>
        <seccion2Texto>
          <p>Aquí escribiré el párrafo de la sección</p>
          <p>Aquí va un PÁRRAFO</p>
          <imagen src="CS_11_03_CO_img_11_small.jpg">
            <p>Aquí escribiré el pie de foto</p>
          </imagen>
          <recuerda>
            <recuerdaTexto>
              <p>Aquí va un RECUERDA</p>
            </recuerdaTexto>
          </recuerda>
          <destacado>
            <destacadoTitulo>Aquí va el título de un DESTACADO</destacadoTitulo>
            <destacadoTexto>
              <p>Aquí va el texto de un DESTACADO</p>
            </destacadoTexto>
          </destacado>
        </seccion2Texto>
      </seccion2>
      <seccion2 id="S2_CS_11_03_CO_9969A1DDE10B4ADDA155498978D2CD73">
        <seccion2Titulo>Nicaragua, el fin de una larga dictadura</seccion2Titulo>
        <seccion2Texto>
          <p>Aquí escribiré el párrafo de la sección</p>
          <p>Aquí va un PÁRRAFO</p>
          <imagen src="CS_11_03_CO_img_12_small.jpg">
            <p>Aquí escribiré el pie de foto</p>
          </imagen>
          <recuerda>
            <recuerdaTexto>
              <p>Aquí va un RECUERDA</p>
            </recuerdaTexto>
          </recuerda>
          <destacado>
            <destacadoTitulo>Aquí va el título de un DESTACADO</destacadoTitulo>
            <destacadoTexto>
              <p>Aquí va el texto de un DESTACADO</p>
            </destacadoTexto>
          </destacado>
          <practica>
            <enlace destino="/LoIdRedirect.aspx?LoId=CS_11_03_CO_Recurso090&amp;IdRecurso=RES-DE7E86C105F7466682A8E07965B59ED2">Recurso M5A-01</enlace>
          </practica>
        </seccion2Texto>
      </seccion2>
      <seccion2 id="S2_CS_11_03_CO_6C5FC3FC81014BC09074BF9FFB48D862">
        <seccion2Titulo>El EZLN en México enfrenta a un gobierno de derecha</seccion2Titulo>
        <seccion2Texto>
          <p>Aquí escribiré el párrafo de la sección</p>
          <p>Aquí va un PÁRRAFO</p>
          <imagen src="CS_11_03_CO_img_13_small.jpg">
            <p>Aquí escribiré el pie de foto</p>
          </imagen>
          <recuerda>
            <recuerdaTexto>
              <p>Aquí va un RECUERDA</p>
            </recuerdaTexto>
          </recuerda>
          <destacado>
            <destacadoTitulo>Aquí va el título de un DESTACADO</destacadoTitulo>
            <destacadoTexto>
              <p>Aquí va el texto de un DESTACADO</p>
            </destacadoTexto>
          </destacado>
          <seccion3 id="S3_CS_11_03_CO_4F45D2ACCA6C498BA941DD14B2734A33">
            <seccion3Titulo>2.4.1 El PRI</seccion3Titulo>
            <seccion3Texto>
              <p>Aquí escribiré el párrafo de la sección</p>
              <p>Aquí va un PÁRRAFO</p>
              <imagen src="CS_11_03_CO_img_14_small.jpg">
                <p>Aquí escribiré el pie de foto</p>
              </imagen>
              <recuerda>
                <recuerdaTexto>
                  <p>Aquí va un RECUERDA</p>
                </recuerdaTexto>
              </recuerda>
              <destacado>
                <destacadoTitulo>Aquí va el título de un DESTACADO</destacadoTitulo>
                <destacadoTexto>
                  <p>Aquí va el texto de un DESTACADO</p>
                </destacadoTexto>
              </destacado>
            </seccion3Texto>
          </seccion3>
          <seccion3 id="S3_CS_11_03_CO_0F5F15D1887B408BA6660DEBECF28BC4">
            <seccion3Titulo>2.4.2 El EZLN</seccion3Titulo>
            <seccion3Texto>
              <p>Aquí escribiré el párrafo de la sección</p>
              <p>Aquí va un PÁRRAFO</p>
              <imagen src="CS_11_03_CO_img_15_small.jpg">
                <p>Aquí escribiré el pie de foto</p>
              </imagen>
              <recuerda>
                <recuerdaTexto>
                  <p>Aquí va un RECUERDA</p>
                </recuerdaTexto>
              </recuerda>
              <destacado>
                <destacadoTitulo>Aquí va el título de un DESTACADO</destacadoTitulo>
                <destacadoTexto>
                  <p>Aquí va el texto de un DESTACADO</p>
                </destacadoTexto>
              </destacado>
              <practica>
                <enlace destino="/LoIdRedirect.aspx?LoId=CS_11_03_CO_Recurso100&amp;IdRecurso=RES-45313E8191BD40C68F3462B95A69E97D">Recurso M5D-02</enlace>
              </practica>
            </seccion3Texto>
          </seccion3>
          <p>Aquí va un PÁRRAFO</p>
          <imagen src="CS_11_03_CO_img_16_small.jpg">
            <p>Aquí escribiré el pie de foto</p>
          </imagen>
          <recuerda>
            <recuerdaTexto>
              <p>Aquí va un RECUERDA</p>
            </recuerdaTexto>
          </recuerda>
          <destacado>
            <destacadoTitulo>Aquí va el título de un DESTACADO</destacadoTitulo>
            <destacadoTexto>
              <p>Aquí va el texto de un DESTACADO</p>
            </destacadoTexto>
          </destacado>
          <practica>
            <enlace destino="/LoIdRedirect.aspx?LoId=CS_11_03_CO_Recurso110&amp;IdRecurso=RES-B73F5517F04F496CA9EBE0C2E3573103">Recurso M101A-02</enlace>
          </practica>
        </seccion2Texto>
      </seccion2>
    </seccion1Texto>
  </seccion1>
  <seccion1 id="S1_CS_11_03_CO_019F6A752F3D4E208AAE6960576B5E08">
    <seccion1Titulo>El desencanto con la idea de desarrollo: el buen vivir</seccion1Titulo>
    <seccion1Texto>
      <p>Aquí escribiré el párrafo de la sección</p>
      <p>Aquí va un PÁRRAFO</p>
      <imagen src="CS_11_03_CO_img_17_small.jpg">
        <p>Aquí escribiré el pie de foto</p>
      </imagen>
      <recuerda>
        <recuerdaTexto>
          <p>Aquí va un RECUERDA</p>
        </recuerdaTexto>
      </recuerda>
      <destacado>
        <destacadoTitulo>Aquí va el título de un DESTACADO</destacadoTitulo>
        <destacadoTexto>
          <p>Aquí va el texto de un DESTACADO</p>
        </destacadoTexto>
      </destacado>
      <profundiza>
        <enlace destino="/LoIdRedirect.aspx?LoId=CS_11_03_CO_Recurso120&amp;IdRecurso=RES-9ECB7BE276CB4ED081761C3927804FF0">Recurso F10B-01</enlace>
      </profundiza>
      <seccion2 id="S2_CS_11_03_CO_E785A6DE5DEA4A1C8AB929D6469B37B8">
        <seccion2Titulo>La idea de Desarrollo</seccion2Titulo>
        <seccion2Texto>
          <p>Aquí escribiré el párrafo de la sección</p>
          <p>Aquí va un PÁRRAFO</p>
          <imagen src="CS_11_03_CO_img_18_small.jpg">
            <p>Aquí escribiré el pie de foto</p>
          </imagen>
          <recuerda>
            <recuerdaTexto>
              <p>Aquí va un RECUERDA</p>
            </recuerdaTexto>
          </recuerda>
          <destacado>
            <destacadoTitulo>Aquí va el título de un DESTACADO</destacadoTitulo>
            <destacadoTexto>
              <p>Aquí va el texto de un DESTACADO</p>
            </destacadoTexto>
          </destacado>
        </seccion2Texto>
      </seccion2>
      <seccion2 id="S2_CS_11_03_CO_555D472F4C5E4ADE8EA45C896C7EE339">
        <seccion2Titulo>El Buen Vivir</seccion2Titulo>
        <seccion2Texto>
          <p>Aquí escribiré el párrafo de la sección</p>
          <p>Aquí va un PÁRRAFO</p>
          <imagen src="CS_11_03_CO_img_19_small.jpg">
            <p>Aquí escribiré el pie de foto</p>
          </imagen>
          <recuerda>
            <recuerdaTexto>
              <p>Aquí va un RECUERDA</p>
            </recuerdaTexto>
          </recuerda>
          <destacado>
            <destacadoTitulo>Aquí va el título de un DESTACADO</destacadoTitulo>
            <destacadoTexto>
              <p>Aquí va el texto de un DESTACADO</p>
            </destacadoTexto>
          </destacado>
          <profundiza>
            <enlace destino="/LoIdRedirect.aspx?LoId=CS_11_03_CO_Recurso130&amp;IdRecurso=RES-53CA572626D84EFDB3870FC996A1AD4A">Recurso F6-01</enlace>
          </profundiza>
        </seccion2Texto>
      </seccion2>
      <seccion2 id="S2_CS_11_03_CO_828F006DBED74F2CBA68BBC9BFAEE971">
        <seccion2Titulo>Evo Morales, un indígena asume el poder en Bolivia</seccion2Titulo>
        <seccion2Texto>
          <p>Aquí escribiré el párrafo de la sección</p>
          <p>Aquí va un PÁRRAFO</p>
          <imagen src="CS_11_03_CO_img_20_small.jpg">
            <p>Aquí escribiré el pie de foto</p>
          </imagen>
          <recuerda>
            <recuerdaTexto>
              <p>Aquí va un RECUERDA</p>
            </recuerdaTexto>
          </recuerda>
          <destacado>
            <destacadoTitulo>Aquí va el título de un DESTACADO</destacadoTitulo>
            <destacadoTexto>
              <p>Aquí va el texto de un DESTACADO</p>
            </destacadoTexto>
          </destacado>
          <practica>
            <enlace destino="/LoIdRedirect.aspx?LoId=CS_11_03_CO_Recurso140&amp;IdRecurso=RES-09E27B97EB9B4D48A2729EB8338D4994">Recurso M12D-01</enlace>
          </practica>
        </seccion2Texto>
      </seccion2>
      <seccion2 id="S2_CS_11_03_CO_2B1090F5C4DC46DB893E40444E63AF5D">
        <seccion2Titulo>Rafael Correa y la Revolución Ciudadana en Ecuador</seccion2Titulo>
        <seccion2Texto>
          <p>Aquí escribiré el párrafo de la sección</p>
          <p>Aquí va un PÁRRAFO</p>
          <imagen src="CS_11_03_CO_img_21_small.jpg">
            <p>Aquí escribiré el pie de foto</p>
          </imagen>
          <recuerda>
            <recuerdaTexto>
              <p>Aquí va un RECUERDA</p>
            </recuerdaTexto>
          </recuerda>
          <destacado>
            <destacadoTitulo>Aquí va el título de un DESTACADO</destacadoTitulo>
            <destacadoTexto>
              <p>Aquí va el texto de un DESTACADO</p>
            </destacadoTexto>
          </destacado>
          <p>Aquí va un PÁRRAFO</p>
          <imagen src="CS_11_03_CO_img_22_small.jpg">
            <p>Aquí escribiré el pie de foto</p>
          </imagen>
          <recuerda>
            <recuerdaTexto>
              <p>Aquí va un RECUERDA</p>
            </recuerdaTexto>
          </recuerda>
          <destacado>
            <destacadoTitulo>Aquí va el título de un DESTACADO</destacadoTitulo>
            <destacadoTexto>
              <p>Aquí va el texto de un DESTACADO</p>
            </destacadoTexto>
          </destacado>
          <practica>
            <enlace destino="/LoIdRedirect.aspx?LoId=CS_11_03_CO_Recurso160&amp;IdRecurso=RES-E45DA7AE38B6469491F67F21A86B8AB8">Recurso M101A-03</enlace>
          </practica>
        </seccion2Texto>
      </seccion2>
    </seccion1Texto>
  </seccion1>
  <seccion1 id="S1_CS_11_03_CO_3536DBA5F0324582A1FA185CCC73213D">
    <seccion1Titulo>Los gobiernos de centro-izquierda</seccion1Titulo>
    <seccion1Texto>
      <p>Aquí escribiré el párrafo de la sección</p>
      <p>Aquí va un PÁRRAFO</p>
      <imagen src="CS_11_03_CO_img_23_small.jpg">
        <p>Aquí escribiré el pie de foto</p>
      </imagen>
      <recuerda>
        <recuerdaTexto>
          <p>Aquí va un RECUERDA</p>
        </recuerdaTexto>
      </recuerda>
      <destacado>
        <destacadoTitulo>Aquí va el título de un DESTACADO</destacadoTitulo>
        <destacadoTexto>
          <p>Aquí va el texto de un DESTACADO</p>
        </destacadoTexto>
      </destacado>
      <profundiza>
        <enlace destino="/LoIdRedirect.aspx?LoId=CS_11_03_CO_Recurso170&amp;IdRecurso=RES-DD847BE8F2BC42DD896F3C8C6514957C">Diaporama F1-01</enlace>
      </profundiza>
      <seccion2 id="S2_CS_11_03_CO_77CF900E5E124114B9E9B29140A5305F">
        <seccion2Titulo>Argentina, de la crisis del “Corralito” a las políticas de centro-izquierda</seccion2Titulo>
        <seccion2Texto>
          <p>Aquí escribiré el párrafo de la sección</p>
          <p>Aquí va un PÁRRAFO</p>
          <imagen src="CS_11_03_CO_img_24_small.jpg">
            <p>Aquí escribiré el pie de foto</p>
          </imagen>
          <recuerda>
            <recuerdaTexto>
              <p>Aquí va un RECUERDA</p>
            </recuerdaTexto>
          </recuerda>
          <destacado>
            <destacadoTitulo>Aquí va el título de un DESTACADO</destacadoTitulo>
            <destacadoTexto>
              <p>Aquí va el texto de un DESTACADO</p>
            </destacadoTexto>
          </destacado>
          <seccion3 id="S3_CS_11_03_CO_F8AA58B5D7F64C0A864399E4A0E1C5A2">
            <seccion3Titulo>Causas de la crisis económica argentina 1999-2002</seccion3Titulo>
            <seccion3Texto>
              <p>Aquí escribiré el párrafo de la sección</p>
              <p>Aquí va un PÁRRAFO</p>
              <imagen src="CS_11_03_CO_img_25_small.jpg">
                <p>Aquí escribiré el pie de foto</p>
              </imagen>
              <recuerda>
                <recuerdaTexto>
                  <p>Aquí va un RECUERDA</p>
                </recuerdaTexto>
              </recuerda>
              <destacado>
                <destacadoTitulo>Aquí va el título de un DESTACADO</destacadoTitulo>
                <destacadoTexto>
                  <p>Aquí va el texto de un DESTACADO</p>
                </destacadoTexto>
              </destacado>
              <practica>
                <enlace destino="/LoIdRedirect.aspx?LoId=CS_11_03_CO_Recurso180&amp;IdRecurso=RES-A6CA5027E6544749B79B1FF6D066CBD4">Recurso M4A-02</enlace>
              </practica>
            </seccion3Texto>
          </seccion3>
          <seccion3 id="S3_CS_11_03_CO_AE831EB0B297474AB52546EFEA5DAEC3">
            <seccion3Titulo>La centro-izquierda de los Kirchner</seccion3Titulo>
            <seccion3Texto>
              <p>Aquí escribiré el párrafo de la sección</p>
              <p>Aquí va un PÁRRAFO</p>
              <imagen src="CS_11_03_CO_img_26_small.jpg">
                <p>Aquí escribiré el pie de foto</p>
              </imagen>
              <recuerda>
                <recuerdaTexto>
                  <p>Aquí va un RECUERDA</p>
                </recuerdaTexto>
              </recuerda>
              <destacado>
                <destacadoTitulo>Aquí va el título de un DESTACADO</destacadoTitulo>
                <destacadoTexto>
                  <p>Aquí va el texto de un DESTACADO</p>
                </destacadoTexto>
              </destacado>
              <practica>
                <enlace destino="/LoIdRedirect.aspx?LoId=CS_11_03_CO_Recurso190&amp;IdRecurso=RES-0BC507B6BE374E638B78101C9BE53525">Recurso M1C-01</enlace>
              </practica>
            </seccion3Texto>
          </seccion3>
        </seccion2Texto>
      </seccion2>
      <seccion2 id="S2_CS_11_03_CO_386B2D60C84B4636BA1DB2417F7F2902">
        <seccion2Titulo>Chile, propuestas socialistas en el modelo neoliberal</seccion2Titulo>
        <seccion2Texto>
          <p>Aquí escribiré el párrafo de la sección</p>
          <p>Aquí va un PÁRRAFO</p>
          <imagen src="CS_11_03_CO_img_27_small.jpg">
            <p>Aquí escribiré el pie de foto</p>
          </imagen>
          <recuerda>
            <recuerdaTexto>
              <p>Aquí va un RECUERDA</p>
            </recuerdaTexto>
          </recuerda>
          <destacado>
            <destacadoTitulo>Aquí va el título de un DESTACADO</destacadoTitulo>
            <destacadoTexto>
              <p>Aquí va el texto de un DESTACADO</p>
            </destacadoTexto>
          </destacado>
          <practica>
            <enlace destino="/LoIdRedirect.aspx?LoId=CS_11_03_CO_Recurso200&amp;IdRecurso=RES-7192AB65344E4CF09F21AAFDE3B46543">Recurso M2A-01</enlace>
          </practica>
        </seccion2Texto>
      </seccion2>
      <seccion2 id="S2_CS_11_03_CO_6DC243CAE5A04C63BFC7B56906EB8E5B">
        <seccion2Titulo>Uruguay sorprende al mundo</seccion2Titulo>
        <seccion2Texto>
          <p>Aquí escribiré el párrafo de la sección</p>
          <p>Aquí va un PÁRRAFO</p>
          <imagen src="CS_11_03_CO_img_28_small.jpg">
            <p>Aquí escribiré el pie de foto</p>
          </imagen>
          <recuerda>
            <recuerdaTexto>
              <p>Aquí va un RECUERDA</p>
            </recuerdaTexto>
          </recuerda>
          <destacado>
            <destacadoTitulo>Aquí va el título de un DESTACADO</destacadoTitulo>
            <destacadoTexto>
              <p>Aquí va el texto de un DESTACADO</p>
            </destacadoTexto>
          </destacado>
          <practica>
            <enlace destino="/LoIdRedirect.aspx?LoId=CS_11_03_CO_Recurso210&amp;IdRecurso=RES-29C806586B4F4A3EAB19107BE8006582">Recurso M5D-04</enlace>
          </practica>
        </seccion2Texto>
      </seccion2>
      <seccion2 id="S2_CS_11_03_CO_B0433849E2B443289D8475D643484C7B">
        <seccion2Titulo>En Paraguay se hace frente a la oligarquía tradicional</seccion2Titulo>
        <seccion2Texto>
          <p>Aquí escribiré el párrafo de la sección</p>
          <p>Aquí va un PÁRRAFO</p>
          <imagen src="CS_11_03_CO_img_29_small.jpg">
            <p>Aquí escribiré el pie de foto</p>
          </imagen>
          <recuerda>
            <recuerdaTexto>
              <p>Aquí va un RECUERDA</p>
            </recuerdaTexto>
          </recuerda>
          <destacado>
            <destacadoTitulo>Aquí va el título de un DESTACADO</destacadoTitulo>
            <destacadoTexto>
              <p>Aquí va el texto de un DESTACADO</p>
            </destacadoTexto>
          </destacado>
          <p>Aquí va un PÁRRAFO</p>
          <imagen src="CS_11_03_CO_img_30_small.jpg">
            <p>Aquí escribiré el pie de foto</p>
          </imagen>
          <recuerda>
            <recuerdaTexto>
              <p>Aquí va un RECUERDA</p>
            </recuerdaTexto>
          </recuerda>
          <destacado>
            <destacadoTitulo>Aquí va el título de un DESTACADO</destacadoTitulo>
            <destacadoTexto>
              <p>Aquí va el texto de un DESTACADO</p>
            </destacadoTexto>
          </destacado>
          <practica>
            <enlace destino="/LoIdRedirect.aspx?LoId=CS_11_03_CO_Recurso220&amp;IdRecurso=RES-AE8CADD7FD16433E9C499D416E23DF6B">Recurso M101A-04</enlace>
          </practica>
        </seccion2Texto>
      </seccion2>
    </seccion1Texto>
  </seccion1>
  <seccion1 id="S1_CS_11_03_CO_237C7539ED3341DF8F27C46316516BBE">
    <seccion1Titulo>Competencias</seccion1Titulo>
    <seccion1Texto>
      <p>Aquí escribiré el párrafo de la sección</p>
      <seccion2 id="S2_CS_11_03_CO_0B90EC01136E4E4AA1C75524BDCFE8CF">
        <seccion2Titulo>Competencias</seccion2Titulo>
        <seccion2Texto>
          <p>Aquí escribiré el párrafo de la sección</p>
          <p>Aquí va un PÁRRAFO</p>
          <imagen src="CS_11_03_CO_img_31_small.jpg">
            <p>Aquí escribiré el pie de foto</p>
          </imagen>
          <recuerda>
            <recuerdaTexto>
              <p>Aquí va un RECUERDA</p>
            </recuerdaTexto>
          </recuerda>
          <destacado>
            <destacadoTitulo>Aquí va el título de un DESTACADO</destacadoTitulo>
            <destacadoTexto>
              <p>Aquí va el texto de un DESTACADO</p>
            </destacadoTexto>
          </destacado>
          <practica>
            <enlace destino="/LoIdRedirect.aspx?LoId=CS_11_03_CO_Recurso230&amp;IdRecurso=RES-9B0ADC53C37C4478B0B4E223C8E5A735">Recurso M102AB-02</enlace>
          </practica>
        </seccion2Texto>
      </seccion2>
      <seccion2 id="S2_CS_11_03_CO_17067F851B5E44FCB2171A1130A7B08C">
        <seccion2Titulo>Proyecto</seccion2Titulo>
        <seccion2Texto>
          <p>Aquí escribiré el párrafo de la sección</p>
          <p>Aquí va un PÁRRAFO</p>
          <imagen src="CS_11_03_CO_img_32_small.jpg">
            <p>Aquí escribiré el pie de foto</p>
          </imagen>
          <recuerda>
            <recuerdaTexto>
              <p>Aquí va un RECUERDA</p>
            </recuerdaTexto>
          </recuerda>
          <destacado>
            <destacadoTitulo>Aquí va el título de un DESTACADO</destacadoTitulo>
            <destacadoTexto>
              <p>Aquí va el texto de un DESTACADO</p>
            </destacadoTexto>
          </destacado>
          <practica>
            <enlace destino="/LoIdRedirect.aspx?LoId=CS_11_03_CO_Recurso240&amp;IdRecurso=RES-1B67AF0FED7D4BEB83A2C429F2423DA2">Recurso F13-01</enlace>
          </practica>
        </seccion2Texto>
      </seccion2>
    </seccion1Texto>
  </seccion1>
  <masinformacion id="MI_CS_11_03_CO_89BA98D867FC4E9F84B08EB59ADC9F20">
    <mapaconceptual>
      <enlace destino="/LoIdRedirect.aspx?LoId=CS_11_03_CO_Recurso260&amp;IdRecurso=RES-8A5B779495A1448E8B69E098690C8A40">Mapa Conceptual</enlace>
    </mapaconceptual>
    <autoevaluate>
      <enlace destino="/LoIdRedirect.aspx?LoId=CS_11_03_CO_Recurso270&amp;IdRecurso=RES-9A0EEA5D008546A6AA418105EF35174E">Evaluación</enlace>
    </autoevaluate>
    <enlacesreferencia>
      <enlace destino="http://www.aulaplaneta.com">AulaPlaneta</enlace>
    </enlacesreferencia>
  </masinformacion>
</libro>