﻿<?xml version="1.0" encoding="utf-8"?>
<?xml-stylesheet href="cuadernoestudio/dtd/libro.xslt" type="text/xsl"?>
<!DOCTYPE libro SYSTEM "cuadernoestudio/dtd/libro.dtd"[]>
<libro id="CS_06_10_CO">
  <libroTitulo>El relieve y la hidrografía</libroTitulo>
  <seccion1 id="S1_CS_06_10_CO_EA6F79E3B2BF46C2BDAAA6E84B3383CC">
    <seccion1Titulo>La estructura de la Tierra</seccion1Titulo>
    <seccion1Texto>
      <p>Aquí escribiré el párrafo de la sección</p>
      <p>Aquí va un PÁRRAFO</p>
      <imagen src="CS_06_10_CO_img_01_small.jpg">
        <p>Aquí escribiré el pie de foto</p>
      </imagen>
      <recuerda>
        <recuerdaTexto>
          <p>Aquí va un RECUERDA</p>
        </recuerdaTexto>
      </recuerda>
      <destacado>
        <destacadoTitulo>Aquí va el título de un DESTACADO</destacadoTitulo>
        <destacadoTexto>
          <p>Aquí va el texto de un DESTACADO</p>
        </destacadoTexto>
      </destacado>
      <profundiza>
        <enlace destino="/LoIdRedirect.aspx?LoId=CS_06_10_CO_Recurso010&amp;IdRecurso=RES-9E0913783127470A86CE26DB5FB5F8A4">Recurso F4-04</enlace>
      </profundiza>
      <seccion2 id="S2_CS_06_10_CO_D7E26A150829475A88D15E21738E6530">
        <seccion2Titulo>Consolidación</seccion2Titulo>
        <seccion2Texto>
          <p>Aquí escribiré el párrafo de la sección</p>
          <p>Aquí va un PÁRRAFO</p>
          <imagen src="CS_06_10_CO_img_02_small.jpg">
            <p>Aquí escribiré el pie de foto</p>
          </imagen>
          <recuerda>
            <recuerdaTexto>
              <p>Aquí va un RECUERDA</p>
            </recuerdaTexto>
          </recuerda>
          <destacado>
            <destacadoTitulo>Aquí va el título de un DESTACADO</destacadoTitulo>
            <destacadoTexto>
              <p>Aquí va el texto de un DESTACADO</p>
            </destacadoTexto>
          </destacado>
          <practica>
            <enlace destino="/LoIdRedirect.aspx?LoId=CS_06_10_CO_Recurso020&amp;IdRecurso=RES-DDA73B38DB3441EBA8C0045283660A1C">Refuerza tu aprendizaje: La estructura de la Tierra</enlace>
          </practica>
          <p>Aquí va un PÁRRAFO</p>
          <imagen src="CS_06_10_CO_img_05_small.jpg">
            <p>Aquí escribiré el pie de foto</p>
          </imagen>
          <recuerda>
            <recuerdaTexto>
              <p>Aquí va un RECUERDA</p>
            </recuerdaTexto>
          </recuerda>
          <destacado>
            <destacadoTitulo>Aquí va el título de un DESTACADO</destacadoTitulo>
            <destacadoTexto>
              <p>Aquí va el texto de un DESTACADO</p>
            </destacadoTexto>
          </destacado>
          <practica>
            <enlace destino="/LoIdRedirect.aspx?LoId=CS_06_10_CO_Recurso050&amp;IdRecurso=RES-E79BC515C04947A197876242F79F7037">Refuerza tu aprendizaje: La formación de los continentes</enlace>
          </practica>
        </seccion2Texto>
      </seccion2>
    </seccion1Texto>
  </seccion1>
  <seccion1 id="S1_CS_06_10_CO_5DF8B14482FE470C83969FFE527445AD">
    <seccion1Titulo>La formación de los continentes</seccion1Titulo>
    <seccion1Texto>
      <p>Aquí escribiré el párrafo de la sección</p>
      <p>Aquí va un PÁRRAFO</p>
      <imagen src="CS_06_10_CO_img_03_small.jpg">
        <p>Aquí escribiré el pie de foto</p>
      </imagen>
      <recuerda>
        <recuerdaTexto>
          <p>Aquí va un RECUERDA</p>
        </recuerdaTexto>
      </recuerda>
      <destacado>
        <destacadoTitulo>Aquí va el título de un DESTACADO</destacadoTitulo>
        <destacadoTexto>
          <p>Aquí va el texto de un DESTACADO</p>
        </destacadoTexto>
      </destacado>
      <profundiza>
        <enlace destino="/LoIdRedirect.aspx?LoId=CS_06_10_CO_Recurso030&amp;IdRecurso=RES-C6C48F983A4F4464B5F20EC9A741D0DF">La formación de los continentes</enlace>
      </profundiza>
      <p>Aquí va un PÁRRAFO</p>
      <imagen src="CS_06_10_CO_img_04_small.jpg">
        <p>Aquí escribiré el pie de foto</p>
      </imagen>
      <recuerda>
        <recuerdaTexto>
          <p>Aquí va un RECUERDA</p>
        </recuerdaTexto>
      </recuerda>
      <destacado>
        <destacadoTitulo>Aquí va el título de un DESTACADO</destacadoTitulo>
        <destacadoTexto>
          <p>Aquí va el texto de un DESTACADO</p>
        </destacadoTexto>
      </destacado>
      <practica>
        <enlace destino="/LoIdRedirect.aspx?LoId=CS_06_10_CO_Recurso040&amp;IdRecurso=RES-BC7C302BF7484C2287CC6322ADAA3768">Identifica las placas continentales</enlace>
      </practica>
    </seccion1Texto>
  </seccion1>
  <seccion1 id="S1_CS_06_10_CO_A472EEC995F44866B986C2D004ED4390">
    <seccion1Titulo>El relieve</seccion1Titulo>
    <seccion1Texto>
      <p>Aquí escribiré el párrafo de la sección</p>
      <seccion2 id="S2_CS_06_10_CO_A1A9654D147F490985AD81820DC9C423">
        <seccion2Titulo>La formación del relieve</seccion2Titulo>
        <seccion2Texto>
          <p>Aquí escribiré el párrafo de la sección</p>
          <p>Aquí va un PÁRRAFO</p>
          <imagen src="CS_06_10_CO_img_06_small.jpg">
            <p>Aquí escribiré el pie de foto</p>
          </imagen>
          <recuerda>
            <recuerdaTexto>
              <p>Aquí va un RECUERDA</p>
            </recuerdaTexto>
          </recuerda>
          <destacado>
            <destacadoTitulo>Aquí va el título de un DESTACADO</destacadoTitulo>
            <destacadoTexto>
              <p>Aquí va el texto de un DESTACADO</p>
            </destacadoTexto>
          </destacado>
          <profundiza>
            <enlace destino="/LoIdRedirect.aspx?LoId=CS_06_10_CO_Recurso060&amp;IdRecurso=RES-BEEB9DD936624623B0FFDF9EA89D8E0D">La formación del relieve: agentes internos y externos</enlace>
          </profundiza>
          <p>Aquí va un PÁRRAFO</p>
          <imagen src="CS_06_10_CO_img_07_small.jpg">
            <p>Aquí escribiré el pie de foto</p>
          </imagen>
          <recuerda>
            <recuerdaTexto>
              <p>Aquí va un RECUERDA</p>
            </recuerdaTexto>
          </recuerda>
          <destacado>
            <destacadoTitulo>Aquí va el título de un DESTACADO</destacadoTitulo>
            <destacadoTexto>
              <p>Aquí va el texto de un DESTACADO</p>
            </destacadoTexto>
          </destacado>
          <practica>
            <enlace destino="/LoIdRedirect.aspx?LoId=CS_06_10_CO_Recurso070&amp;IdRecurso=RES-5B351233158144E4B2381E6BB7857E6C">Conoce los agentes formadores del relieve</enlace>
          </practica>
        </seccion2Texto>
      </seccion2>
      <seccion2 id="S2_CS_06_10_CO_B07582B2A41C43389B53F70F430BADC7">
        <seccion2Titulo>Las formas del relieve</seccion2Titulo>
        <seccion2Texto>
          <p>Aquí escribiré el párrafo de la sección</p>
          <p>Aquí va un PÁRRAFO</p>
          <imagen src="CS_06_10_CO_img_08_small.jpg">
            <p>Aquí escribiré el pie de foto</p>
          </imagen>
          <recuerda>
            <recuerdaTexto>
              <p>Aquí va un RECUERDA</p>
            </recuerdaTexto>
          </recuerda>
          <destacado>
            <destacadoTitulo>Aquí va el título de un DESTACADO</destacadoTitulo>
            <destacadoTexto>
              <p>Aquí va el texto de un DESTACADO</p>
            </destacadoTexto>
          </destacado>
        </seccion2Texto>
      </seccion2>
      <seccion2 id="S2_CS_06_10_CO_5BF0722449D44442BE83282F2720B018">
        <seccion2Titulo>Las formas del relieve litoral</seccion2Titulo>
        <seccion2Texto>
          <p>Aquí escribiré el párrafo de la sección</p>
          <p>Aquí va un PÁRRAFO</p>
          <imagen src="CS_06_10_CO_img_09_small.jpg">
            <p>Aquí escribiré el pie de foto</p>
          </imagen>
          <recuerda>
            <recuerdaTexto>
              <p>Aquí va un RECUERDA</p>
            </recuerdaTexto>
          </recuerda>
          <destacado>
            <destacadoTitulo>Aquí va el título de un DESTACADO</destacadoTitulo>
            <destacadoTexto>
              <p>Aquí va el texto de un DESTACADO</p>
            </destacadoTexto>
          </destacado>
          <p>Aquí va un PÁRRAFO</p>
          <imagen src="CS_06_10_CO_img_10_small.jpg">
            <p>Aquí escribiré el pie de foto</p>
          </imagen>
          <recuerda>
            <recuerdaTexto>
              <p>Aquí va un RECUERDA</p>
            </recuerdaTexto>
          </recuerda>
          <destacado>
            <destacadoTitulo>Aquí va el título de un DESTACADO</destacadoTitulo>
            <destacadoTexto>
              <p>Aquí va el texto de un DESTACADO</p>
            </destacadoTexto>
          </destacado>
          <practica>
            <enlace destino="/LoIdRedirect.aspx?LoId=CS_06_10_CO_Recurso100&amp;IdRecurso=RES-6F1AAC2FF0064D73A0F627C2D95C4219">Refuerza tu aprendizaje: El relieve</enlace>
          </practica>
          <p>Aquí va un PÁRRAFO</p>
          <imagen src="CS_06_10_CO_img_12_small.jpg">
            <p>Aquí escribiré el pie de foto</p>
          </imagen>
          <recuerda>
            <recuerdaTexto>
              <p>Aquí va un RECUERDA</p>
            </recuerdaTexto>
          </recuerda>
          <destacado>
            <destacadoTitulo>Aquí va el título de un DESTACADO</destacadoTitulo>
            <destacadoTexto>
              <p>Aquí va el texto de un DESTACADO</p>
            </destacadoTexto>
          </destacado>
          <practica>
            <enlace destino="/LoIdRedirect.aspx?LoId=CS_06_10_CO_Recurso120&amp;IdRecurso=RES-8C45E8CA492C41A692F6843B1A407129">Refuerza tu aprendizaje: Las aguas de la Tierra</enlace>
          </practica>
          <p>Aquí va un PÁRRAFO</p>
          <imagen src="CS_06_10_CO_img_14_small.jpg">
            <p>Aquí escribiré el pie de foto</p>
          </imagen>
          <recuerda>
            <recuerdaTexto>
              <p>Aquí va un RECUERDA</p>
            </recuerdaTexto>
          </recuerda>
          <destacado>
            <destacadoTitulo>Aquí va el título de un DESTACADO</destacadoTitulo>
            <destacadoTexto>
              <p>Aquí va el texto de un DESTACADO</p>
            </destacadoTexto>
          </destacado>
          <practica>
            <enlace destino="/LoIdRedirect.aspx?LoId=CS_06_10_CO_Recurso140&amp;IdRecurso=RES-DEC8F4F6347C460D98A8AA5737B7FBA5">Refuerza tu aprendizaje: Las aguas oceánicas</enlace>
          </practica>
          <p>Aquí va un PÁRRAFO</p>
          <imagen src="CS_06_10_CO_img_17_small.jpg">
            <p>Aquí escribiré el pie de foto</p>
          </imagen>
          <recuerda>
            <recuerdaTexto>
              <p>Aquí va un RECUERDA</p>
            </recuerdaTexto>
          </recuerda>
          <destacado>
            <destacadoTitulo>Aquí va el título de un DESTACADO</destacadoTitulo>
            <destacadoTexto>
              <p>Aquí va el texto de un DESTACADO</p>
            </destacadoTexto>
          </destacado>
          <practica>
            <enlace destino="/LoIdRedirect.aspx?LoId=CS_06_10_CO_Recurso170&amp;IdRecurso=RES-D5BA3FB56143451BB915E0C930A9785E">Refuerza tu aprendizaje: Las aguas continentales</enlace>
          </practica>
        </seccion2Texto>
      </seccion2>
    </seccion1Texto>
  </seccion1>
  <seccion1 id="S1_CS_06_10_CO_5E7964FBDF6248F5A124F860C7929EEB">
    <seccion1Titulo>Las aguas de la Tierra</seccion1Titulo>
    <seccion1Texto>
      <p>Aquí escribiré el párrafo de la sección</p>
      <p>Aquí va un PÁRRAFO</p>
      <imagen src="CS_06_10_CO_img_11_small.jpg">
        <p>Aquí escribiré el pie de foto</p>
      </imagen>
      <recuerda>
        <recuerdaTexto>
          <p>Aquí va un RECUERDA</p>
        </recuerdaTexto>
      </recuerda>
      <destacado>
        <destacadoTitulo>Aquí va el título de un DESTACADO</destacadoTitulo>
        <destacadoTexto>
          <p>Aquí va el texto de un DESTACADO</p>
        </destacadoTexto>
      </destacado>
      <profundiza>
        <enlace destino="/LoIdRedirect.aspx?LoId=CS_06_10_CO_Recurso110&amp;IdRecurso=RES-E438EFCF77FA438ABE3E4692106A62C6">Diaporama F1-01</enlace>
      </profundiza>
    </seccion1Texto>
  </seccion1>
  <seccion1 id="S1_CS_06_10_CO_544867B394454FA3A3BE94451C24E2ED">
    <seccion1Titulo>Las aguas oceánicas</seccion1Titulo>
    <seccion1Texto>
      <p>Aquí escribiré el párrafo de la sección</p>
      <p>Aquí va un PÁRRAFO</p>
      <imagen src="CS_06_10_CO_img_13_small.jpg">
        <p>Aquí escribiré el pie de foto</p>
      </imagen>
      <recuerda>
        <recuerdaTexto>
          <p>Aquí va un RECUERDA</p>
        </recuerdaTexto>
      </recuerda>
      <destacado>
        <destacadoTitulo>Aquí va el título de un DESTACADO</destacadoTitulo>
        <destacadoTexto>
          <p>Aquí va el texto de un DESTACADO</p>
        </destacadoTexto>
      </destacado>
      <profundiza>
        <enlace destino="/LoIdRedirect.aspx?LoId=CS_06_10_CO_Recurso130&amp;IdRecurso=RES-0CBEA8E4DBF2492EA078ED094E6C7ADB">Las aguas oceánicas y marítimas: las corrientes marinas</enlace>
      </profundiza>
    </seccion1Texto>
  </seccion1>
  <seccion1 id="S1_CS_06_10_CO_1A8EA4A0FBEB406AA9A946017FB96C00">
    <seccion1Titulo>Las aguas continentales</seccion1Titulo>
    <seccion1Texto>
      <p>Aquí escribiré el párrafo de la sección</p>
      <p>Aquí va un PÁRRAFO</p>
      <imagen src="CS_06_10_CO_img_15_small.jpg">
        <p>Aquí escribiré el pie de foto</p>
      </imagen>
      <recuerda>
        <recuerdaTexto>
          <p>Aquí va un RECUERDA</p>
        </recuerdaTexto>
      </recuerda>
      <destacado>
        <destacadoTitulo>Aquí va el título de un DESTACADO</destacadoTitulo>
        <destacadoTexto>
          <p>Aquí va el texto de un DESTACADO</p>
        </destacadoTexto>
      </destacado>
      <profundiza>
        <enlace destino="/LoIdRedirect.aspx?LoId=CS_06_10_CO_Recurso150&amp;IdRecurso=RES-CE9B9DD93F2146BFB5A4055861099C37">Las aguas continentales: ríos y lagos</enlace>
      </profundiza>
      <p>Aquí va un PÁRRAFO</p>
      <imagen src="CS_06_10_CO_img_16_small.jpg">
        <p>Aquí escribiré el pie de foto</p>
      </imagen>
      <recuerda>
        <recuerdaTexto>
          <p>Aquí va un RECUERDA</p>
        </recuerdaTexto>
      </recuerda>
      <destacado>
        <destacadoTitulo>Aquí va el título de un DESTACADO</destacadoTitulo>
        <destacadoTexto>
          <p>Aquí va el texto de un DESTACADO</p>
        </destacadoTexto>
      </destacado>
      <practica>
        <enlace destino="/LoIdRedirect.aspx?LoId=CS_06_10_CO_Recurso160&amp;IdRecurso=RES-69EB77D3505A4F7B9A39699E8B73E9A2">Conoce el medio lacustre</enlace>
      </practica>
    </seccion1Texto>
  </seccion1>
  <seccion1 id="S1_CS_06_10_CO_C693EAC2E81C49DEA8823241EB016CDB">
    <seccion1Titulo>Competencias</seccion1Titulo>
    <seccion1Texto>
      <p>Aquí escribiré el párrafo de la sección</p>
      <p>Aquí va un PÁRRAFO</p>
      <imagen src="CS_06_10_CO_img_18_small.jpg">
        <p>Aquí escribiré el pie de foto</p>
      </imagen>
      <recuerda>
        <recuerdaTexto>
          <p>Aquí va un RECUERDA</p>
        </recuerdaTexto>
      </recuerda>
      <destacado>
        <destacadoTitulo>Aquí va el título de un DESTACADO</destacadoTitulo>
        <destacadoTexto>
          <p>Aquí va el texto de un DESTACADO</p>
        </destacadoTexto>
      </destacado>
      <practica>
        <enlace destino="/LoIdRedirect.aspx?LoId=CS_06_10_CO_Recurso180&amp;IdRecurso=RES-52FBDB62E58F4F0DA82A7D2240F096F6">Competencias: análisis del relieve de Europa</enlace>
      </practica>
      <p>Aquí va un PÁRRAFO</p>
      <imagen src="CS_06_10_CO_img_19_small.jpg">
        <p>Aquí escribiré el pie de foto</p>
      </imagen>
      <recuerda>
        <recuerdaTexto>
          <p>Aquí va un RECUERDA</p>
        </recuerdaTexto>
      </recuerda>
      <destacado>
        <destacadoTitulo>Aquí va el título de un DESTACADO</destacadoTitulo>
        <destacadoTexto>
          <p>Aquí va el texto de un DESTACADO</p>
        </destacadoTexto>
      </destacado>
      <practica>
        <enlace destino="/LoIdRedirect.aspx?LoId=CS_06_10_CO_Recurso190&amp;IdRecurso=RES-84F24263FC0F4828B7C210CF2079E81A">Proyecto: estudio de un río europeo</enlace>
      </practica>
    </seccion1Texto>
  </seccion1>
  <masinformacion id="MI_CS_06_10_CO_D9A0CFA361B94580BBEB2DAA3B79D6C3">
    <mapaconceptual>
      <enlace destino="/LoIdRedirect.aspx?LoId=CS_06_10_CO_Recurso210&amp;IdRecurso=RES-99AE7B926D1240808F19DFD735DD51FE">Mapa Conceptual</enlace>
    </mapaconceptual>
    <autoevaluate>
      <enlace destino="/LoIdRedirect.aspx?LoId=CS_06_10_CO_Recurso220&amp;IdRecurso=RES-116607CF2AF74CAA97575F01B66920FD">Evaluación</enlace>
    </autoevaluate>
    <enlacesreferencia>
      <enlace destino="http://www.aulaplaneta.com">AulaPlaneta</enlace>
    </enlacesreferencia>
  </masinformacion>
</libro>