﻿<?xml version="1.0" encoding="utf-8"?><motor tipo="5" clase="d" aprid="m5d">
  <plataforma>
    <grado><![CDATA[2]]></grado>
    <titulo>Conoce la lucha de Nariño contra el federalismo</titulo>
    <area>0</area>
    <nivel>2</nivel>
    <referencia/>
    <idreg><![CDATA[0]]></idreg>
    <motor><![CDATA[M5D]]></motor>
    <lang>es</lang>
  </plataforma>
  <enunciado><![CDATA[A partir de la lectura de fragmentos de "La Bagatela", periódico de Antonio Nariño, selecciona las respuestas correctas.]]></enunciado>
  <masinfo inicio="0"/>
  <sinaleatoriedad><![CDATA[1]]></sinaleatoriedad>
  <calc><![CDATA[0]]></calc>
  <respuestaunica><![CDATA[1]]></respuestaunica>
  <test cantidad="4">
    <cuestion>
      <enunciado><![CDATA[El tema central de este fragmento de Antonio Nariño es]]></enunciado>
      <explicacion/>
      <texto><![CDATA[LA BAGATELA. NO. 5. (Fragmento)Apenas amaneció la aurora de nuestra libertad, cuando se oyó por todo el reino la voz de federación: voz vaga, aunque general, porque no se le asignó el verdadero significado que conforme a nuestra situación le convenía. Todas las provincias, mayores y menores, quisieron ser Estados soberanos independientes. ]]></texto>
      <respuestas>
        <respuesta contestacion="el federalismo como amenaza." correcta="1"/>
        <respuesta contestacion="el centralismo como amenaza." correcta="0"/>
        <respuesta contestacion="la desigualdad ante la ley." correcta="0"/>
      </respuestas>
    </cuestion>
    <cuestion>
      <enunciado><![CDATA[Según lo expresa Nariño, la "situación" del reino una vez "amaneció la aurora de nuestra libertad", hacía necesario un gobierno centralista para]]></enunciado>
      <explicacion/>
      <texto><![CDATA[LA BAGATELA. NO. 5. (Fragmento)Apenas amaneció la aurora de nuestra libertad, cuando se oyó por todo el reino la voz de federación: voz vaga, aunque general, porque no se le asignó el verdadero significado que conforme a nuestra situación le convenía. Todas las provincias, mayores y menores, quisieron ser Estados soberanos independientes. ]]></texto>
      <respuestas>
        <respuesta contestacion="tener pocas provincias." correcta="0"/>
        <respuesta contestacion="mantener su independencia de España." correcta="1"/>
        <respuesta contestacion="liberarse del yugo español." correcta="0"/>
      </respuestas>
    </cuestion>
    <cuestion>
      <enunciado><![CDATA[Cuando Nariño habla de la posibilidad de "conciliar muy bien la voluntad general con una forma de gobierno enérgico", se refiere a]]></enunciado>
      <explicacion/>
      <texto><![CDATA[LA BAGATELA. NO. 5. (Fragmento)A mí me parece que se puede conciliar muy bien la voluntad general con una forma de gobierno enérgico y capaz de salvarnos de los peligros que por todas partes nos amenazan. No es la extensión del terreno, no es la población, no son las riquezas ni las luces las que forman la fuerza de un Imperio por sí solas; la suma total de todas estas cosas forma su fuerza; y si nosotros, en lugar de acumular nuestras luces, nuestras riquezas y nuestras fuerzas las dividimos en otras tantas partes como tenemos de Provincias, ¿cuál será el resultado? Que si con la suma total de nuestros medios apenas nos podremos salvar, dividiéndonos, nuestra pérdida será tanto más probable cuanto mayor sea el número de partes en que nos dividimos.]]></texto>
      <respuestas>
        <respuesta contestacion="la necesidad de darle a cada provincia su independencia." correcta="0"/>
        <respuesta contestacion="la urgencia de conservar la unión con España." correcta="0"/>
        <respuesta contestacion="la capacidad del centralismo de unir a la nación." correcta="1"/>
      </respuestas>
    </cuestion>
    <cuestion>
      <enunciado><![CDATA[El peligro que advertía Nariño respecto a un modelo federalista, era que el reino no sería lo suficientemente fuerte para]]></enunciado>
      <explicacion/>
      <texto><![CDATA[LA BAGATELA. NO. 5. (Fragmento)A mí me parece que se puede conciliar muy bien la voluntad general con una forma de gobierno enérgico y capaz de salvarnos de los peligros que por todas partes nos amenazan. No es la extensión del terreno, no es la población, no son las riquezas ni las luces las que forman la fuerza de un Imperio por sí solas; la suma total de todas estas cosas forma su fuerza; y si nosotros, en lugar de acumular nuestras luces, nuestras riquezas y nuestras fuerzas las dividimos en otras tantas partes como tenemos de Provincias, ¿cuál será el resultado? Que si con la suma total de nuestros medios apenas nos podremos salvar, dividiéndonos, nuestra pérdida será tanto más probable cuanto mayor sea el número de partes en que nos dividimos.]]></texto>
      <respuestas>
        <respuesta contestacion="extenderse." correcta="0"/>
        <respuesta contestacion="mantener su libertad." correcta="1"/>
        <respuesta contestacion="acumular más riquezas que España." correcta="0"/>
      </respuestas>
    </cuestion>
  </test>
</motor>