<?xml version='1.0' encoding='UTF-8'?><engine copy="Editorial Planeta" version="1" aprid="f13" title="Investigación sobre el trámite para crear&lt;br&gt;las leyes en Colombia" >
<section title="Presentación" path="" pathAmp="" image1Text="" zoom1="false" zoom2a="false" zoom2b="false" layout="2" >
<![CDATA[<p style="text-align:center"><img src="data/imagenes/0.png" style="height:255px; width:826px" /></p>

<p style="text-align:center"><span style="font-size:25px"><span style="font-family:verdana,geneva,sans-serif">&iquest;Qu&eacute; tr&aacute;mite se requiere para aprobar<br />
las leyes en Colombia?</span></span></p>
]]></section>
<section title="Conceptos" path="section1.jpg" pathAmp="" image1Text="" zoom1="false" zoom2a="false" zoom2b="false" layout="1" >
<![CDATA[<p>Antes de comenzar a dise&ntilde;ar y preparar el proyecto, es importante que repasen algunos de los conceptos que aprendieron en clase y que les resultar&aacute;n &uacute;tiles a la hora de realizar el trabajo:</p>

<ul>
	<li>Gobierno</li>
	<li>Democracia</li>
	<li>Constituci&oacute;n Pol&iacute;tica</li>
	<li>Constituci&oacute;n de 1991</li>
	<li>Estado Social de Derecho</li>
	<li>Divisi&oacute;n de poderes</li>
	<li>Rama legislativa</li>
</ul>
]]></section>
<section title="Objetivos " path="section2.jpg" pathAmp="" image1Text="" zoom1="false" zoom2a="false" zoom2b="false" layout="1" >
<![CDATA[<p><strong>Objetivo:</strong> analizar el proceso requerido para aprobar las leyes en Colombia.</p>

<p><strong>Organizaci&oacute;n:</strong> grupos de tres o cuatro personas.</p>

<p><strong>Presentaci&oacute;n:</strong> exposici&oacute;n de los resultados de la investigaci&oacute;n ante el resto de los compa&ntilde;eros del sal&oacute;n.</p>

<p><strong>Plazo:</strong> dos semanas</p>

<p><strong>Punto de partida:</strong> para responder a la pregunta inicial y averiguar cu&aacute;l es el procedimiento para aprobar las leyes en Colombia es importante comenzar por resolver estas preguntas, que contribuir&aacute;n al avance de la investigaci&oacute;n.</p>

<ul>
	<li>&iquest;Qu&eacute; normas rigen el proceso de aprobaci&oacute;n de leyes en Colombia?</li>
	<li>&iquest;Qu&eacute; condiciones se requieren para proponer un proyecto de ley en este pa&iacute;s?</li>
	<li>&iquest;Qu&eacute; personas se encargan de tramitar los proyectos de ley en Colombia?</li>
	<li>&iquest;Cu&aacute;nto tiempo se requiere para aprobar una ley en Colombia?</li>
	<li>&iquest;Cu&aacute;les son los pasos del proceso de aprobaci&oacute;n de leyes en nuestro pa&iacute;s?</li>
</ul>

<p>Posteriormente, intenten plantear una respuesta tentativa para la pregunta inicial del proyecto. La investigaci&oacute;n posterior les ayudar&aacute; a determinar si esta respuesta era correcta o incorrecta.</p>
]]></section>
<section title="Planificación" path2a="2a_section3.jpg" path2b="2b_section3.jpg" path2aAmp="2a_section3_big.jpg" path2bAmp="2b_section3_big.jpg" image2aText="&lt;p&gt;Ejemplo de tabla que les ayudar&amp;aacute; a realizar la planificaci&amp;oacute;n.&lt;/p&gt; " image2bText="&lt;p&gt;Ejemplo de planificaci&amp;oacute;n que les puede ayudar a organizar el proyecto.&lt;/p&gt; " zoom1="true" zoom2a="true" zoom2b="true" layout="4" >
<![CDATA[<p>Antes de iniciar el ejercicio, les proponemos organizar el trabajo y las tareas que cada persona del grupo realizar&aacute;. Para ello, les sugerimos seguir los siguientes pasos:</p>

<p>1.&ordm; Identificar y anotar las tareas que deben llevar a cabo en el proyecto. Para hacerlo bien deben:</p>

<ul>
	<li>Leer con atenci&oacute;n todos los apartados de la actividad.</li>
	<li>Hacer una lista con los distintos trabajos que deben realizar.</li>
	<li>Dividirlos, si es posible, en peque&ntilde;as tareas; por ejemplo, en la tarea de investigaci&oacute;n pueden dividir el trabajo entre la selecci&oacute;n de las fuentes que van a consultar, la recolecci&oacute;n de la informaci&oacute;n, la lectura y el resumen de los datos.</li>
</ul>

<p>2.&ordm; Repartir las tareas entre los miembros del grupo. Pueden distribuirse el trabajo, de manera que unos analicen los pasos requeridos para tramitar un proyecto de ley y otros estudien la sanci&oacute;n de las leyes o la elaboraci&oacute;n de un nuevo proyecto de ley.</p>

<p>3.&ordm; Establecer el tiempo necesario para realizar cada tarea. Empleen un cronograma para ello, teniendo en cuenta la fecha l&iacute;mite.</p>

<p>4.&ordm; Definir cu&aacute;ndo y c&oacute;mo se efectuar&aacute; la puesta en com&uacute;n, cu&aacute;l ser&aacute; el producto final, qu&eacute; se necesita para hacerlo, cu&aacute;ndo se revisar&aacute; y cu&aacute;ndo se ensayar&aacute; la presentaci&oacute;n con todo el grupo.</p>

<p>Cuando queremos planificar cualquier tarea, puede resultar de ayuda una tabla u hoja de c&aacute;lculo en la que se definan los nombres de los integrantes del grupo, las tareas asignadas a cada uno, el tiempo de dedicaci&oacute;n para cada tarea, etc.</p>

<p>En la primera imagen adjunta encuentran un ejemplo la estructura de esta tabla y, en la segunda, un ejemplo de planificaci&oacute;n de un proyecto similar, que te ser&aacute; de ayuda.</p>
]]></section>
<section title="Investigación" path="section4.jpg" pathAmp="" image1Text="" zoom1="false" zoom2a="false" zoom2b="false" layout="1" >
<![CDATA[<p>En el momento de realizar la investigaci&oacute;n es importante que piensen, discutan y definan cu&aacute;les son los recursos y las fuentes de informaci&oacute;n que pueden ser &uacute;tiles para lograr el objetivo. Les recomendamos:</p>

<ul>
	<li><strong>Consultar</strong> libros y p&aacute;ginas web confiables, tanto oficiales como acad&eacute;micas, que trabajen temas relacionados con la normatividad que rige el procedimiento para la aprobaci&oacute;n de leyes en Colombia.</li>
	<li><strong>Contrastar</strong> la informaci&oacute;n que encontraron en varias fuentes, con el fin de verificar que sea ver&iacute;dica y confiable. No es recomendable que empleen solamente una fuente de informaci&oacute;n.</li>
	<li><strong>Utilizar</strong> &uacute;nicamente informaci&oacute;n que sea &uacute;til. Descarten los datos y hechos poco relevantes, as&iacute; no extender&aacute;n demasiado su exposici&oacute;n sobre el tema.</li>
	<li><strong>Elaborar</strong> una lista de las fuentes consultadas.</li>
	<li><strong>Resumir</strong> la informaci&oacute;n recopilada, usando sus propias palabras.</li>
</ul>

<p><strong>&iexcl;Atenci&oacute;n!</strong> No deben copiar textos para presentarlos como si fueran propios. Recuerden poner siempre las citas entre comillas.</p>
]]></section>
<section title="Análisis" path="section5.jpg" pathAmp="" image1Text="" zoom1="false" zoom2a="false" zoom2b="false" layout="1" >
<![CDATA[<p>A partir de la informaci&oacute;n recopilada, elaboren y completen <strong>fichas</strong> que sinteticen la siguiente informaci&oacute;n:</p>

<ul>
	<li>Normatividad legal que rige el proceso de tr&aacute;mite de leyes en Colombia.</li>
	<li>Instituciones vinculadas con el proceso de tr&aacute;mite de leyes en Colombia.</li>
	<li>Mecanismos de participaci&oacute;n ciudadana relacionados con el proceso de tr&aacute;mite de leyes en Colombia.</li>
	<li>Pasos requeridos para el tr&aacute;mite de leyes en Colombia (incluir su descripci&oacute;n).</li>
	<li>Proceso de aprobaci&oacute;n y sanci&oacute;n de leyes en Colombia.</li>
</ul>

<p>Estas fichas les ser&aacute;n &uacute;tiles como gu&iacute;as o apoyo visual durante la exposici&oacute;n. Tengan en cuenta que los textos deben ser claros y breves.</p>
]]></section>
<section title="Síntesis" path="section6.jpg" pathAmp="" image1Text="" zoom1="false" zoom2a="false" zoom2b="false" layout="1" >
<![CDATA[<p>A partir de la investigaci&oacute;n realizada, de la verificaci&oacute;n de la informaci&oacute;n y de la elaboraci&oacute;n de las fichas con los aspectos m&aacute;s relevantes del tr&aacute;mite de leyes en Colombia, planifiquen su exposici&oacute;n:</p>

<p>1.&ordm; Definan y preparen los aspectos principales que abarcar&aacute;n durante su presentaci&oacute;n.</p>

<p>2.&ordm; Determinen las tareas que deben realizar para preparar su presentaci&oacute;n.</p>

<p>3.&ordm; Reserven tiempo suficiente para realizar la presentaci&oacute;n.</p>

<p>4.&ordm; Definan el orden de participaci&oacute;n de los expositores y la informaci&oacute;n que expondr&aacute; cada uno.</p>

<p>La &uacute;ltima fase del proceso de s&iacute;ntesis consiste en <strong>determinar las conclusiones</strong> a las que llegaron por medio de la investigaci&oacute;n y del an&aacute;lisis de la informaci&oacute;n obtenida. En ellas, deber&aacute;n reflejar las expectativas que se trazaron al comenzar la investigaci&oacute;n y la validez o la equivocaci&oacute;n de la respuesta que propusieron al inicio, a la pregunta inicial.</p>

<p><strong>Atenci&oacute;n: </strong>corrijan las fallas de ortograf&iacute;a antes de presentar el proyecto.</p>
]]></section>
<section title="Evaluación" path="" pathAmp="" image1Text="" zoom1="false" zoom2a="false" zoom2b="false" layout="2" >
<![CDATA[<p>Al terminar el proceso, pueden autoevaluarse para comprobar cu&aacute;les fueron las tareas mejor realizadas y aquellas que deben mejorar en una pr&oacute;xima ocasi&oacute;n.</p>

<p style="text-align: justify;"><em>Valoren de 1 a 5, siendo 1 muy mal y 5 muy bien. </em></p>

<p><strong>&Iacute;TEMS DE VALORACI&Oacute;N&nbsp;&nbsp;&nbsp;&nbsp;&nbsp;&nbsp;&nbsp;&nbsp;&nbsp;&nbsp;&nbsp;</strong></p>

<p>________________________________________________________________________&nbsp;&nbsp;&nbsp;&nbsp;&nbsp;&nbsp;&nbsp;&nbsp;&nbsp;&nbsp;&nbsp;&nbsp;&nbsp;&nbsp;&nbsp;&nbsp;&nbsp;&nbsp;&nbsp;&nbsp;&nbsp;&nbsp;&nbsp;&nbsp;&nbsp;&nbsp;&nbsp;&nbsp;&nbsp;&nbsp;&nbsp;&nbsp;&nbsp;&nbsp;&nbsp;&nbsp;&nbsp;&nbsp;&nbsp;&nbsp;&nbsp;&nbsp;&nbsp;&nbsp;&nbsp;&nbsp;&nbsp;&nbsp;&nbsp;&nbsp;&nbsp;&nbsp;&nbsp;&nbsp;&nbsp;&nbsp;&nbsp;&nbsp;&nbsp;&nbsp;&nbsp;&nbsp;&nbsp;&nbsp;&nbsp;&nbsp;</p>

<p><strong>&nbsp;&nbsp;&nbsp;&nbsp;&nbsp;&nbsp;&nbsp;&nbsp;&nbsp;&nbsp;&nbsp;&nbsp;&nbsp;&nbsp;&nbsp;&nbsp;&nbsp;&nbsp;&nbsp;&nbsp;&nbsp;&nbsp;&nbsp;&nbsp;&nbsp;&nbsp;&nbsp;&nbsp;&nbsp;&nbsp;&nbsp;&nbsp;&nbsp;&nbsp;&nbsp;&nbsp;&nbsp;&nbsp;&nbsp;&nbsp;&nbsp;&nbsp;&nbsp;&nbsp;&nbsp;&nbsp;&nbsp;&nbsp;&nbsp;&nbsp;&nbsp;&nbsp;&nbsp;&nbsp;&nbsp;&nbsp;&nbsp;&nbsp;&nbsp;&nbsp;&nbsp;&nbsp;&nbsp;&nbsp;&nbsp;&nbsp;&nbsp;&nbsp;&nbsp;&nbsp;&nbsp;&nbsp;&nbsp;&nbsp;&nbsp;&nbsp;&nbsp;1&nbsp;&nbsp;&nbsp;&nbsp;&nbsp;&nbsp;&nbsp;&nbsp;&nbsp;&nbsp;&nbsp;2&nbsp;&nbsp;&nbsp;&nbsp;&nbsp;&nbsp;&nbsp;&nbsp;&nbsp;&nbsp;&nbsp;3&nbsp;&nbsp;&nbsp;&nbsp;&nbsp;&nbsp;&nbsp;&nbsp;&nbsp;&nbsp;&nbsp;4&nbsp;&nbsp;&nbsp;&nbsp;&nbsp;&nbsp;&nbsp;&nbsp;&nbsp;&nbsp;&nbsp;5</strong>&nbsp;&nbsp;&nbsp;&nbsp;&nbsp;&nbsp;&nbsp;&nbsp;&nbsp;&nbsp;&nbsp;</p>

<p><strong>Objetivos</strong></p>

<p><strong>&middot; </strong>Han comprendido el objetivo del proyecto.</p>

<p><strong>&middot; </strong>Han participado activamente en<br />
&nbsp; el planteamiento de las respuestas iniciales.</p>

<p><strong>&middot; </strong>Han contribuido a responder las preguntas<br />
&nbsp; necesarias para adelantar la investigaci&oacute;n.</p>

<p><strong>&middot; </strong>Han previsto aspectos que despu&eacute;s se<br />
&nbsp; necesitaron para el desarrollo de la investigaci&oacute;n.</p>

<p>________________________________________________________________________&nbsp;&nbsp;&nbsp;&nbsp;&nbsp;&nbsp;&nbsp;&nbsp;&nbsp;&nbsp;&nbsp;&nbsp;&nbsp;&nbsp;&nbsp;&nbsp;&nbsp;&nbsp;&nbsp;&nbsp;&nbsp;&nbsp;&nbsp;&nbsp;&nbsp;&nbsp;&nbsp;&nbsp;&nbsp;&nbsp;&nbsp;&nbsp;&nbsp;&nbsp;&nbsp;&nbsp;&nbsp;&nbsp;&nbsp;&nbsp;&nbsp;&nbsp;&nbsp;&nbsp;&nbsp;&nbsp;&nbsp;&nbsp;&nbsp;&nbsp;&nbsp;&nbsp;&nbsp;&nbsp;&nbsp;&nbsp;&nbsp;&nbsp;&nbsp;&nbsp;&nbsp;&nbsp;&nbsp;&nbsp;&nbsp;&nbsp;</p>

<p><strong>&nbsp;&nbsp;&nbsp;&nbsp;&nbsp;&nbsp;&nbsp;&nbsp;&nbsp;&nbsp;&nbsp;&nbsp;&nbsp;&nbsp;&nbsp;&nbsp;&nbsp;&nbsp;&nbsp;&nbsp;&nbsp;&nbsp;&nbsp;&nbsp;&nbsp;&nbsp;&nbsp;&nbsp;&nbsp;&nbsp;&nbsp;&nbsp;&nbsp;&nbsp;&nbsp;&nbsp;&nbsp;&nbsp;&nbsp;&nbsp;&nbsp;&nbsp;&nbsp;&nbsp;&nbsp;&nbsp;&nbsp;&nbsp;&nbsp;&nbsp;&nbsp;&nbsp;&nbsp;&nbsp;&nbsp;&nbsp;&nbsp;&nbsp;&nbsp;&nbsp;&nbsp;&nbsp;&nbsp;&nbsp;&nbsp;&nbsp;&nbsp;&nbsp;&nbsp;&nbsp;&nbsp;&nbsp;&nbsp;&nbsp;&nbsp;&nbsp;&nbsp;1&nbsp;&nbsp;&nbsp;&nbsp;&nbsp;&nbsp;&nbsp;&nbsp;&nbsp;&nbsp;&nbsp;2&nbsp;&nbsp;&nbsp;&nbsp;&nbsp;&nbsp;&nbsp;&nbsp;&nbsp;&nbsp;&nbsp;3&nbsp;&nbsp;&nbsp;&nbsp;&nbsp;&nbsp;&nbsp;&nbsp;&nbsp;&nbsp;&nbsp;4&nbsp;&nbsp;&nbsp;&nbsp;&nbsp;&nbsp;&nbsp;&nbsp;&nbsp;&nbsp;&nbsp;5</strong>&nbsp;&nbsp;&nbsp;&nbsp;&nbsp;&nbsp;&nbsp;&nbsp;&nbsp;&nbsp;&nbsp;</p>

<p><strong>Planificaci&oacute;n del proyecto</strong></p>

<p><strong>&middot;</strong> Han participado en la planificaci&oacute;n del proyecto.</p>

<p><strong>&middot;</strong> Han contribuido en la distribuci&oacute;n de tareas.</p>

<p><strong>&middot;</strong> Han calculado correctamente el tiempo<br />
&nbsp; necesario para cada tarea.</p>

<p><strong>&middot;</strong> Han desempe&ntilde;ado correctamente<br />
&nbsp; las tareas asignadas.</p>

<p><strong>&middot;</strong> Han distribuido de forma equitativa las tareas<br />
&nbsp; entre los miembros del grupo.</p>

<p><strong>&middot;</strong> Han realizado las tareas asignadas<br />
&nbsp; en el tiempo previsto.</p>

<p><strong>&middot;</strong> Todos los miembros del grupo participaron.</p>

<p>________________________________________________________________________&nbsp;&nbsp;&nbsp;&nbsp;&nbsp;&nbsp;&nbsp;&nbsp;&nbsp;&nbsp;&nbsp;&nbsp;&nbsp;&nbsp;&nbsp;&nbsp;&nbsp;&nbsp;&nbsp;&nbsp;&nbsp;&nbsp;&nbsp;&nbsp;&nbsp;&nbsp;&nbsp;&nbsp;&nbsp;&nbsp;&nbsp;&nbsp;&nbsp;&nbsp;&nbsp;&nbsp;&nbsp;&nbsp;&nbsp;&nbsp;&nbsp;&nbsp;&nbsp;&nbsp;&nbsp;&nbsp;&nbsp;&nbsp;&nbsp;&nbsp;&nbsp;&nbsp;&nbsp;&nbsp;&nbsp;&nbsp;&nbsp;&nbsp;&nbsp;&nbsp;&nbsp;&nbsp;&nbsp;&nbsp;&nbsp;&nbsp;</p>

<p><strong>&nbsp;&nbsp;&nbsp;&nbsp;&nbsp;&nbsp;&nbsp;&nbsp;&nbsp;&nbsp;&nbsp;&nbsp;&nbsp;&nbsp;&nbsp;&nbsp;&nbsp;&nbsp;&nbsp;&nbsp;&nbsp;&nbsp;&nbsp;&nbsp;&nbsp;&nbsp;&nbsp;&nbsp;&nbsp;&nbsp;&nbsp;&nbsp;&nbsp;&nbsp;&nbsp;&nbsp;&nbsp;&nbsp;&nbsp;&nbsp;&nbsp;&nbsp;&nbsp;&nbsp;&nbsp;&nbsp;&nbsp;&nbsp;&nbsp;&nbsp;&nbsp;&nbsp;&nbsp;&nbsp;&nbsp;&nbsp;&nbsp;&nbsp;&nbsp;&nbsp;&nbsp;&nbsp;&nbsp;&nbsp;&nbsp;&nbsp;&nbsp;&nbsp;&nbsp;&nbsp;&nbsp;&nbsp;&nbsp;&nbsp;&nbsp;&nbsp;&nbsp;1&nbsp;&nbsp;&nbsp;&nbsp;&nbsp;&nbsp;&nbsp;&nbsp;&nbsp;&nbsp;&nbsp;2&nbsp;&nbsp;&nbsp;&nbsp;&nbsp;&nbsp;&nbsp;&nbsp;&nbsp;&nbsp;&nbsp;3&nbsp;&nbsp;&nbsp;&nbsp;&nbsp;&nbsp;&nbsp;&nbsp;&nbsp;&nbsp;&nbsp;4&nbsp;&nbsp;&nbsp;&nbsp;&nbsp;&nbsp;&nbsp;&nbsp;&nbsp;&nbsp;&nbsp;5</strong>&nbsp;&nbsp;&nbsp;&nbsp;&nbsp;&nbsp;&nbsp;&nbsp;&nbsp;&nbsp;&nbsp;</p>

<p><strong>Investigaci&oacute;n&nbsp;&nbsp;&nbsp;&nbsp;&nbsp;&nbsp;&nbsp;&nbsp;&nbsp;&nbsp;&nbsp;</strong>&nbsp;&nbsp;&nbsp;&nbsp;&nbsp;&nbsp;&nbsp;&nbsp;&nbsp;&nbsp;&nbsp;&nbsp;&nbsp;&nbsp;&nbsp;&nbsp;&nbsp;&nbsp;&nbsp;&nbsp;&nbsp;&nbsp;&nbsp;&nbsp;&nbsp;&nbsp;&nbsp;&nbsp;&nbsp;&nbsp;&nbsp;&nbsp;&nbsp;&nbsp;&nbsp;&nbsp;&nbsp;&nbsp;&nbsp;&nbsp;&nbsp;&nbsp;&nbsp;&nbsp;&nbsp;&nbsp;&nbsp;&nbsp;&nbsp;&nbsp;&nbsp;&nbsp;&nbsp;&nbsp;&nbsp;</p>

<p><strong>&middot;</strong> Han propuesto fuentes de informaci&oacute;n en<br />
&nbsp; las que se encontr&oacute; la informaci&oacute;n necesaria.</p>

<p><strong>&middot;</strong> Han propuesto una metodolog&iacute;a con la que<br />
&nbsp; lograron cumplir el objetivo.</p>

<p><strong>&middot;</strong> Han participado activamente en la consecuci&oacute;n<br />
&nbsp; de la informaci&oacute;n y en la comprensi&oacute;n de la misma.</p>

<p><strong>&middot;</strong> Han usado diferentes fuentes de informaci&oacute;n<br />
&nbsp; (electr&oacute;nicas, impresas, audiovisuales, etc.).</p>

<p>________________________________________________________________________&nbsp;&nbsp;&nbsp;&nbsp;&nbsp;&nbsp;&nbsp;&nbsp;&nbsp;&nbsp;&nbsp;&nbsp;&nbsp;&nbsp;&nbsp;&nbsp;&nbsp;&nbsp;&nbsp;&nbsp;&nbsp;&nbsp;&nbsp;&nbsp;&nbsp;&nbsp;&nbsp;&nbsp;&nbsp;&nbsp;&nbsp;&nbsp;&nbsp;&nbsp;&nbsp;&nbsp;&nbsp;&nbsp;&nbsp;&nbsp;&nbsp;&nbsp;&nbsp;&nbsp;&nbsp;&nbsp;&nbsp;&nbsp;&nbsp;&nbsp;&nbsp;&nbsp;&nbsp;&nbsp;&nbsp;&nbsp;&nbsp;&nbsp;&nbsp;&nbsp;&nbsp;&nbsp;&nbsp;&nbsp;&nbsp;&nbsp;</p>

<p><strong>&nbsp;&nbsp;&nbsp;&nbsp;&nbsp;&nbsp;&nbsp;&nbsp;&nbsp;&nbsp;&nbsp;&nbsp;&nbsp;&nbsp;&nbsp;&nbsp;&nbsp;&nbsp;&nbsp;&nbsp;&nbsp;&nbsp;&nbsp;&nbsp;&nbsp;&nbsp;&nbsp;&nbsp;&nbsp;&nbsp;&nbsp;&nbsp;&nbsp;&nbsp;&nbsp;&nbsp;&nbsp;&nbsp;&nbsp;&nbsp;&nbsp;&nbsp;&nbsp;&nbsp;&nbsp;&nbsp;&nbsp;&nbsp;&nbsp;&nbsp;&nbsp;&nbsp;&nbsp;&nbsp;&nbsp;&nbsp;&nbsp;&nbsp;&nbsp;&nbsp;&nbsp;&nbsp;&nbsp;&nbsp;&nbsp;&nbsp;&nbsp;&nbsp;&nbsp;&nbsp;&nbsp;&nbsp;&nbsp;&nbsp;&nbsp;&nbsp;&nbsp;1&nbsp;&nbsp;&nbsp;&nbsp;&nbsp;&nbsp;&nbsp;&nbsp;&nbsp;&nbsp;&nbsp;2&nbsp;&nbsp;&nbsp;&nbsp;&nbsp;&nbsp;&nbsp;&nbsp;&nbsp;&nbsp;&nbsp;3&nbsp;&nbsp;&nbsp;&nbsp;&nbsp;&nbsp;&nbsp;&nbsp;&nbsp;&nbsp;&nbsp;4&nbsp;&nbsp;&nbsp;&nbsp;&nbsp;&nbsp;&nbsp;&nbsp;&nbsp;&nbsp;&nbsp;5</strong>&nbsp;&nbsp;&nbsp;&nbsp;&nbsp;&nbsp;&nbsp;&nbsp;&nbsp;&nbsp;&nbsp;</p>

<p><strong>An&aacute;lisis de la informaci&oacute;n</strong></p>

<p><strong>&middot;</strong> Han sabido establecer diferencias entre<br />
&nbsp; la informaci&oacute;n importante y la innecesaria.</p>

<p><strong>&middot;</strong> Han orientado todos los datos, antes<br />
&nbsp; de utilizarlos.</p>

<p><strong>&middot;</strong> Han utilizado los datos correctamente.</p>

<p>________________________________________________________________________&nbsp;&nbsp;&nbsp;&nbsp;&nbsp;&nbsp;&nbsp;&nbsp;&nbsp;&nbsp;&nbsp;&nbsp;&nbsp;&nbsp;&nbsp;&nbsp;&nbsp;&nbsp;&nbsp;&nbsp;&nbsp;&nbsp;&nbsp;&nbsp;&nbsp;&nbsp;&nbsp;&nbsp;&nbsp;&nbsp;&nbsp;&nbsp;&nbsp;&nbsp;&nbsp;&nbsp;&nbsp;&nbsp;&nbsp;&nbsp;&nbsp;&nbsp;&nbsp;&nbsp;&nbsp;&nbsp;&nbsp;&nbsp;&nbsp;&nbsp;&nbsp;&nbsp;&nbsp;&nbsp;&nbsp;&nbsp;&nbsp;&nbsp;&nbsp;&nbsp;&nbsp;&nbsp;&nbsp;&nbsp;&nbsp;&nbsp;</p>

<p><strong>&nbsp;&nbsp;&nbsp;&nbsp;&nbsp;&nbsp;&nbsp;&nbsp;&nbsp;&nbsp;&nbsp;&nbsp;&nbsp;&nbsp;&nbsp;&nbsp;&nbsp;&nbsp;&nbsp;&nbsp;&nbsp;&nbsp;&nbsp;&nbsp;&nbsp;&nbsp;&nbsp;&nbsp;&nbsp;&nbsp;&nbsp;&nbsp;&nbsp;&nbsp;&nbsp;&nbsp;&nbsp;&nbsp;&nbsp;&nbsp;&nbsp;&nbsp;&nbsp;&nbsp;&nbsp;&nbsp;&nbsp;&nbsp;&nbsp;&nbsp;&nbsp;&nbsp;&nbsp;&nbsp;&nbsp;&nbsp;&nbsp;&nbsp;&nbsp;&nbsp;&nbsp;&nbsp;&nbsp;&nbsp;&nbsp;&nbsp;&nbsp;&nbsp;&nbsp;&nbsp;&nbsp;&nbsp;&nbsp;&nbsp;&nbsp;&nbsp;&nbsp;1&nbsp;&nbsp;&nbsp;&nbsp;&nbsp;&nbsp;&nbsp;&nbsp;&nbsp;&nbsp;&nbsp;2&nbsp;&nbsp;&nbsp;&nbsp;&nbsp;&nbsp;&nbsp;&nbsp;&nbsp;&nbsp;&nbsp;3&nbsp;&nbsp;&nbsp;&nbsp;&nbsp;&nbsp;&nbsp;&nbsp;&nbsp;&nbsp;&nbsp;4&nbsp;&nbsp;&nbsp;&nbsp;&nbsp;&nbsp;&nbsp;&nbsp;&nbsp;&nbsp;&nbsp;5</strong>&nbsp;&nbsp;&nbsp;&nbsp;&nbsp;&nbsp;&nbsp;&nbsp;&nbsp;&nbsp;&nbsp;</p>

<p><strong>S&iacute;ntesis</strong></p>

<p><strong>&middot;</strong> Han dado respuesta a la pregunta inicial.</p>

<p><strong>&middot;</strong> Han logrado deducir conclusiones correctas.</p>

<p><strong>&middot;</strong> Han preparado una presentaci&oacute;n comprensible.</p>

<p><strong>&middot;</strong> Han hecho una exposici&oacute;n oral correcta<br />
&nbsp; y completa.</p>

<p><strong>&middot;</strong> Han respondido a las preguntas del auditorio.</p>

<p><strong>&middot;</strong> Han incorporado el contenido visual de<br />
&nbsp; manera adecuada.</p>

<p><strong>&middot;</strong> Han sido creativos.</p>

<p>________________________________________________________________________&nbsp;&nbsp;&nbsp;&nbsp;&nbsp;&nbsp;&nbsp;&nbsp;&nbsp;&nbsp;&nbsp;&nbsp;&nbsp;&nbsp;&nbsp;&nbsp;&nbsp;&nbsp;&nbsp;&nbsp;&nbsp;&nbsp;&nbsp;&nbsp;&nbsp;&nbsp;&nbsp;&nbsp;&nbsp;&nbsp;&nbsp;&nbsp;&nbsp;&nbsp;&nbsp;&nbsp;&nbsp;&nbsp;&nbsp;&nbsp;&nbsp;&nbsp;&nbsp;&nbsp;&nbsp;&nbsp;&nbsp;&nbsp;&nbsp;&nbsp;&nbsp;&nbsp;&nbsp;&nbsp;&nbsp;&nbsp;&nbsp;&nbsp;&nbsp;&nbsp;&nbsp;&nbsp;&nbsp;&nbsp;&nbsp;&nbsp;</p>

<p><strong>&nbsp;&nbsp;&nbsp;&nbsp;&nbsp;&nbsp;&nbsp;&nbsp;&nbsp;&nbsp;&nbsp;&nbsp;&nbsp;&nbsp;&nbsp;&nbsp;&nbsp;&nbsp;&nbsp;&nbsp;&nbsp;&nbsp;&nbsp;&nbsp;&nbsp;&nbsp;&nbsp;&nbsp;&nbsp;&nbsp;&nbsp;&nbsp;&nbsp;&nbsp;&nbsp;&nbsp;&nbsp;&nbsp;&nbsp;&nbsp;&nbsp;&nbsp;&nbsp;&nbsp;&nbsp;&nbsp;&nbsp;&nbsp;&nbsp;&nbsp;&nbsp;&nbsp;&nbsp;&nbsp;&nbsp;&nbsp;&nbsp;&nbsp;&nbsp;&nbsp;&nbsp;&nbsp;&nbsp;&nbsp;&nbsp;&nbsp;&nbsp;&nbsp;&nbsp;&nbsp;&nbsp;&nbsp;&nbsp;&nbsp;&nbsp;&nbsp;&nbsp;1&nbsp;&nbsp;&nbsp;&nbsp;&nbsp;&nbsp;&nbsp;&nbsp;&nbsp;&nbsp;&nbsp;2&nbsp;&nbsp;&nbsp;&nbsp;&nbsp;&nbsp;&nbsp;&nbsp;&nbsp;&nbsp;&nbsp;3&nbsp;&nbsp;&nbsp;&nbsp;&nbsp;&nbsp;&nbsp;&nbsp;&nbsp;&nbsp;&nbsp;4&nbsp;&nbsp;&nbsp;&nbsp;&nbsp;&nbsp;&nbsp;&nbsp;&nbsp;&nbsp;&nbsp;5</strong>&nbsp;&nbsp;&nbsp;&nbsp;&nbsp;&nbsp;&nbsp;&nbsp;&nbsp;&nbsp;&nbsp;</p>

<p><strong>VALORACI&Oacute;N GLOBAL</strong></p>

<p><strong>&middot;</strong> Del trabajo desarrollado.</p>

<p><strong>&middot;</strong> De los documentos entregados.</p>

<p><strong>&middot;</strong> Del trabajo en equipo.</p>

<p><strong>&middot;</strong> Del debate.</p>

<p>&nbsp;&nbsp;&nbsp;&nbsp;&nbsp;&nbsp;&nbsp;&nbsp; &nbsp;&nbsp;&nbsp;&nbsp;&nbsp;&nbsp;&nbsp;&nbsp;&nbsp;&nbsp;&nbsp;&nbsp;&nbsp;&nbsp;&nbsp;&nbsp;&nbsp;&nbsp;&nbsp;&nbsp;&nbsp;&nbsp;&nbsp;&nbsp;&nbsp;&nbsp;&nbsp;&nbsp;&nbsp;&nbsp;&nbsp;&nbsp;&nbsp;&nbsp;&nbsp;&nbsp;&nbsp;&nbsp;&nbsp;&nbsp;&nbsp;&nbsp;&nbsp;&nbsp;</p>
]]></section>
</engine>