﻿<?xml version="1.0" encoding="utf-8"?>
<motor tipo="102" clase="ab" aprid="m102ab">
  <plataforma>
    <grado><![CDATA[1]]></grado>
    <titulo>Competencias: tu propia Comisión Corográfica</titulo>
    <volumen><![CDATA[1]]></volumen>
    <nivel><![CDATA[1]]></nivel>
    <referencia><![CDATA[EX_PLANTILLA_M102AB]]></referencia>
    <motor><![CDATA[M102ab]]></motor>
    <lang>es</lang>
  </plataforma>
  <enunciado><![CDATA[Realiza la siguiente actividad. Cuando termines, envíala para que pueda ser validada.]]></enunciado>
  <masinfo inicio="0" />
  <textoupload />
  <adjunto><![CDATA[principal.html]]></adjunto>
  <url />
  <amano><![CDATA[0]]></amano>
</motor>