﻿<?xml version="1.0" encoding="utf-8"?><motor tipo="1" clase="b" aprid="m1b">
  <plataforma>
    <grado><![CDATA[2]]></grado>
    <titulo>Identifica los avances tecnológicos de la navegación en los siglos XIV y XV</titulo>
    <area>0</area>
    <nivel>1</nivel>
    <referencia/>
    <idreg><![CDATA[0]]></idreg>
    <motor><![CDATA[M1B]]></motor>
    <lang>es</lang>
  </plataforma>
  <enunciado><![CDATA[Relaciona las siguientes innovaciones tecnológicas que se dieron durante los siglos XIV y XV con su respectiva definición.]]></enunciado>
  <masinfo inicio="0"/>
  <sinaleatoriedad><![CDATA[0]]></sinaleatoriedad>
  <calc><![CDATA[0]]></calc>
  <textoatexto cantidad="5">
    <cuestion>
      <pregunta><![CDATA[Catalejo]]></pregunta>
      <respuesta><![CDATA[Instrumento óptico extensible que sirve para ver a larga distancia.]]></respuesta>
    </cuestion>
    <cuestion>
      <pregunta><![CDATA[Brújula]]></pregunta>
      <respuesta><![CDATA[Instrumento que sirve para determinar las direcciones de la superficie terrestre.]]></respuesta>
    </cuestion>
    <cuestion>
      <pregunta><![CDATA[Carta náutica]]></pregunta>
      <respuesta><![CDATA[Representación a escala de las aguas navegables y de las profundidades del agua y las alturas del terreno.]]></respuesta>
    </cuestion>
    <cuestion>
      <pregunta><![CDATA[Carabela]]></pregunta>
      <respuesta><![CDATA[Antigua embarcación muy ligera, larga y estrecha, con una sola cubierta.]]></respuesta>
    </cuestion>
    <cuestion>
      <pregunta><![CDATA[Astrolabio]]></pregunta>
      <respuesta><![CDATA[Antiguo instrumento utilizado para observar y determinar la posición y el movimiento de los astros.]]></respuesta>
    </cuestion>
  </textoatexto>
  <textofalso cantidad="0"/>
</motor>