﻿<?xml version="1.0" encoding="utf-8"?><engine copy="Editorial Planeta" version="1" aprid="f10b">
<main mode="f10b" title="Grandes cambios en Europa en los siglos XIV y XV">
<tf><![CDATA[<h3>Cambios&nbsp;en el inicio de la Edad&nbsp;moderna</h3>

<p>Los siglos XIV y XV marcaron el&nbsp;<strong>tr&aacute;nsito de la Edad Media a la Edad Moderna</strong>&nbsp;a trav&eacute;s de una serie de acontecimientos que obligaron al hombre medieval a repensar&nbsp;el mundo en el cual viv&iacute;a, su escala de valores, prioridades e&nbsp;ideas. Esto lo llev&oacute; a&nbsp;<strong>reformular profundamente su vida,&nbsp;su cotidianidad y sus relaciones con el gobierno y la Iglesia</strong>.</p>

<p>Uno de los cambios m&aacute;s poderosos ocurr&iacute;o&nbsp;en el mundo rural afectado por <strong>levantamientos sociales</strong>,<strong>&nbsp;</strong>producto del descontento de una poblaci&oacute;n&nbsp;azotada por las calamidades, los abusos de poder y la pobreza extrema.</p>

<p>Analizar&nbsp;la&nbsp;<strong>transformaci&oacute;n del mundo rural</strong>&nbsp;medieval permite identificar las razones de procesos tan poderosos como el&nbsp;<strong>surgimiento del comercio transoce&aacute;nico</strong>, el auge de las ciudades comerciales y el desarrollo de una identidad como ser humano hacedor de su propio destino, algo completamente inimaginable para el campesino que cultivaba en las tierras del se&ntilde;or feudal.</p>]]></tf>
</main>
<presentation title="" title2="Comprensión" buttons="false" bkclass="slideComprension">
	<definition>
		<title></title>
		<def><![CDATA[<p><span style="color:#FF8C00"><span style="font-family:verdana,geneva,sans-serif"><span style="font-size:32px">Comprensi&oacute;n</span></span></span></p>

<p>&nbsp;</p>

<ul>
	<li><span style="font-size:25px"><span style="font-family:verdana,geneva,sans-serif">&iquest;Qu&eacute; situaciones llevaron al debilitamiento del feudalismo en el siglo XIV?</span></span><br />
	&nbsp;</li>
	<li><span style="font-size:25px"><span style="font-family:verdana,geneva,sans-serif">&iquest;Por qu&eacute; los campesinos se rebelaron contra&nbsp;<span style="font-size:25px"><span style="font-family:verdana,geneva,sans-serif">los se&ntilde;ores feudales?</span></span>&nbsp;&nbsp;</span></span><br />
	&nbsp;</li>
	<li><span style="font-size:25px"><span style="font-family:verdana,geneva,sans-serif">​</span></span><span style="font-size:25px"><span style="font-family:verdana,geneva,sans-serif"><span style="font-size:25px"><span style="font-family:verdana,geneva,sans-serif">​​​​​​​</span></span></span></span><span style="font-size:25px"><span style="font-family:verdana,geneva,sans-serif"><span style="font-size:25px"><span style="font-family:verdana,geneva,sans-serif">&iquest;A qu&eacute; cambios aspiraban los campesinos?</span></span></span></span></li>
</ul>

<p>&nbsp;</p>

<p>&nbsp;</p>
]]></def>
	</definition>
	<definition>
		<title></title>
		<def><![CDATA[<p><span style="color:#FF8C00"><span style="font-family:verdana,geneva,sans-serif"><span style="font-size:32px">Comprensi&oacute;n</span></span></span></p>

<p>&nbsp;</p>

<ul>
	<li><span style="font-size:25px"><span style="font-family:verdana,geneva,sans-serif">&iquest;Por qu&eacute; raz&oacute;n fueron abandonadas las tierras de producci&oacute;n agr&iacute;cola durante el siglo XIV?</span></span><br />
	&nbsp;</li>
	<li><span style="font-size:25px"><span style="font-family:verdana,geneva,sans-serif">&iquest;Qu&eacute; significaba para la econom&iacute;a medieval que disminuyera la poblaci&oacute;n del campo?</span></span></li>
</ul>

<p>&nbsp;</p>]]></def>
	</definition>
	<definition>
		<title></title>
		<def><![CDATA[<p><span style="color:#FF8C00"><span style="font-family:verdana,geneva,sans-serif"><span style="font-size:32px">Comprensi&oacute;n</span></span></span></p>

<p>&nbsp;</p>

<ul>
	<li><span style="font-size:25px"><span style="font-family:verdana,geneva,sans-serif">&iquest;De qu&eacute; manera se logr&oacute; en el siglo XV renovar la producci&oacute;n del campo?</span></span><br />
	&nbsp;</li>
	<li><span style="font-size:25px"><span style="font-family:verdana,geneva,sans-serif">&iquest;Qui&eacute;nes fueron los principales beneficiarios de este aumento de la producci&oacute;n?</span></span></li>
</ul>]]></def>
	</definition>
	<definition>
		<title></title>
		<def><![CDATA[<p><span style="color:#FF8C00"><span style="font-family:verdana,geneva,sans-serif"><span style="font-size:32px">Comprensi&oacute;n</span></span></span></p>

<p>&nbsp;</p>

<ul>
	<li><span style="font-size:25px"><span style="font-family:verdana,geneva,sans-serif">&iquest;Por qu&eacute; el comercio ve en el campo una fuente de recursos y de riqueza?</span></span><br />
	&nbsp;</li>
	<li><span style="font-size:25px"><span style="font-family:verdana,geneva,sans-serif">&iquest;Qu&eacute; novedades se observan en la producci&oacute;n agr&iacute;cola del siglo XV?</span></span></li>
</ul>]]></def>
	</definition>
	<definition>
		<title></title>
		<def><![CDATA[<p><span style="color:#FF8C00"><span style="font-family:verdana,geneva,sans-serif"><span style="font-size:32px">Comprensi&oacute;n</span></span></span></p>

<p>&nbsp;</p>

<ul>
	<li><span style="font-size:25px"><span style="font-family:verdana,geneva,sans-serif">&iquest;Qu&eacute; ocurre con los campesinos tras las transformaciones ocurridas en el campo?</span></span><br />
	&nbsp;</li>
	<li><span style="font-size:25px"><span style="font-family:verdana,geneva,sans-serif">&iquest;Por qu&eacute; los campesinos van a continuar en la misma situaci&oacute;n que viv&iacute;an durante el siglo XIV?</span></span></li>
</ul>

<p>&nbsp;</p>]]></def>
	</definition>
</presentation>
<selection title="" title2="Léxico" bkclass="slideLexico">
	<definition>
		<title>Agricultura</title>
		<def><![CDATA[<p><span style="font-size:25px"><span style="font-family:verdana,geneva,sans-serif"><strong>Agricultura: </strong><br />
conjunto de t&eacute;cnicas y conocimientos necesarios para cultivar&nbsp;la tierra y obtener de ella su usufructo.</span></span></p>]]></def>
	</definition>
	<definition>
		<title>Feudalismo</title>
		<def><![CDATA[<p><span style="font-size:25px"><span style="font-family:verdana,geneva,sans-serif"><strong>Feudalismo:</strong><br />
sistema de organizaci&oacute;n social, pol&iacute;tica y econ&oacute;mica que caracteriz&oacute; a&nbsp;la Edad Media y que basaba su poder&iacute;o en la tenencia de la tierra.</span></span></p>]]></def>
	</definition>
	<definition>
		<title>Demografía</title>
		<def><![CDATA[<p><span style="font-size:25px"><span style="font-family:verdana,geneva,sans-serif"><strong>Demograf&iacute;a:</strong><br />
ciencia que estudia la composici&oacute;n, crecimiento y&nbsp;transformaciones de los grupos humanos a partir de la obtenci&oacute;n&nbsp;de datos estad&iacute;sticos.</span></span></p>]]></def>
	</definition>
	<definition>
		<title>Mercader</title>
		<def><![CDATA[<p><span style="font-size:25px"><span style="font-family:verdana,geneva,sans-serif"><strong>Mercader:</strong><br />
persona encargada de realizar&nbsp;transacciones&nbsp;comerciales, ya sea la compra o la venta de objetos a los que se les puede dar un valor de cambio.</span></span></p>]]></def>
	</definition>
	<definition>
		<title>Apocalipsis</title>
		<def><![CDATA[<p><span style="font-size:25px"><span style="font-family:verdana,geneva,sans-serif"><strong>Apocalipsis:</strong><br />
&uacute;ltimo libro del <em>Nuevo Testamento</em>, atribuido a&nbsp;Juan el Evangelista. En &eacute;l se&nbsp;hace una narraci&oacute;n simb&oacute;lica y de car&aacute;cter prof&eacute;tico acerca del cristianismo.&nbsp;Popularmente se ha interpretado el texto como la narraci&oacute;n del fin del mundo.</span></span></p>]]></def>
	</definition>
	<definition>
		<title>Pancoger</title>
		<def><![CDATA[<p><span style="font-size:25px"><span style="font-family:verdana,geneva,sans-serif"><strong>Pancoger:</strong><br />
nombre con que se designa a los cultivos de subsistencia de&nbsp;los campesinos que no son due&ntilde;os de tierra&nbsp;o que la poseen en porciones muy peque&ntilde;as.</span></span></p>]]></def>
	</definition>
</selection>
<presentation title="" title2="Investigación" buttons="false" bkclass="slideInvestiga">
	<definition>
		<title></title>
		<def><![CDATA[<p><span style="color:#FF8C00"><span style="font-size:32px"><span style="font-family:verdana,geneva,sans-serif">Investiga</span></span></span></p>

<p>&nbsp;</p>

<ul>
	<li><span style="font-size:23px"><span style="font-family:verdana,geneva,sans-serif">Consulta&nbsp;acerca de los avances de&nbsp;la agricultura del siglo XV;&nbsp;para esto inf&oacute;rmate de los principales cambios que se dieron en Inglaterra y&nbsp;Francia, y escribe un texto donde compares las diferencias&nbsp;respecto a la Edad Media.</span></span><br />
	&nbsp;</li>
	<li><span style="font-size:23px"><span style="font-family:verdana,geneva,sans-serif">Investiga el tipo de productos agr&iacute;colas que m&aacute;s se comercializaron y las zonas a las que fueron llevados.</span></span></li>
</ul>]]></def>
	</definition>
	<definition>
		<title></title>
		<def><![CDATA[<p><span style="color:rgb(255, 140, 0); font-family:verdana,geneva,sans-serif; font-size:32px">Investiga</span></p>

<p>&nbsp;</p>

<ul>
	<li><span style="font-size:23px">Investiga sobre el impacto social de los avances agr&iacute;colas en el territorio europeo&nbsp;y explica las razones de los&nbsp;disturbios sociales en&nbsp;diversas regiones de Europa.</span></li>
</ul>]]></def>
	</definition>
</presentation>
<masinfo>
<pantalla1><![CDATA[<p style="text-align:center"><img alt="" src="data/imagenes/CS_07_03_REC80_IMG01.jpg" style="height:385px; width:670px" /></p>

<p style="text-align:center">El hambre, la peste y las guerras del siglo&nbsp;XIV produjeron un gran desconcierto en una sociedad eminentemente religiosa. Fresco de finales del siglo&nbsp;XV.</p>
]]></pantalla1>
</masinfo>
</engine>