﻿<?xml version="1.0" encoding="utf-8"?><engine copy="Editorial Planeta" version="1" aprid="f7b"><main layout="2">
<title>La diversidad climática en Colombia</title>
<footer>Escoge una imagen </footer>
</main>
<sections>
<section i="0" star="false" hasSubsections="false">
<menuImage path="colombia_andes.jpg" border="0">
<title><![CDATA[Clima de Colombia]]></title>
</menuImage>
<pages>
<page i="0" visible="true" color="">
<title>La diversidad climática en Colombia</title>
<description><![CDATA[<p>Colombia est&aacute; <strong>ubicada sobre el Ecuador terrestre.</strong> En las zonas de latitudes bajas el clima es c&aacute;lido, en el caso de nuestro pa&iacute;s esta modificado por la cordillera de los Andes.</p>

<p>Colombian posee <strong>climas tropicales, climas secos y climas de monta&ntilde;a</strong>.&nbsp; En cada uno de ellos se pueden encontrar&nbsp; diferentes&nbsp; ecosistemas o <strong>microclimas.</strong></p>
]]></description>
<images>
<image path="colombia01.jpg" border = "0" pathbig="colombia01.jpg">
<title><![CDATA[Sobre el Ecuador]]></title>
</image>
</images>
</page>
<page i="0" visible="true" color="">
<title>La altitud</title>
<description><![CDATA[<p><strong>La altitud</strong> es un determinante para las condiciones clim&aacute;ticas colombianas ya que la temperatura desciende aproximadamente 6&deg;C por cada 1000 metros que se ascienda.&nbsp;A este tipo clim&aacute;tico se le denomina <strong>clima de monta&ntilde;a o de pisos t&eacute;rmicos</strong> que se encuentra en la parte central de nuestro pa&iacute;s.</p>
]]></description>
<images>
<image path="COCORA.jpg" border = "0" pathbig="COCORA.jpg">
<title><![CDATA[]]></title>
</image>
</images>
</page>
<page i="0" visible="true" color="">
<title>Sin estaciones</title>
<description><![CDATA[<p><strong>En&nbsp; Colombia no hay estaciones</strong>,&nbsp; pero cada regi&oacute;n biogeogr&aacute;fica presenta temporadas secas y temporadas de lluvia.&nbsp;Los periodos pueden variar, sin embargo, <strong>la &eacute;poca de sequ&iacute;a</strong> suele estar entre diciembre-enero y julio-agosto y la <strong>&eacute;poca de lluvias</strong> entre abril-mayo y octubre-noviembre.</p>

<p>&nbsp;</p>
]]></description>
<images>
<image path="CAFE.jpg" border = "0" pathbig="CAFE.jpg">
<title><![CDATA[]]></title>
</image>
</images>
</page>
</pages>
</section><section i="0" star="false" hasSubsections="true">
<menuImage path="selva2.jpg" border="0">
<title><![CDATA[Clima tropical]]></title>
</menuImage>
<submenu>
<main layout="0">
<title>Clima tropical húmedo</title>
<footer>Selecciona una imagen</footer>
</main>
<sections>
<section i="0" star="false" hasSubsections="false">
<menuImage path="rana.jpg" border="0">
<title><![CDATA[Selva tropical húmeda]]></title>
</menuImage>
<pages>
<page i="0" visible="true" color="">
<title>Selva tropical húmeda y lluviosa</title>
<description><![CDATA[<p><strong>Ubicaci&oacute;n</strong></p>

<p>La selva tropical h&uacute;meda y lluviosa se localiza en los llanos orientales, zonas de los valles del Cauca y Magdalena,&nbsp;las selvas chocoanas &ndash;una de las zonas m&aacute;s h&uacute;medas en el mundo-&nbsp;y&nbsp;la cuenca Amaz&oacute;nica.&nbsp;All&iacute; se encuentran bosques h&uacute;medos tropicales, que&nbsp;son ecosistemas <strong>mega diversos</strong>, es decir que se encuentra gran diversidad de animales y plantas. &nbsp;&nbsp;</p>
]]></description>
<images>
<image path="IMG04.jpg" border = "0" pathbig="IMG04.jpg">
<title><![CDATA[]]></title>
</image>
</images>
</page>
<page i="0" visible="true" color="">
<title>Biodiversidad de la selva</title>
<description><![CDATA[<p><strong>Flora </strong></p>

<p>En estas selvas se pueden encontrar &aacute;rboles muy altos como las <strong>ceibas, choib&aacute;s, palmas y caguis</strong>, que se caracterizan por tener m&aacute;s de 60 metros de altura, sus hojas son del <strong>tipo caduca</strong> y se encargan de recibir gran cantidad de luz, agua y sol.</p>

<p>Existen otros tipos de &aacute;rboles como los <strong>cedros, laureles y cominos</strong>, que son m&aacute;s bajos -40 o 30 metros- y son el hogar de muchos de los animales que aqu&iacute; habitan.&nbsp;De estos &aacute;rboles cuelgan <strong>lianas, cuerdas y bejucos</strong> que forman enredaderas y adornan la selva con un manto verde en las alturas.</p>
]]></description>
<images>
<image path="arboles.jpg" border = "0" pathbig="arboles.jpg">
<title><![CDATA[]]></title>
</image>
<image path="lianas.jpg" border = "0" pathbig="lianas.jpg">
<title><![CDATA[]]></title>
</image>
</images>
</page>
<page i="0" visible="true" color="">
<title>Flora</title>
<description><![CDATA[<p>En los &aacute;rboles crecen algunas <strong>plantas par&aacute;sitas</strong> que se benefician de los nutrientes como las <strong>orqu&iacute;deas y las bromelias</strong>.&nbsp;En los r&iacute;os es com&uacute;n hallar la <strong>victoria regia</strong> que son grandes hojas que flotan en la superficie.&nbsp;</p>

<p>En la parte m&aacute;s baja de las selvas crecen <strong>arbustos, helechos, y el plantanillo,</strong> que alimentan a los anfibios, insectos y mam&iacute;feros que aqu&iacute; se encuentran.</p>
]]></description>
<images>
<image path="orquideas.jpg" border = "0" pathbig="orquideas.jpg">
<title><![CDATA[]]></title>
</image>
<image path="plantan.jpg" border = "0" pathbig="plantan.jpg">
<title><![CDATA[]]></title>
</image>
<image path="victoria.jpg" border = "0" pathbig="victoria.jpg">
<title><![CDATA[]]></title>
</image>
</images>
</page>
<page i="0" visible="true" color="">
<title>Fauna de las Selvas tropicales húmedad</title>
<description><![CDATA[<p>Se encuentran gran variedad de <strong>mam&iacute;feros</strong> de gran tama&ntilde;o como: los monos aulladores, los perezosos, jaguares, pumas y tigrillos, peque&ntilde;os como ratones, armadillos, cusumbos, sainos, monos titi, dantas, zarig&uuml;eyas y osos hormigueros;&nbsp; <strong>aves </strong>con plumas multicolores como los tucanes, guacamayas tricolores, colibr&iacute;es, b&uacute;hos y &aacute;guilas; <strong>reptiles</strong> como boas, tortugas,&nbsp; caimanes de r&iacute;o y serpientes; <strong>anfibios</strong>, con m&aacute;s de 700 tipos de ranas y 300 exclusivas de Colombia como la &ldquo;rana ojos de rub&iacute;&rdquo; &ldquo;rana dorada&rdquo; o la &ldquo;rana cohete&rdquo;; <strong>peces&nbsp; </strong>como la cachama; la pira&ntilde;a; paiche, bagre y characines; <strong>insectos</strong> como hormigas, mariposas, escarabajos y termitas que son el alimento de muchos de los anteriores.</p>
]]></description>
<images>
<image path="delfin.jpg" border = "0" pathbig="delfin.jpg">
<title><![CDATA[]]></title>
</image>
<image path="guacamaya.jpg" border = "0" pathbig="guacamaya.jpg">
<title><![CDATA[]]></title>
</image>
<image path="perezoso.jpg" border = "0" pathbig="perezoso.jpg">
<title><![CDATA[]]></title>
</image>
<image path="rana_amar.jpg" border = "0" pathbig="rana_amar.jpg">
<title><![CDATA[]]></title>
</image>
</images>
</page>
</pages>
</section><section i="0" star="false" hasSubsections="false">
<menuImage path="morichal.jpg" border="0">
<title><![CDATA[Sabana tropiclal]]></title>
</menuImage>
<pages>
<page i="0" visible="true" color="">
<title>Sabanas tropicales </title>
<description><![CDATA[<p><strong>Ubicaci&oacute;n </strong></p>

<p>En Colombia la zona de sabanas tropicales m&aacute;s extensa est&aacute; ubicada en los <strong>llanos orientales, </strong>al igual que en las sabanas del Caribe.&nbsp;Aqu&iacute; se presenta una &eacute;poca de lluvias entre abril y noviembre donde se inundan sus suelos,&nbsp;y los r&iacute;os aumentan su caudal.&nbsp;La &eacute;poca de sequ&iacute;a corresponde a los meses de noviembre y marzo.</p>
]]></description>
<images>
<image path="guaviare.jpg" border = "0" pathbig="">
<title><![CDATA[]]></title>
</image>
</images>
</page>
<page i="0" visible="true" color="">
<title>Flora</title>
<description><![CDATA[<p>En la rivera de los r&iacute;os en com&uacute;n encontrar gran cantidad de &aacute;rboles que se mantienen gracias a la fuente h&iacute;drica.&nbsp;Estos bosques se denominan de <strong>bosques de galer&iacute;a</strong>, donde predominan las palmas que son utilizadas para extraer fibras y alimentos para animales y humanos.&nbsp;</p>

<p>Tambi&eacute;n se encuentran &aacute;rboles de menor altura a los que se les denomina <strong>chaparrales</strong>.</p>

<p>En las zonas m&aacute;s bajas se encuentran <strong>los esteros</strong> o &aacute;reas donde el agua se conserva durante todo el a&ntilde;o favoreciendo la poblaci&oacute;n de aves, peces y &aacute;rboles.</p>

<p>En las sabanas es com&uacute;n hallar <strong>arboles maderables</strong> como los gualandayes,&nbsp;yopo, flor amarillo, caucho negro, guadua;&nbsp;chaparro, algarrobo, palo de cruz y ciruelos hobos, entre otros.&nbsp;Adem&aacute;s de algunas palmeras como la <strong>palma de moriche</strong>, de corozo, chontaduro, mapora y manaca.</p>
]]></description>
<images>
<image path="morichal2.jpg" border = "0" pathbig="morichal2.jpg">
<title><![CDATA[]]></title>
</image>
<image path="ceiba.jpg" border = "0" pathbig="ceiba.jpg">
<title><![CDATA[]]></title>
</image>
</images>
</page>
<page i="0" visible="true" color="">
<title>Fauna</title>
<description><![CDATA[<p>En los esteros se pueden hallar aves como <strong>garzas</strong>, corocoras rojas, guacamayas, Martin pescador, gavilanes, y algunas migratorias como sigi&ntilde;&uuml;elas y&nbsp;aliazules.</p>

<p>Peces como la <strong>cachamas</strong>, pira&ntilde;as, bagres rayados, escalares, sardinata, capaz y peces &oacute;scar.&nbsp;Reptiles como la boa, <strong>caimanes</strong> y tortugas morrocoyes.</p>

<p>Entre los mam&iacute;feros est&aacute;n los <strong>chig&uuml;iros o capibara</strong>, que son los roedores m&aacute;s grandes del mundo, venados, oso de anteojos, armadillos, monos, oso hormigueo, <strong>ocarros</strong>, tigrillos, zorro cangrejero, perro sabanero, perezosos, puerco esp&iacute;n y m&uacute;ltiples roedores.&nbsp;</p>
]]></description>
<images>
<image path="CHIGUIRO.jpg" border = "0" pathbig="CHIGUIRO.jpg">
<title><![CDATA[]]></title>
</image>
<image path="tortugas.jpg" border = "0" pathbig="tortugas.jpg">
<title><![CDATA[]]></title>
</image>
<image path="pirana.jpg" border = "0" pathbig="pirana.jpg">
<title><![CDATA[]]></title>
</image>
</images>
</page>
</pages>
</section></sections>
</submenu>
</section><section i="0" star="false" hasSubsections="false">
<menuImage path="GUAJIRA.jpg" border="0">
<title><![CDATA[Clima seco]]></title>
</menuImage>
<pages>
<page i="0" visible="true" color="">
<title>Clima seco o de estepas</title>
<description><![CDATA[<p><strong>Ubicaci&oacute;n </strong></p>

<p>Este clima se ubica en las<strong> sabanas bajas</strong> de Bol&iacute;var, Meta, Guaviare y parte de la Guajira.&nbsp;&nbsp; Esta &uacute;ltima se caracteriza por ser la zona con menos precipitaciones del pa&iacute;s.</p>
]]></description>
<images>
<image path="GUAJIRA.jpg" border = "0" pathbig="GUAJIRA.jpg">
<title><![CDATA[]]></title>
</image>
<image path="GUAJIRA2.jpg" border = "0" pathbig="GUAJIRA2.jpg">
<title><![CDATA[]]></title>
</image>
<image path="CACTUS_2.jpg" border = "0" pathbig="CACTUS_2.jpg">
<title><![CDATA[]]></title>
</image>
<image path="GUAJIRA3jpg.jpg" border = "0" pathbig="GUAJIRA3jpg.jpg">
<title><![CDATA[]]></title>
</image>
</images>
</page>
<page i="0" visible="true" color="">
<title>Los Bosques Secos Tropicales</title>
<description><![CDATA[<p>Con estas particularidades del clima se presentan los <strong>bosques secos tropicales</strong>&nbsp;donde se pueden encontrar plantas y animales que han desarrollado su resistencia a la falta de agua, como el <strong>cactus, plantas xerof&iacute;ticas y&nbsp; matorrales</strong> espinosos.&nbsp;</p>

<p>Entre los &aacute;rboles que all&iacute; se encuentran est&aacute;n los samanes, ojo de venado, caoba, palosanto, algarrobo, &eacute;bano<strong>, jagua y matarrat&oacute;n</strong>. Adem&aacute;s se hallan plantas bajas denominadas <strong>matorrales</strong> que poseen espinas para defenderse de los animales herb&iacute;voros y atrapar la poca humedad del aire.&nbsp; Tambi&eacute;n son comunes los <strong>cactus</strong>, que almacenan gran cantidad de agua en sus gruesas hojas y tallos, que cuentan tambi&eacute;n con espinas.</p>
]]></description>
<images>
<image path="CACTUS_3.jpg" border = "0" pathbig="CACTUS_3.jpg">
<title><![CDATA[]]></title>
</image>
<image path="macuira.jpg" border = "0" pathbig="macuira.jpg">
<title><![CDATA[]]></title>
</image>
</images>
</page>
<page i="0" visible="true" color="">
<title>Fauna </title>
<description><![CDATA[<p>Existen especies de monos, loros, cotorras, pericos, iguanas,&nbsp; lagartos como el lobo pollero, tortugas y serpientes.&nbsp;En la Alta Guajira es com&uacute;n hallar los <strong>flamingos rosados</strong> que habitan las costas del mar Caribe.&nbsp;En las rancherias o zona de habitad de los indigenas Wayuu se pueden encontrar ganado caprino.</p>
]]></description>
<images>
<image path="chivo.jpg" border = "0" pathbig="chivo.jpg">
<title><![CDATA[]]></title>
</image>
<image path="flami.jpg" border = "0" pathbig="flami.jpg">
<title><![CDATA[]]></title>
</image>
</images>
</page>
</pages>
</section><section i="0" star="false" hasSubsections="false">
<menuImage path="bosque_niebla.jpg" border="0">
<title><![CDATA[Clima de montaña]]></title>
</menuImage>
<pages>
<page i="0" visible="true" color="">
<title>CLIMA TROPICAL DE MONTAÑA o PISOS TERMICOS </title>
<description><![CDATA[<p><strong>Ubicaci&oacute;n</strong></p>

<p>Los climas de monta&ntilde;a se encuentran a trav&eacute;s de toda &nbsp;<strong>la regi&oacute;n andina</strong> y de los sistemas independientes de alta monta&ntilde;a.</p>

<p>Este clima tamb&iacute;en se denomina<strong> pisos t&eacute;rmicos</strong>, condicionado a la temperatura y a la altura.&nbsp; Se divide en clima de monta&ntilde;a c&aacute;lido, templado, frio, p&aacute;ramo y nieve perpetua.</p>
]]></description>
<images>
<image path="montana.jpg" border = "0" pathbig="montana.jpg">
<title><![CDATA[]]></title>
</image>
<image path="COCORA.jpg" border = "0" pathbig="COCORA.jpg">
<title><![CDATA[]]></title>
</image>
<image path="cocuy.jpg" border = "0" pathbig="cocuy.jpg">
<title><![CDATA[]]></title>
</image>
<image path="IMG02.jpg" border = "0" pathbig="IMG02.jpg">
<title><![CDATA[]]></title>
</image>
<image path="IMG03.jpg" border = "0" pathbig="IMG03.jpg">
<title><![CDATA[]]></title>
</image>
</images>
</page>
<page i="0" visible="true" color="">
<title>Clima de montaña templado de los 1000 a 2000 msnm </title>
<description><![CDATA[<p>En este tipo clim&aacute;tico se puede hallar el <strong>bosque templado h&uacute;medo</strong>, &nbsp;con una temperatura entre los 10 a 24&deg;C conocido con el nombre de <strong>piso premontano</strong> o zona cafetera.&nbsp;La vegetaci&oacute;n de esta zona ha sido modificada a trav&eacute;s del tiempo para establecer zonas de cultivos de acuerdo a las necesidades de la poblaci&oacute;n.&nbsp;</p>

<p>Sin embargo a&uacute;n se encuentran <strong>bosques de guaduas y ca&ntilde;averales</strong> en las orillas de los r&iacute;os y quebradas que riegan las cordilleras. Algunos &aacute;rboles propios de esta regi&oacute;n son &nbsp;los <strong>yarumos,&nbsp;guayacanes</strong>, ceibas,&nbsp;guamos, chachafrutos, cedros y &nbsp;laureles.&nbsp;La humedad es alta en las laderas de las monta&ntilde;as se establecen los soto bosques donde abundan los helechos, <strong>heliconias</strong> y plantanillos.</p>

<p>Entre las especies nativas de mam&iacute;feros se pueden encontrar monos ardilla, guagua, venados, armadillos, zorros, ardillas, zarig&uuml;eyas y roedores.&nbsp;Aves como azulejos, toches, mirlas, turpiales, sinsontes, perdices, halcones, b&uacute;hos y lechuzas.&nbsp; Adem&aacute;s de anfibios, reptiles e insectos.</p>
]]></description>
<images>
<image path="guayacan.jpg" border = "0" pathbig="guayacan.jpg">
<title><![CDATA[]]></title>
</image>
<image path="yarumo.jpg" border = "0" pathbig="yarumo.jpg">
<title><![CDATA[]]></title>
</image>
<image path="guadua.jpg" border = "0" pathbig="guadua.jpg">
<title><![CDATA[]]></title>
</image>
<image path="helic.jpg" border = "0" pathbig="helic.jpg">
<title><![CDATA[]]></title>
</image>
<image path="zarig.jpg" border = "0" pathbig="zarig.jpg">
<title><![CDATA[]]></title>
</image>
<image path="ardilla.jpg" border = "0" pathbig="ardilla.jpg">
<title><![CDATA[]]></title>
</image>
<image path="mono_ardilla.jpg" border = "0" pathbig="mono_ardilla.jpg">
<title><![CDATA[]]></title>
</image>
</images>
</page>
<page i="0" visible="true" color="">
<title>Clima de montaña frio de los 2000 a 3000 msnm </title>
<description><![CDATA[<p>Con una temperatura que va entre los 18 a 12&deg;C, en las altas monta&ntilde;as de los andes colombianos se hallan <strong>los bosques de niebla</strong>.&nbsp;Estas zonas se mantienen en la espesa <strong>niebla o neblina</strong> producto de la condensaci&oacute;n de la humedad o el vapor del agua en estas zonas fr&iacute;as.&nbsp;Las constantes gotas de agua que se forman por esta lluvia constante son absorbidas por los <strong>musgos, hongos, helechos&nbsp; y epifitas</strong> que las depositan en el suelo para formar lentamente arroyos, quebradas y r&iacute;os que rodaran hacia las zonas m&aacute;s bajas de la monta&ntilde;a.</p>
]]></description>
<images>
<image path="frio.jpg" border = "0" pathbig="frio.jpg">
<title><![CDATA[]]></title>
</image>
<image path="frio1.jpg" border = "0" pathbig="frio1.jpg">
<title><![CDATA[]]></title>
</image>
<image path="frio2.jpg" border = "0" pathbig="frio2.jpg">
<title><![CDATA[]]></title>
</image>
</images>
</page>
<page i="0" visible="true" color="">
<title>Clima de montaña de sub paramo al páramo</title>
<description><![CDATA[<p><strong>Clima de monta&ntilde;a de sub p&aacute;ramo</strong> de los 3000 a 4000 m.s.n.m &nbsp;y &nbsp;Clima de monta&ntilde;a de p&aacute;ramo de los 4000 a 5000 m.s.n.m.</p>

<p>Es una <strong>zona de transici&oacute;n</strong> entre el bosque de niebla y las zonas nevadas, con temperaturas entre los 6 a los 12&deg;C, fuertes y fr&iacute;os vientos y constantes precipitaciones en forma de <strong>llovizna</strong>.&nbsp;En las horas de la noche la temperatura puede descender fuertemente y se produce la <strong>escarcha</strong> que envuelve las hojas de las plantas.&nbsp;La vegetaci&oacute;n var&iacute;a desde los frailejones que pueden medir varios metros hasta los helechos, musgos y pastizales a ras de la tierra.&nbsp;Estos &uacute;ltimos sirven como esponjas para alimentar las fuentes de agua e lagos y lagunas que ser&aacute;n el origen de varios r&iacute;os.&nbsp;</p>

<p>Se encuentran varias especies animales como el <strong>oso de anteojos,</strong>&nbsp;danta de p&aacute;ramo, conejos, roedores&nbsp;e insectos que cumplen una importante funci&oacute;n de polinizaci&oacute;n, adem&aacute;s del imponente <strong>c&oacute;ndor de los Andes</strong>, que es el ave de mayor envergadura que existe.</p>

<p>&nbsp;</p>
]]></description>
<images>
<image path="frailejon.jpg" border = "0" pathbig="frailejon.jpg">
<title><![CDATA[]]></title>
</image>
<image path="paramo.jpg" border = "0" pathbig="paramo.jpg">
<title><![CDATA[]]></title>
</image>
<image path="paramo3.jpg" border = "0" pathbig="paramo3.jpg">
<title><![CDATA[]]></title>
</image>
<image path="osos.jpg" border = "0" pathbig="osos.jpg">
<title><![CDATA[]]></title>
</image>
<image path="IMG02.jpg" border = "0" pathbig="IMG02.jpg">
<title><![CDATA[]]></title>
</image>
</images>
</page>
<page i="0" visible="true" color="">
<title>Clima de montaña nieve perpetua a más de 5000 msnm</title>
<description><![CDATA[<p>La temperatura desciende a los 0&deg;C y la superficie se encuentra <strong>cubierta de nieve</strong> la mayor parte del a&ntilde;o.&nbsp;Las precipitaciones son en forma de <strong>granizo o copos de nieve</strong> y sus suelos no tienen la posibilidad de guardar vida. <strong>No posee formas de vida</strong> de forma constante.</p>

<p>Las monta&ntilde;as nevadas en Colombia tienden a desaparecer, pero a&uacute;n se pueden hallar en la Sierra Nevada de Santa Marta, Parque Nacional Natural de losNevados y Sierra del Cocuy.</p>

<p>&nbsp;</p>

<p>&nbsp;</p>

<p>&nbsp;</p>
]]></description>
<images>
<image path="cocuy3.jpg" border = "0" pathbig="cocuy3.jpg">
<title><![CDATA[]]></title>
</image>
<image path="cocuy4.jpg" border = "0" pathbig="cocuy4.jpg">
<title><![CDATA[]]></title>
</image>
<image path="ruiz.jpg" border = "0" pathbig="ruiz.jpg">
<title><![CDATA[]]></title>
</image>
<image path="ruiz2.jpg" border = "0" pathbig="ruiz2.jpg">
<title><![CDATA[]]></title>
</image>
</images>
</page>
<page i="0" visible="true" color="">
<title>Fauna </title>
<description><![CDATA[<p style="text-align:justify">Se encuentran varias especies animales como el <strong>oso de anteojos,</strong>&nbsp;danta de p&aacute;ramo, conejos, roedores &nbsp;e insectos que cumplen una importante funci&oacute;n de polinizaci&oacute;n;&nbsp;adem&aacute;s del imponente <strong>c&oacute;ndor de los andes</strong>, que es el ave de mayor envergadura que existe.</p>
]]></description>
</page>
</pages>
</section></sections>
</engine>