﻿<?xml version="1.0" encoding="utf-8"?><engine copy="Editorial Planeta" version="1" aprid="f7b"><main layout="2">
<title>La diversidad climática en Colombia</title>
<footer>Escoge una imagen </footer>
</main>
<sections>
<section i="0" star="false" hasSubsections="false">
<menuImage path="CS_07_09_REC150_IMG01.jpg" border="0">
<title><![CDATA[Los climas de Colombia]]></title>
</menuImage>
<pages>
<page i="0" visible="true" color="">
<title>La diversidad climática en Colombia</title>
<description><![CDATA[<p>Colombia est&aacute; <strong>ubicada sobre el ecuador terrestre</strong>, en las zonas de latitudes bajas. El clima deber&iacute;a ser&nbsp;c&aacute;lido en todo el territorio&nbsp;pero, las formaciones monta&ntilde;osas dan lugar a pisos t&eacute;rmicos.</p>

<p>Colombia&nbsp;posee <strong>climas tropicales</strong>,<strong> climas secos </strong>y<strong> climas de monta&ntilde;a </strong>y en cada uno de ellos se pueden encontrar&nbsp; diferentes&nbsp;<strong>microclimas.</strong></p>
]]></description>
<images>
<image path="CS_07_09_REC150_IMG05n.jpg" border = "0" pathbig="CS_07_09_REC150_IMG05a.jpg">
<title><![CDATA[Sobre el Ecuador]]></title>
</image>
</images>
</page>
<page i="0" visible="true" color="">
<title>La altitud</title>
<description><![CDATA[<p><strong>La altitud</strong> es el&nbsp;factor&nbsp;determinante del clima en Colombia&nbsp;ya que la temperatura desciende aproximadamente 1&deg;C por cada 1&nbsp;000 metros de altura y da lugar a los&nbsp;<strong>climas de monta&ntilde;a o de pisos t&eacute;rmicos</strong>.</p>
]]></description>
<images>
<image path="CS_07_09_REC150_IMG06n.jpg" border = "0" pathbig="CS_07_09_REC150_IMG06a.jpg">
<title><![CDATA[]]></title>
</image>
</images>
</page>
<page i="0" visible="true" color="">
<title>Periodos de lluvia y sequía</title>
<description><![CDATA[<p>En<strong> Colombia no hay estaciones</strong>,&nbsp;pero cada regi&oacute;n&nbsp;presenta temporadas secas y temporadas de lluvia.&nbsp;</p>

<p>Los periodos de lluvia pueden variar, sin embargo, la<strong> &eacute;poca de sequ&iacute;a</strong> suele presentarse&nbsp;de&nbsp;diciembre a&nbsp;enero y de julio a&nbsp;agosto, y la <strong>&eacute;poca de lluvias </strong>en los meses&nbsp;de&nbsp;abril,&nbsp;mayo,&nbsp;octubre y&nbsp;noviembre.</p>

<p>&nbsp;</p>
]]></description>
<images>
<image path="CS_07_09_REC150_IMG07n.jpg" border = "0" pathbig="CS_07_09_REC150_IMG07a.jpg">
<title><![CDATA[]]></title>
</image>
</images>
</page>
</pages>
</section><section i="0" star="false" hasSubsections="true">
<menuImage path="CS_07_09_REC150_IMG02.jpg" border="0">
<title><![CDATA[El clima tropical]]></title>
</menuImage>
<submenu>
<main layout="0">
<title>El clima tropical húmedo</title>
<footer>Selecciona una imagen</footer>
</main>
<sections>
<section i="0" star="false" hasSubsections="false">
<menuImage path="CS_07_09_REC150_IMG08.jpg" border="0">
<title><![CDATA[La selva tropical húmeda]]></title>
</menuImage>
<pages>
<page i="0" visible="true" color="">
<title>La selva tropical húmeda</title>
<description><![CDATA[<p><strong>Ubicaci&oacute;n</strong></p>

<p>La selva tropical h&uacute;meda&nbsp;se localiza en:</p>

<ul>
	<li>las estribaciones de las <strong>cordilleras andinas</strong> y&nbsp;de los sistemas monta&ntilde;osos independientes como la <strong>Sierra Nevada de Santa Marta</strong> y&nbsp;las serran&iacute;as de la <strong>Macarena</strong>, el <strong>Baud&oacute;</strong> y el <strong>Dari&eacute;n</strong>.</li>
	<li>el sector <strong>norte de llanura del Pac&iacute;fico</strong> que es&nbsp;una de las zonas m&aacute;s lluviosas del mundo.</li>
	<li>La <strong>cuenca amaz&oacute;nica</strong>.&nbsp; &nbsp;</li>
</ul>
]]></description>
<images>
<image path="CS_07_09_REC150_IMG10n.jpg" border = "0" pathbig="CS_07_09_REC150_IMG10a.jpg">
<title><![CDATA[]]></title>
</image>
</images>
</page>
<page i="0" visible="true" color="">
<title>Biodiversidad de la selva</title>
<description><![CDATA[<p><strong>La flora </strong></p>

<p>En la&nbsp;selva tropical h&uacute;meda de Colombia&nbsp;se&nbsp;encuentran&nbsp;&aacute;rboles muy altos como&nbsp;<strong>ceibas</strong>,<strong> choib&aacute;s</strong>,<strong> palmas</strong>,<strong> caucho&nbsp;</strong>y<strong> caguis</strong>, con m&aacute;s de 60 metros de altura y&nbsp;hojas<strong>&nbsp;caducas</strong>.</p>

<p>Existen otros tipos de &aacute;rboles como&nbsp;<strong>cedro</strong>,<strong> laurel </strong>y<strong> comino</strong>, que alcanzan alturas entre 30 y 40 metros.</p>

<p>De estos &aacute;rboles cuelgan <strong>lianas</strong>,<strong> cuerdas </strong>y<strong> bejucos</strong> que forman enredaderas y adornan el manto verde de la selva&nbsp;en las alturas.</p>
]]></description>
<images>
<image path="CS_07_09_REC150_IMG11n.jpg" border = "0" pathbig="CS_07_09_REC150_IMG11a.jpg">
<title><![CDATA[]]></title>
</image>
<image path="CS_07_09_REC150_IMG12n.jpg" border = "0" pathbig="CS_07_09_REC150_IMG12a.jpg">
<title><![CDATA[Lianas]]></title>
</image>
</images>
</page>
<page i="0" visible="true" color="">
<title>La flora</title>
<description><![CDATA[<p>En los &aacute;rboles crecen algunas <strong>plantas epifitias</strong>&nbsp;como <strong>orqu&iacute;deas</strong> y&nbsp;<strong>bromelias</strong>.&nbsp;</p>

<p>En los r&iacute;os es com&uacute;n la <strong>Victoria regia</strong>, que son plantas de grandes hojas que flotan en la superficie y pueden sostener el peso de una persona.</p>

<p>En la parte m&aacute;s baja de las selvas crecen <strong>arbustos</strong>,<strong> helechos&nbsp;</strong>y <strong>platanillos</strong>, que son el alimento de los numerosos&nbsp;anfibios, insectos y mam&iacute;feros.</p>
]]></description>
<images>
<image path="CS_07_09_REC150_IMG13n.jpg" border = "0" pathbig="CS_07_09_REC150_IMG13a.jpg">
<title><![CDATA[Orquídeas]]></title>
</image>
<image path="CS_07_09_REC150_IMG14n.jpg" border = "0" pathbig="CS_07_09_REC150_IMG14a.jpg">
<title><![CDATA[Epífitas]]></title>
</image>
<image path="CS_07_09_REC150_IMG15n.jpg" border = "0" pathbig="CS_07_09_REC150_IMG15a.jpg">
<title><![CDATA[Victoria Regia]]></title>
</image>
</images>
</page>
<page i="0" visible="true" color="">
<title>La fauna</title>
<description><![CDATA[<p>En las selvas tropicales h&uacute;medas habitan&nbsp;<strong>mam&iacute;feros</strong> <strong>de gran tama&ntilde;o</strong> como&nbsp;monos aulladores, perezosos, jaguares, pumas y tigrillos;&nbsp;y&nbsp;<strong>mam&iacute;feros&nbsp;peque&ntilde;os</strong> como ratones, armadillos, cusumbos, sainos, monos tit&iacute;, dantas, zarig&uuml;eyas y osos hormigueros.</p>

<p>Este ecosistema&nbsp;alberga&nbsp;<strong>aves</strong>&nbsp;como tucanes, guacamayas, colibr&iacute;es, b&uacute;hos y &aacute;guilas; <strong>reptiles</strong> como serpientes,&nbsp;tortugas y&nbsp;caimanes; <strong>anfibios</strong>, entre los que destacan&nbsp;300 especies de ranas exclusivas de Colombia,&nbsp;como la rana ojos de rub&iacute;,&nbsp;la&nbsp;rana dorada&nbsp;o la rana cohete. Tambi&eacute;n se encuentran el <strong>delf&iacute;n rosado,&nbsp;</strong><strong>peces&nbsp;</strong>como cachamas,&nbsp;pira&ntilde;as,&nbsp;paiches, bagres&nbsp;y characines e&nbsp;<strong>insectos</strong> como hormigas, mariposas, escarabajos y termitas.</p>
]]></description>
<images>
<image path="CS_07_09_REC150_IMG16n.jpg" border = "0" pathbig="CS_07_09_REC150_IMG16a.jpg">
<title><![CDATA[Delfín Rosado del Amazonas]]></title>
</image>
<image path="CS_07_09_REC150_IMG17n.jpg" border = "0" pathbig="CS_07_09_REC150_IMG17a.jpg">
<title><![CDATA[Guacamayas tricolor]]></title>
</image>
<image path="CS_07_09_REC150_IMG18n.jpg" border = "0" pathbig="CS_07_09_REC150_IMG18a.jpg">
<title><![CDATA[Oso perezoso]]></title>
</image>
<image path="CS_07_09_REC150_IMG19n.jpg" border = "0" pathbig="CS_07_09_REC150_IMG19a.jpg">
<title><![CDATA[Ranas venenosas]]></title>
</image>
</images>
</page>
</pages>
</section><section i="0" star="false" hasSubsections="false">
<menuImage path="CS_07_09_REC150_IMG09.jpg" border="0">
<title><![CDATA[La sabana tropical]]></title>
</menuImage>
<pages>
<page i="0" visible="true" color="">
<title>La sabana tropical</title>
<description><![CDATA[<p><strong>Ubicaci&oacute;n </strong></p>

<p>En Colombia las zonas de sabanas tropicales m&aacute;s extensas est&aacute;n ubicadas en:</p>

<ul>
	<li>la <strong>llanura del Orinoco</strong>.</li>
	<li>las <strong>sabanas de C&oacute;rdoba</strong>,<strong> Bol&iacute;var</strong>,&nbsp;<strong>Magdalena </strong>y<strong> Cesar</strong>.&nbsp;</li>
</ul>

<p>All&iacute; se presenta una <strong>&eacute;poca de lluvias</strong> entre abril y noviembre donde se inundan sus suelos&nbsp;y los r&iacute;os aumentan su caudal.&nbsp;La <strong>&eacute;poca de sequ&iacute;a</strong> corresponde a los meses de noviembre y marzo.</p>
]]></description>
<images>
<image path="CS_07_09_REC150_IMG20n.jpg" border = "0" pathbig="CS_07_09_REC150_IMG20a.jpg">
<title><![CDATA[]]></title>
</image>
</images>
</page>
<page i="0" visible="true" color="">
<title>La flora</title>
<description><![CDATA[<p>En las sabanas de Colombia predominan las plantas <strong>herb&aacute;ceas</strong> y&nbsp;palmeras como<strong>&nbsp;moriche</strong>,&nbsp;corozo, chontaduro, mapora y manaca.</p>

<p>En las zonas m&aacute;s bajas se encuentran&nbsp;los<strong> esteros</strong>&nbsp;donde el agua se conserva durante todo el a&ntilde;o favoreciendo la poblaci&oacute;n de aves, peces y &aacute;rboles.</p>

<p>En las riberas de los r&iacute;os hay&nbsp;<strong>bosques de galer&iacute;a </strong>conformados por &aacute;rboles de algarrobo, cedro, granadillo, ceibas y gran variedad de palmas.</p>

<p>Tambi&eacute;n existen peque&ntilde;os <strong>bosques aislados </strong>de &aacute;rboles le&ntilde;osos&nbsp;como&nbsp;gualanday,&nbsp;yopo, flor amarillo, caucho negro,&nbsp;guadua, chaparro, palo de cruz y ciruelos hobos.&nbsp;</p>
]]></description>
<images>
<image path="CS_07_09_REC150_IMG21n.jpg" border = "0" pathbig="CS_07_09_REC150_IMG21a.jpg">
<title><![CDATA[Morichales]]></title>
</image>
<image path="CS_07_09_REC150_IMG22n.jpg" border = "0" pathbig="CS_07_09_REC150_IMG22a.jpg">
<title><![CDATA[]]></title>
</image>
</images>
</page>
<page i="0" visible="true" color="">
<title>La fauna</title>
<description><![CDATA[<p>Entre los mam&iacute;feros de la sabana est&aacute;n los&nbsp;<strong>chig&uuml;iros o capibaras</strong>, que son los roedores m&aacute;s grandes del mundo; hay venados, osos de anteojos, armadillos, monos, osos hormigueros,&nbsp;<strong>ocarros</strong>, tigrillos, zorros cangrejeros, perros sabaneros, perezosos, puercoespines&nbsp;y&nbsp;variedad&nbsp;de&nbsp;roedores.</p>

<p>En los esteros habitan <strong>aves</strong> como garzas, corocoras rojas, guacamayas, martines pescadores, gavilanes&nbsp;y algunas migratorias como sigi&ntilde;&uuml;elas y&nbsp;aliazules.</p>

<p>Los r&iacute;os est&aacute;n poblados de variedad de peces&nbsp;como <strong>cachamas</strong>, pira&ntilde;as, bagres rayados, escalares, sardinatas, capaces y peces &oacute;scar.&nbsp;Tambi&eacute;n hay&nbsp;<strong>boas</strong>, caimanes y&nbsp;<strong>tortugas morrocoyes</strong>.</p>

<p>&nbsp;</p>
]]></description>
<images>
<image path="CS_07_09_REC150_IMG23n.jpg" border = "0" pathbig="CS_07_09_REC150_IMG23a.jpg">
<title><![CDATA[Chiguiros]]></title>
</image>
<image path="CS_07_09_REC150_IMG24n.jpg" border = "0" pathbig="CS_07_09_REC150_IMG24a.jpg">
<title><![CDATA[Tortugas]]></title>
</image>
<image path="CS_07_09_REC150_IMG25n.jpg" border = "0" pathbig="CS_07_09_REC150_IMG25a.jpg">
<title><![CDATA[Pirañas]]></title>
</image>
</images>
</page>
</pages>
</section></sections>
</submenu>
</section><section i="0" star="false" hasSubsections="false">
<menuImage path="CS_07_09_REC150_IMG03.jpg" border="0">
<title><![CDATA[El clima seco]]></title>
</menuImage>
<pages>
<page i="0" visible="true" color="">
<title>Clima seco o de estepa</title>
<description><![CDATA[<p><strong>Ubicaci&oacute;n </strong></p>

<p>El&nbsp;clima seco se presenta&nbsp;en las<strong> sabanas bajas</strong> de Bol&iacute;var, en los departamentos de Meta, Guaviare y parte del departamento de&nbsp;<strong>La Guajira</strong> donde se encuentra&nbsp;la zona con menos precipitaciones del pa&iacute;s.</p>
]]></description>
<images>
<image path="CS_07_09_REC150_IMG26n.jpg" border = "0" pathbig="CS_07_09_REC150_IMG26a.jpg">
<title><![CDATA[]]></title>
</image>
<image path="CS_07_09_REC150_IMG27n.jpg" border = "0" pathbig="CS_07_09_REC150_IMG27a.jpg">
<title><![CDATA[]]></title>
</image>
<image path="CS_07_09_REC150_IMG28n.jpg" border = "0" pathbig="CS_07_09_REC150_IMG28a.jpg">
<title><![CDATA[]]></title>
</image>
<image path="CS_07_09_REC150_IMG29n.jpg" border = "0" pathbig="CS_07_09_REC150_IMG29a.jpg">
<title><![CDATA[Pilón de azúcar.]]></title>
</image>
</images>
</page>
<page i="0" visible="true" color="">
<title>La flora</title>
<description><![CDATA[<p>En los <strong>bosques secos tropicales</strong>&nbsp;habitan plantas y animales que han desarrollado resistencia a la sequ&iacute;a.&nbsp;</p>

<p>Entre los &aacute;rboles que all&iacute; se encuentran est&aacute;n los samanes, ojo de venado, caoba, palosanto, algarrobo, &eacute;bano,<strong> jagua </strong>y<strong> matarrat&oacute;n</strong>.</p>

<p>Adem&aacute;s se hallan plantas de baja estatura&nbsp;denominadas <strong>matorrales</strong> que poseen espinas para defenderse de los animales herb&iacute;voros y para atrapar la poca humedad del aire. Son comunes los <strong>cactus</strong>, que almacenan gran cantidad de agua en sus carnosas&nbsp;hojas.</p>
]]></description>
<images>
<image path="CS_07_09_REC150_IMG30n.jpg" border = "0" pathbig="CS_07_09_REC150_IMG30a.jpg">
<title><![CDATA[]]></title>
</image>
<image path="CS_07_09_REC150_IMG31n.jpg" border = "0" pathbig="CS_07_09_REC150_IMG31a.jpg">
<title><![CDATA[]]></title>
</image>
</images>
</page>
<page i="0" visible="true" color="">
<title>La fauna </title>
<description><![CDATA[<p>En los climas secos habitan variedad de insectos,&nbsp;monos, loros, cotorras, pericos, iguanas, tortugas, serpientes y&nbsp;lagartos como el lobo pollero.&nbsp;</p>

<p>En la costa de la Alta Guajira es com&uacute;n hallar&nbsp;<strong>flamingos rosados</strong>&nbsp;y en&nbsp;las rancher&iacute;as&nbsp;de los ind&iacute;genas way&uacute;&nbsp;se puede&nbsp;encontrar ganado caprino.</p>
]]></description>
<images>
<image path="CS_07_09_REC150_IMG32n.jpg" border = "0" pathbig="CS_07_09_REC150_IMG32a.jpg">
<title><![CDATA[]]></title>
</image>
<image path="CS_07_09_REC150_IMG33n.jpg" border = "0" pathbig="CS_07_09_REC150_IMG33a.jpg">
<title><![CDATA[Ganado caprino]]></title>
</image>
</images>
</page>
</pages>
</section><section i="0" star="false" hasSubsections="false">
<menuImage path="CS_07_09_REC150_IMG04.jpg" border="0">
<title><![CDATA[El clima de montaña]]></title>
</menuImage>
<pages>
<page i="0" visible="true" color="">
<title>Clima tropical de montaña o pisos térmicos</title>
<description><![CDATA[<p><strong>Ubicaci&oacute;n</strong></p>

<p>En Colombia, los climas de monta&ntilde;a se encuentran en&nbsp;toda la <strong>regi&oacute;n andina</strong> y en&nbsp;los <strong>sistemas monta&ntilde;osos perif&eacute;ricos</strong>.</p>

<p>Este clima da lugar a<strong>&nbsp;pisos t&eacute;rmicos</strong>:<strong>&nbsp;</strong>caliente, templado, fr&iacute;o, p&aacute;ramo y de nieve perpetua.&nbsp;En cada piso t&eacute;rmico, la temperatura, la fauna y la flora var&iacute;an de acuerdo con la altura.</p>
]]></description>
<images>
<image path="CS_07_09_REC150_IMG34n.jpg" border = "0" pathbig="CS_07_09_REC150_IMG34a.jpg">
<title><![CDATA[Pisos térmicos]]></title>
</image>
<image path="CS_07_09_REC150_IMG35n.jpg" border = "0" pathbig="CS_07_09_REC150_IMG35a.jpg">
<title><![CDATA[]]></title>
</image>
<image path="CS_07_09_REC150_IMG36n.jpg" border = "0" pathbig="CS_07_09_REC150_IMG36a.jpg">
<title><![CDATA[Nieves perpétuas ]]></title>
</image>
<image path="CS_07_09_REC150_IMG37n.jpg" border = "0" pathbig="CS_07_09_REC150_IMG37a.jpg">
<title><![CDATA[]]></title>
</image>
<image path="CS_07_09_REC150_IMG38n.jpg" border = "0" pathbig="CS_07_09_REC150_IMG38a.jpg">
<title><![CDATA[]]></title>
</image>
</images>
</page>
<page i="0" visible="true" color="">
<title>Piso térmico templado </title>
<description><![CDATA[<p>Las tierras templadas,&nbsp;o&nbsp;<strong>piso premontano,</strong>&nbsp;se localizan entre&nbsp;los 1&nbsp;000 y 2&nbsp;000 metros de altura y su temperatura oscila entre los 10&nbsp;y 24&deg;C. Son <strong>zonas colonizadas</strong> para el cultivo de gran variedad de productos entre los que destaca el <strong>caf&eacute;</strong>.</p>

<p>La vegetaci&oacute;n nativa corresponde al bosque templado h&uacute;medo&nbsp;confromado por<strong>&nbsp;</strong><strong>yarumos</strong>,<strong>&nbsp;guayacanes</strong>, ceibas,&nbsp;guamos, chachafrutos, cedros y laureles. La&nbsp;gran humedad&nbsp;de&nbsp;las zonas de ladera&nbsp;favorece la presencia de&nbsp;<strong>helechos</strong>, <strong>heliconias</strong> y platanillos, y de&nbsp;<strong>guaduas </strong>y<strong> ca&ntilde;averales</strong>&nbsp;en las orillas de los r&iacute;os.</p>

<p>Entre las especies de <strong>fauna&nbsp;nativa</strong>&nbsp;est&aacute;n&nbsp;monos ardilla, guagua, venados, armadillos, zorros, ardillas, zarig&uuml;eyas y roedores. Habitan variedad de aves como azulejos, toches, mirlas, turpiales, sinsontes, perdices, halcones, b&uacute;hos y lechuzas;&nbsp;adem&aacute;s&nbsp;anfibios, reptiles e insectos.</p>
]]></description>
<images>
<image path="CS_07_09_REC150_IMG39n.jpg" border = "0" pathbig="CS_07_09_REC150_IMG39a.jpg">
<title><![CDATA[Guayacán]]></title>
</image>
<image path="CS_07_09_REC150_IMG40a.jpg" border = "0" pathbig="CS_07_09_REC150_IMG40n.jpg">
<title><![CDATA[]]></title>
</image>
<image path="CS_07_09_REC150_IMG41n.jpg" border = "0" pathbig="CS_07_09_REC150_IMG41a.jpg">
<title><![CDATA[Guadual]]></title>
</image>
<image path="CS_07_09_REC150_IMG42n.jpg" border = "0" pathbig="CS_07_09_REC150_IMG42a.jpg">
<title><![CDATA[Heliconeas]]></title>
</image>
<image path="CS_07_09_REC150_IMG43n.jpg" border = "0" pathbig="CS_07_09_REC150_IMG43a.jpg">
<title><![CDATA[Zarigueya y ardilla]]></title>
</image>
<image path="CS_07_09_REC150_IMG44n.jpg" border = "0" pathbig="CS_07_09_REC150_IMG44a.jpg">
<title><![CDATA[Armadillo, ñeque, coatí]]></title>
</image>
<image path="CS_07_09_REC150_IMG45n.jpg" border = "0" pathbig="CS_07_09_REC150_IMG45a.jpg">
<title><![CDATA[Mono ardilla y mono araña]]></title>
</image>
</images>
</page>
<page i="0" visible="true" color="">
<title>Piso térmico frío</title>
<description><![CDATA[<p>Se localiza entre los 2 000 y 3 000 metros de altura y su temperatura oscila&nbsp;entre&nbsp;18 y 12&deg;C.</p>

<p>Estas zonas se caracterizan por la presencia de una espesa <strong>niebla</strong>, que da lugar a los llamados&nbsp;<strong>bosques de niebla </strong>con especies como encenillo, morti&ntilde;o, canelo&nbsp;y aliso, donde prospera gran variedad de orqu&iacute;deas, bromelias, helechos, musgos y hongos.&nbsp;</p>

<p>La permanente condensaci&oacute;n de vapor de agua y las lluvias forman&nbsp;los <strong>arroyos</strong>, <strong>quebradas</strong> y <strong>r&iacute;os</strong> que recorren los valles y llanuras.</p>
]]></description>
<images>
<image path="CS_07_09_REC150_IMG46n.jpg" border = "0" pathbig="CS_07_09_REC150_IMG46a.jpg">
<title><![CDATA[Helechos]]></title>
</image>
<image path="CS_07_09_REC150_IMG47n.jpg" border = "0" pathbig="CS_07_09_REC150_IMG47a.jpg">
<title><![CDATA[]]></title>
</image>
<image path="CS_07_09_REC150_IMG48n.jpg" border = "0" pathbig="CS_07_09_REC150_IMG48a.jpg">
<title><![CDATA[]]></title>
</image>
</images>
</page>
<page i="0" visible="true" color="">
<title>Piso térmico páramo</title>
<description><![CDATA[<p>Los<strong>&nbsp;</strong>p&aacute;ramos, conocidos como <strong>f&aacute;bricas de agua</strong>, se localizan entre&nbsp;3&nbsp;000 y&nbsp;4 500 metros de altura. Presentan&nbsp;temperaturas entre los 6&nbsp;y&nbsp;12&deg;C, vientos fr&iacute;os y&nbsp;fuertes,&nbsp;y&nbsp;constantes precipitaciones en forma de <strong>llovizna</strong>.&nbsp;En las horas de la noche la temperatura puede descender fuertemente y se produce la <strong>escarcha</strong> que envuelve las hojas de las plantas.&nbsp;</p>

<p>La vegetaci&oacute;n var&iacute;a desde&nbsp;frailejones que pueden alcanzar&nbsp;varios metros de altura, hasta&nbsp;helechos, musgos y pastizales,&nbsp;a ras de la tierra.&nbsp;Estos &uacute;ltimos act&uacute;an como esponjas que&nbsp;alimentan&nbsp;las fuentes de agua.&nbsp;</p>

<p>En el p&aacute;ramo habitan el <strong>oso de anteojos</strong>,&nbsp;la danta de p&aacute;ramo, conejos, roedores&nbsp;e insectos, adem&aacute;s del imponente <strong>c&oacute;ndor de los Andes</strong>, que es el ave de mayor envergadura que existe.</p>
]]></description>
<images>
<image path="CS_07_09_REC150_IMG49n.jpg" border = "0" pathbig="CS_07_09_REC150_IMG49a.jpg">
<title><![CDATA[Frailejones]]></title>
</image>
<image path="CS_07_09_REC150_IMG50n.jpg" border = "0" pathbig="CS_07_09_REC150_IMG50a.jpg">
<title><![CDATA[]]></title>
</image>
<image path="CS_07_09_REC150_IMG51n.jpg" border = "0" pathbig="CS_07_09_REC150_IMG51a.jpg">
<title><![CDATA[]]></title>
</image>
<image path="CS_07_09_REC150_IMG52n.jpg" border = "0" pathbig="CS_07_09_REC150_IMG52a.jpg">
<title><![CDATA[Oso de anteojos]]></title>
</image>
<image path="CS_07_09_REC150_IMG53n.jpg" border = "0" pathbig="CS_07_09_REC150_IMG53a.jpg">
<title><![CDATA[]]></title>
</image>
</images>
</page>
<page i="0" visible="true" color="">
<title>Piso térmico de nieve perpetua</title>
<description><![CDATA[<p>Este clima corresponde a las tierras ubicadas por encima de<br />
5 000 metros con&nbsp;temperaturas&nbsp;inferiores a&nbsp;0&deg;C.</p>

<p>Los suelos se encuentran&nbsp;<strong>cubiertos&nbsp;de nieve</strong> la mayor parte del a&ntilde;o y&nbsp;no permiten la presencia de fauna y flora.</p>

<p>Aunque el calentamiento global ha ocasionado la reducci&oacute;n de&nbsp;las nieves perpetuas,&nbsp;en&nbsp;Colombia a&uacute;n se mantiene parte de los nevados de&nbsp;la <strong>Sierra Nevada de Santa Marta</strong>, el <strong>Parque Nacional Natural de los Nevados</strong> y en la <strong>Sierra del Cocuy</strong>.</p>
]]></description>
<images>
<image path="CS_07_09_REC150_IMG54n.jpg" border = "0" pathbig="CS_07_09_REC150_IMG54a.jpg">
<title><![CDATA[]]></title>
</image>
<image path="CS_07_09_REC150_IMG55n.jpg" border = "0" pathbig="CS_07_09_REC150_IMG55a.jpg">
<title><![CDATA[]]></title>
</image>
<image path="CS_07_09_REC150_IMG56n.jpg" border = "0" pathbig="CS_07_09_REC150_IMG56a.jpg">
<title><![CDATA[Nevado del Ruiz]]></title>
</image>
<image path="CS_07_09_REC150_IMG57n.jpg" border = "0" pathbig="CS_07_09_REC150_IMG57a.jpg">
<title><![CDATA[Nevado del Huila]]></title>
</image>
</images>
</page>
</pages>
</section></sections>
</engine>