<?xml version="1.0" encoding="iso-8859-1"?>
<metadata xmlns="urn:InfoRecurso">
  <identificador>RES-2384A02D62C04AF1890E19852C4956D4</identificador>
  <loid>CS_10_03_CO_Recurso190</loid>
  <titulo>Banco de actividades</titulo>
  <descripcion>Motor que incluye actividades de respuesta abierta del tema Am�rica al final del siglo XX</descripcion>
  <relacionado>0</relacionado>
  <tiporecurso>Recurso sin ficha</tiporecurso>
  <tiempoestimado>35</tiempoestimado>
  <acciondidactica>Generador de actividades</acciondidactica>
  <competencia>Competencia social y ciudadana</competencia>
  <tipomedia pesado="false" matricula="">Actividad</tipomedia>
  <conceptos>
    <concepto>
    </concepto>
  </conceptos>
  <autonomico>0</autonomico>
</metadata>