<?xml version='1.0' encoding='UTF-8'?><engine copy="Editorial Planeta" version="1" aprid="f13" title="Análisis de la economía de tu departamento" >
<section title="Presentación" path="" pathAmp="" image1Text="" zoom1="false" zoom2a="false" zoom2b="false" layout="2" >
<![CDATA[<p style="text-align:center"><img src="data/imagenes/1.png" style="height:255px; width:826px" /></p>

<p style="text-align:center"><span style="font-size:25px"><span style="font-family:verdana,geneva,sans-serif">&iquest;C&oacute;mo es el desempe&ntilde;o econ&oacute;mico de tu departamento?</span></span></p>
]]></section>
<section title="Conceptos" path="2a_section1.jpg" pathAmp="" image1Text="" zoom1="false" zoom2a="false" zoom2b="false" layout="1" >
<![CDATA[<p>Antes de comenzar a preparar y dise&ntilde;ar el proyecto, es importante que repases algunos conceptos vistos en clase y que ser&aacute;n de gran utilidad para realizar el trabajo:</p>

<ul>
	<li>Sectores de la econom&iacute;a</li>
	<li>Actividades de los sectores econ&oacute;micos</li>
	<li>Balanza comercial</li>
	<li>Producto Interno Bruto</li>
</ul>
]]></section>
<section title="Objetivos " path="section2.jpg" pathAmp="" image1Text="" zoom1="false" zoom2a="false" zoom2b="false" layout="1" >
<![CDATA[<p><strong>Objetivo: </strong>identificar las actividades econ&oacute;micas que se llevan a cabo en tu departamento y el aporte de estas en el territorio.</p>

<p><strong>Organizaci&oacute;n: </strong>grupos de cuatro estudiantes.</p>

<p><strong>Presentaci&oacute;n: </strong>realizar una exposici&oacute;n con soporte visual y escrito sobre el desempe&ntilde;o econ&oacute;mico del departamento.</p>

<p><strong>Plazo: </strong>tres semanas.</p>

<p><strong>Punto de partida: </strong>para responder a la pregunta inicial del proyecto, piensa en los sectores econ&oacute;micos que son representativos en tu departamento y cu&aacute;les son los aportes que hacen a la econom&iacute;a del departamento y al pa&iacute;s. Puedes organizar con tu grupo una plenaria, en la que formulen preguntas concretas que van a resolver a lo largo de la investigaci&oacute;n. Por ejemplo:</p>

<ul>
	<li>&iquest;Cu&aacute;les son las principales actividades econ&oacute;micas en la zona rural y en la zona urbana de tu departamento?</li>
	<li>&iquest;A qu&eacute; sectores de la econom&iacute;a corresponden?</li>
	<li>&iquest;Qu&eacute; caracter&iacute;sticas presenta el sector primario en tu departamento?</li>
	<li>&iquest;Cu&aacute;les son las principales caracter&iacute;sticas de la industria?</li>
	<li>&iquest;Qu&eacute; sector es el que ofrece m&aacute;s empleo?</li>
	<li>&iquest;Cu&aacute;les son las cifras de las exportaciones del departamento?</li>
</ul>

<p>Al final, deben ofrecer una respuesta previa al proyecto. La investigaci&oacute;n les ayudar&aacute; a averiguar si estaban o no en lo cierto.</p>
]]></section>
<section title="Planificación" path2a="2a_section3.jpg" path2b="2b_section3.jpg" path2aAmp="2a_section3_big.jpg" path2bAmp="2b_section3_big.jpg" image2aText="&lt;p&gt;Ejemplo de tabla que les ayudar&amp;aacute; a realizar la planificaci&amp;oacute;n.&lt;/p&gt; " image2bText="&lt;p&gt;Ejemplo de planificaci&amp;oacute;n que les puede ayudar a organizar el proyecto.&lt;/p&gt; " zoom1="true" zoom2a="true" zoom2b="true" layout="4" >
<![CDATA[<p>Para realizar el proyecto, el primer punto de partida consiste en organizar el trabajo. Para esto se sugieren estos pasos:</p>

<p>1.&deg; Identificar el <strong>objetivo</strong> del proyecto.</p>

<p>2.&deg; Listar las <strong>tareas</strong> que deben completar a lo largo del proyecto.</p>

<p>3.&deg; Definir <strong>qui&eacute;n</strong> (o <strong>qui&eacute;nes)</strong> va a realizar cada una de las tareas o actividades que deben desarrollarse para llegar al objetivo.</p>

<p>4.&deg; Establecer el <strong>tiempo</strong> que deber&aacute;n dedicar a cada tarea.</p>

<p>5.&deg; Definir <strong>c&oacute;mo</strong> y <strong>cu&aacute;ndo</strong> se entregar&aacute; el trabajo escrito, se preparar&aacute; el soporte visual y se har&aacute; la exposici&oacute;n.</p>

<p>Cuando se requiere planificar una tarea, es de gran ayuda utilizar una tabla o una hoja de c&aacute;lculo para registrar datos, como los nombres de los miembros del grupo, las tareas a cargo de cada persona, el tiempo que se dedicar&aacute; a cada tarea, las fechas de entrega de cada parte del proyecto, del trabajo final y de la socializaci&oacute;n, entre otras.</p>

<p>En la primera imagen adjunta pueden observar un ejemplo de estructura de la tabla que les ayudar&aacute; a orientar su planificaci&oacute;n.</p>

<p>En la segunda imagen se muestra un ejemplo de planificaci&oacute;n de un proyecto similar que les puede servir de ayuda.</p>
]]></section>
<section title="Investigación" path="section4.jpg" pathAmp="" image1Text="" zoom1="false" zoom2a="false" zoom2b="false" layout="1" >
<![CDATA[<p>A la hora de realizar la investigaci&oacute;n, es importante que piensen y discutan sobre los recursos y fuentes de informaci&oacute;n que pueden resultar de utilidad. Se recomienda:</p>

<ul>
	<li>Buscar posibles fuentes a partir de un listado de palabras y conceptos clave.</li>
	<li>Consultar publicaciones y sitios webs confiables, como el Departamento Administrativo Nacional de Estad&iacute;stica, <a href="http://www.dane.gov.co/" target="_blank">DANE</a> o la p&aacute;gina oficial de tu departamento.</li>
	<li>Acudir a instituciones que pueden ofrecer informaci&oacute;n &uacute;til, como bibliotecas o entidades p&uacute;blicas. En este caso deben preparar las preguntas que gu&iacute;an la investigaci&oacute;n, de tal forma que la visita resulte productiva.</li>
	<li>Estudiar la informaci&oacute;n de prensa.</li>
	<li>Comparar la informaci&oacute;n recopilada y comprobar si es correcta.</li>
	<li>Utilizar solo la informaci&oacute;n que sea de utilidad y descartar la que no se requiera.</li>
	<li>Estudiar la informaci&oacute;n, clasificarla seg&uacute;n los subtemas y elaborar una s&iacute;ntesis de cada uno.</li>
	<li>Elaborar una lista con las fuentes consultadas: libros, webs, prensa, etc.</li>
	<li>Resumir la informaci&oacute;n y formular conclusiones.</li>
</ul>

<p><strong>&iexcl;Atenci&oacute;n! </strong>Bajo ninguna circunstancia deber&aacute;n copiar el material y utilizarlo como si fuera propio. Su trabajo consiste en estudiar la informaci&oacute;n, hacer s&iacute;ntesis con sus propias palabras y formular sus conclusiones. Si precisan recuperar un texto de manera literal, este debe ir entre comillas y con la respectiva fuente.</p>
]]></section>
<section title="Análisis" path="section5.jpg" pathAmp="" image1Text="" zoom1="false" zoom2a="false" zoom2b="false" layout="1" >
<![CDATA[<p>A partir de la informaci&oacute;n recopilada, deben seleccionar los datos m&aacute;s relevantes sobre la econom&iacute;a de su departamento que permitan alcanzar el objetivo:</p>

<ul>
	<li>Ubicaci&oacute;n del territorio.</li>
	<li>Principales sectores y actividades econ&oacute;micas.</li>
	<li>Peso de las actividades econ&oacute;micas en el total de la producci&oacute;n.</li>
	<li>Cifras de producci&oacute;n.</li>
	<li>Cifras de empleo en las actividades.</li>
	<li>Conclusiones con gr&aacute;ficos estad&iacute;sticos.</li>
</ul>

<p>A partir del an&aacute;lisis de esta informaci&oacute;n se proceder&aacute; a elaborar el <strong>trabajo escrito</strong>, en el que se deben detallar los pasos que siguieron en la investigaci&oacute;n y plasmar los resultados, el an&aacute;lisis, la respuesta a la pregunta central y las conclusiones a las que llegaron.</p>

<p>El documento se organizar&aacute; de la siguiente manera:</p>

<ul>
	<li>Portada</li>
	<li>&Iacute;ndice</li>
	<li>introducci&oacute;n</li>
	<li>Desarrollo</li>
	<li>Conclusiones</li>
	<li>Bibliograf&iacute;a</li>
</ul>

<p>El trabajo se puede ilustrar con dibujos, fotograf&iacute;as o cuadros que apoyen la investigaci&oacute;n. Recuerden revisar y corregir la ortograf&iacute;a y la redacci&oacute;n.</p>
]]></section>
<section title="Exposición" path="section6.jpg" pathAmp="" image1Text="" zoom1="false" zoom2a="false" zoom2b="false" layout="1" >
<![CDATA[<p>A partir de la investigaci&oacute;n realizada, obtuvieron una informaci&oacute;n que les permiti&oacute; elaborar el trabajo escrito que servir&aacute; como base para sacar las conclusiones, que deben tener informaci&oacute;n como:</p>

<ul>
	<li>Una s&iacute;ntesis de las principales caracter&iacute;sticas de la econom&iacute;a del departamento.</li>
	<li>Mapas para la ubicaci&oacute;n de las actividades econ&oacute;micas y las v&iacute;as de acceso.</li>
	<li>Gr&aacute;ficas estad&iacute;sticas que resuman la informaci&oacute;n de producci&oacute;n, empresas, empleo, exportaciones, etc.</li>
	<li>Respuesta a la pregunta inicial.</li>
	<li>Conclusiones.</li>
</ul>

<p>Para finalizar, se debe preparar la exposici&oacute;n del tema. Para que resulte interesante y motive a los compa&ntilde;eros, pueden recurrir a presentar las ideas principales y las im&aacute;genes de apoyo en alguna aplicaci&oacute;n como PowerPoint.</p>

<p>Se sugiere repartir los temas que se van exponer entre todos los miembros del grupo y elaborar s&iacute;ntesis en fichas que podr&aacute;n utilizar mientras se dirigen al p&uacute;blico.</p>
]]></section>
<section title="Evaluación" path="" pathAmp="" image1Text="" zoom1="false" zoom2a="false" zoom2b="false" layout="2" >
<![CDATA[
<p>Al terminar, podr&aacute;s autoevaluarte para comprobar qu&eacute; tareas has hecho mejor o peor y si el proyecto se ha realizado correctamente.</p>

<p><em>Valora de 1 a 5, siendo 1 muy mal y 5 muy bien. </em></p>

<p><strong>&Iacute;TEMS DE VALORACI&Oacute;N&nbsp;&nbsp;&nbsp;&nbsp;&nbsp;&nbsp;&nbsp;&nbsp;&nbsp;&nbsp;&nbsp;</strong></p>

<p>________________________________________________________________________&nbsp;&nbsp;&nbsp;&nbsp;&nbsp;&nbsp;&nbsp;&nbsp;&nbsp;&nbsp;&nbsp;&nbsp;&nbsp;&nbsp;&nbsp;&nbsp;&nbsp;&nbsp;&nbsp;&nbsp;&nbsp;&nbsp;&nbsp;&nbsp;&nbsp;&nbsp;&nbsp;&nbsp;&nbsp;&nbsp;&nbsp;&nbsp;&nbsp;&nbsp;&nbsp;&nbsp;&nbsp;&nbsp;&nbsp;&nbsp;&nbsp;&nbsp;&nbsp;&nbsp;&nbsp;&nbsp;&nbsp;&nbsp;&nbsp;&nbsp;&nbsp;&nbsp;&nbsp;&nbsp;&nbsp;&nbsp;&nbsp;&nbsp;&nbsp;&nbsp;&nbsp;&nbsp;&nbsp;&nbsp;&nbsp;&nbsp;</p>

<p><strong>&nbsp;&nbsp;&nbsp;&nbsp;&nbsp;&nbsp;&nbsp;&nbsp;&nbsp;&nbsp;&nbsp;&nbsp;&nbsp;&nbsp;&nbsp;&nbsp;&nbsp;&nbsp;&nbsp;&nbsp;&nbsp;&nbsp;&nbsp;&nbsp;&nbsp;&nbsp;&nbsp;&nbsp;&nbsp;&nbsp;&nbsp;&nbsp;&nbsp;&nbsp;&nbsp;&nbsp;&nbsp;&nbsp;&nbsp;&nbsp;&nbsp;&nbsp;&nbsp;&nbsp;&nbsp;&nbsp;&nbsp;&nbsp;&nbsp;&nbsp;&nbsp;&nbsp;&nbsp;&nbsp;&nbsp;&nbsp;&nbsp;&nbsp;&nbsp;&nbsp;&nbsp;&nbsp;&nbsp;&nbsp;&nbsp;&nbsp;&nbsp;&nbsp;&nbsp;&nbsp;&nbsp;&nbsp;&nbsp;&nbsp;&nbsp;&nbsp;&nbsp;1&nbsp;&nbsp;&nbsp;&nbsp;&nbsp;&nbsp;&nbsp;&nbsp;&nbsp;&nbsp;&nbsp;2&nbsp;&nbsp;&nbsp;&nbsp;&nbsp;&nbsp;&nbsp;&nbsp;&nbsp;&nbsp;&nbsp;3&nbsp;&nbsp;&nbsp;&nbsp;&nbsp;&nbsp;&nbsp;&nbsp;&nbsp;&nbsp;&nbsp;4&nbsp;&nbsp;&nbsp;&nbsp;&nbsp;&nbsp;&nbsp;&nbsp;&nbsp;&nbsp;&nbsp;5</strong>&nbsp;&nbsp;&nbsp;&nbsp;&nbsp;&nbsp;&nbsp;&nbsp;&nbsp;&nbsp;&nbsp;</p>

<p><strong>Objetivos</strong>&nbsp;&nbsp;&nbsp;&nbsp;&nbsp;&nbsp;&nbsp;&nbsp;&nbsp;&nbsp;&nbsp;&nbsp;&nbsp;&nbsp;&nbsp;&nbsp;&nbsp;&nbsp;&nbsp;&nbsp;&nbsp;&nbsp;&nbsp;&nbsp;&nbsp;&nbsp;&nbsp;&nbsp;&nbsp;&nbsp;&nbsp;&nbsp;&nbsp;&nbsp;&nbsp;&nbsp;&nbsp;&nbsp;&nbsp;&nbsp;&nbsp;&nbsp;&nbsp;&nbsp;</p>

<p><strong>&middot; </strong>Has comprendido el objetivo del proyecto.</p>

<p><strong>&middot; </strong>Has participado activamente en la lluvia<br />
<strong>&nbsp; </strong>de ideas.</p>

<p><strong>&middot; </strong>Has propuesto preguntas que te han<br />
&nbsp; servido de gu&iacute;a.</p>

<p><strong>&middot; </strong>Has previsto aspectos que despu&eacute;s has<br />
<strong>&nbsp; </strong>necesitado para el desarrollo de la investigaci&oacute;n.</p>

<p>________________________________________________________________________&nbsp;&nbsp;&nbsp;&nbsp;&nbsp;&nbsp;&nbsp;&nbsp;&nbsp;&nbsp;&nbsp;&nbsp;&nbsp;&nbsp;&nbsp;&nbsp;&nbsp;&nbsp;&nbsp;&nbsp;&nbsp;&nbsp;&nbsp;&nbsp;&nbsp;&nbsp;&nbsp;&nbsp;&nbsp;&nbsp;&nbsp;&nbsp;&nbsp;&nbsp;&nbsp;&nbsp;&nbsp;&nbsp;&nbsp;&nbsp;&nbsp;&nbsp;&nbsp;&nbsp;&nbsp;&nbsp;&nbsp;&nbsp;&nbsp;&nbsp;&nbsp;&nbsp;&nbsp;&nbsp;&nbsp;&nbsp;&nbsp;&nbsp;&nbsp;&nbsp;&nbsp;&nbsp;&nbsp;&nbsp;&nbsp;&nbsp;</p>

<p><strong>&nbsp;&nbsp;&nbsp;&nbsp;&nbsp;&nbsp;&nbsp;&nbsp;&nbsp;&nbsp;&nbsp;&nbsp;&nbsp;&nbsp;&nbsp;&nbsp;&nbsp;&nbsp;&nbsp;&nbsp;&nbsp;&nbsp;&nbsp;&nbsp;&nbsp;&nbsp;&nbsp;&nbsp;&nbsp;&nbsp;&nbsp;&nbsp;&nbsp;&nbsp;&nbsp;&nbsp;&nbsp;&nbsp;&nbsp;&nbsp;&nbsp;&nbsp;&nbsp;&nbsp;&nbsp;&nbsp;&nbsp;&nbsp;&nbsp;&nbsp;&nbsp;&nbsp;&nbsp;&nbsp;&nbsp;&nbsp;&nbsp;&nbsp;&nbsp;&nbsp;&nbsp;&nbsp;&nbsp;&nbsp;&nbsp;&nbsp;&nbsp;&nbsp;&nbsp;&nbsp;&nbsp;&nbsp;&nbsp;&nbsp;&nbsp;&nbsp;&nbsp;1&nbsp;&nbsp;&nbsp;&nbsp;&nbsp;&nbsp;&nbsp;&nbsp;&nbsp;&nbsp;&nbsp;2&nbsp;&nbsp;&nbsp;&nbsp;&nbsp;&nbsp;&nbsp;&nbsp;&nbsp;&nbsp;&nbsp;3&nbsp;&nbsp;&nbsp;&nbsp;&nbsp;&nbsp;&nbsp;&nbsp;&nbsp;&nbsp;&nbsp;4&nbsp;&nbsp;&nbsp;&nbsp;&nbsp;&nbsp;&nbsp;&nbsp;&nbsp;&nbsp;&nbsp;5</strong>&nbsp;&nbsp;&nbsp;&nbsp;&nbsp;&nbsp;&nbsp;&nbsp;&nbsp;&nbsp;&nbsp;</p>

<p><strong>Planificaci&oacute;n del proyecto&nbsp;&nbsp;&nbsp;&nbsp;&nbsp;&nbsp;&nbsp;&nbsp;&nbsp;&nbsp;&nbsp;</strong>&nbsp;&nbsp;&nbsp;&nbsp;&nbsp;&nbsp;&nbsp;&nbsp;&nbsp;&nbsp;&nbsp;&nbsp;&nbsp;&nbsp;&nbsp;&nbsp;&nbsp;&nbsp;&nbsp;&nbsp;&nbsp;&nbsp;&nbsp;&nbsp;&nbsp;&nbsp;&nbsp;&nbsp;&nbsp;&nbsp;&nbsp;&nbsp;&nbsp;&nbsp;&nbsp;&nbsp;&nbsp;&nbsp;&nbsp;&nbsp;&nbsp;&nbsp;&nbsp;&nbsp;&nbsp;&nbsp;&nbsp;&nbsp;&nbsp;&nbsp;&nbsp;&nbsp;&nbsp;&nbsp;&nbsp;&nbsp;&nbsp;&nbsp;&nbsp;&nbsp;&nbsp;&nbsp;&nbsp;&nbsp;&nbsp;&nbsp;&nbsp;&nbsp;&nbsp;&nbsp;&nbsp;&nbsp;&nbsp;&nbsp;&nbsp;&nbsp;&nbsp;&nbsp;&nbsp;&nbsp;&nbsp;&nbsp;&nbsp;&nbsp;&nbsp;&nbsp;&nbsp;&nbsp;</p>

<p><strong>&middot;</strong> Has participado en la planificaci&oacute;n del proyecto.</p>

<p><strong>&middot;</strong> Has contribuido en la distribuci&oacute;n de tareas.</p>

<p><strong>&middot;</strong> Has calculado correctamente el tiempo<br />
<strong>&nbsp; </strong>necesario para desarrollar cada tarea.</p>

<p><strong>&middot; </strong>Has desempe&ntilde;ado correctamente las tareas que<br />
<strong>&nbsp; </strong>te han sido asignadas.</p>

<p><strong>&middot; </strong>Has distribuido de forma equitativa las tareas<br />
<strong>&nbsp; </strong>entre los miembros del grupo.</p>

<p><strong>&middot; </strong>Has realizado las tareas asignadas en<br />
&nbsp; el tiempo<strong> </strong>previsto.</p>

<p><strong>&middot; </strong>Todos los miembros del grupo han participado<br />
<strong>&nbsp; </strong>seg&uacute;n lo previsto.</p>

<p>________________________________________________________________________&nbsp;&nbsp;&nbsp;&nbsp;&nbsp;&nbsp;&nbsp;&nbsp;&nbsp;&nbsp;&nbsp;&nbsp;&nbsp;&nbsp;&nbsp;&nbsp;&nbsp;&nbsp;&nbsp;&nbsp;&nbsp;&nbsp;&nbsp;&nbsp;&nbsp;&nbsp;&nbsp;&nbsp;&nbsp;&nbsp;&nbsp;&nbsp;&nbsp;&nbsp;&nbsp;&nbsp;&nbsp;&nbsp;&nbsp;&nbsp;&nbsp;&nbsp;&nbsp;&nbsp;&nbsp;&nbsp;&nbsp;&nbsp;&nbsp;&nbsp;&nbsp;&nbsp;&nbsp;&nbsp;&nbsp;&nbsp;&nbsp;&nbsp;&nbsp;&nbsp;&nbsp;&nbsp;&nbsp;&nbsp;&nbsp;&nbsp;</p>

<p><strong>&nbsp;&nbsp;&nbsp;&nbsp;&nbsp;&nbsp;&nbsp;&nbsp;&nbsp;&nbsp;&nbsp;&nbsp;&nbsp;&nbsp;&nbsp;&nbsp;&nbsp;&nbsp;&nbsp;&nbsp;&nbsp;&nbsp;&nbsp;&nbsp;&nbsp;&nbsp;&nbsp;&nbsp;&nbsp;&nbsp;&nbsp;&nbsp;&nbsp;&nbsp;&nbsp;&nbsp;&nbsp;&nbsp;&nbsp;&nbsp;&nbsp;&nbsp;&nbsp;&nbsp;&nbsp;&nbsp;&nbsp;&nbsp;&nbsp;&nbsp;&nbsp;&nbsp;&nbsp;&nbsp;&nbsp;&nbsp;&nbsp;&nbsp;&nbsp;&nbsp;&nbsp;&nbsp;&nbsp;&nbsp;&nbsp;&nbsp;&nbsp;&nbsp;&nbsp;&nbsp;&nbsp;&nbsp;&nbsp;&nbsp;&nbsp;&nbsp;&nbsp;1&nbsp;&nbsp;&nbsp;&nbsp;&nbsp;&nbsp;&nbsp;&nbsp;&nbsp;&nbsp;&nbsp;2&nbsp;&nbsp;&nbsp;&nbsp;&nbsp;&nbsp;&nbsp;&nbsp;&nbsp;&nbsp;&nbsp;3&nbsp;&nbsp;&nbsp;&nbsp;&nbsp;&nbsp;&nbsp;&nbsp;&nbsp;&nbsp;&nbsp;4&nbsp;&nbsp;&nbsp;&nbsp;&nbsp;&nbsp;&nbsp;&nbsp;&nbsp;&nbsp;&nbsp;5</strong>&nbsp;&nbsp;&nbsp;&nbsp;&nbsp;&nbsp;&nbsp;&nbsp;&nbsp;&nbsp;&nbsp;</p>

<p><strong>Investigaci&oacute;n&nbsp;&nbsp;&nbsp;&nbsp;&nbsp;&nbsp;&nbsp;&nbsp;&nbsp;&nbsp;&nbsp;</strong>&nbsp;&nbsp;&nbsp;&nbsp;&nbsp;&nbsp;&nbsp;&nbsp;&nbsp;&nbsp;&nbsp;&nbsp;&nbsp;&nbsp;&nbsp;&nbsp;&nbsp;&nbsp;&nbsp;&nbsp;&nbsp;&nbsp;&nbsp;&nbsp;&nbsp;&nbsp;&nbsp;&nbsp;&nbsp;&nbsp;&nbsp;&nbsp;&nbsp;&nbsp;&nbsp;&nbsp;&nbsp;&nbsp;&nbsp;&nbsp;&nbsp;&nbsp;&nbsp;&nbsp;&nbsp;&nbsp;&nbsp;&nbsp;&nbsp;&nbsp;&nbsp;&nbsp;&nbsp;&nbsp;&nbsp;</p>

<p><strong>&middot; </strong>Has propuesto fuentes de informaci&oacute;n para<br />
<strong>&nbsp; </strong> encontrar los datos que necesitabas.</p>

<p><strong>&middot; </strong>La metodolog&iacute;a propuesta ha<strong> </strong>sido<br />
&nbsp; la adecuada para recabar la informaci&oacute;n<br />
<strong>&nbsp; </strong>que te hac&iacute;a falta.</p>

<p><strong>&middot; </strong>Has valorado los criterios para<br />
<strong>&nbsp; </strong>seleccionar la informaci&oacute;n.</p>

<p><strong>&middot; </strong>Has participado activamente en la b&uacute;squeda<br />
<strong>&nbsp; </strong>de informaci&oacute;n.</p>

<p><strong>&middot; </strong>Has usado diferentes tipos de informaci&oacute;n<br />
<strong>&nbsp; </strong>(electr&oacute;nica, bibliogr&aacute;fica, etc.).</p>

<p>________________________________________________________________________&nbsp;&nbsp;&nbsp;&nbsp;&nbsp;&nbsp;&nbsp;&nbsp;&nbsp;&nbsp;&nbsp;&nbsp;&nbsp;&nbsp;&nbsp;&nbsp;&nbsp;&nbsp;&nbsp;&nbsp;&nbsp;&nbsp;&nbsp;&nbsp;&nbsp;&nbsp;&nbsp;&nbsp;&nbsp;&nbsp;&nbsp;&nbsp;&nbsp;&nbsp;&nbsp;&nbsp;&nbsp;&nbsp;&nbsp;&nbsp;&nbsp;&nbsp;&nbsp;&nbsp;&nbsp;&nbsp;&nbsp;&nbsp;&nbsp;&nbsp;&nbsp;&nbsp;&nbsp;&nbsp;&nbsp;&nbsp;&nbsp;&nbsp;&nbsp;&nbsp;&nbsp;&nbsp;&nbsp;&nbsp;&nbsp;&nbsp;</p>

<p><strong>&nbsp;&nbsp;&nbsp;&nbsp;&nbsp;&nbsp;&nbsp;&nbsp;&nbsp;&nbsp;&nbsp;&nbsp;&nbsp;&nbsp;&nbsp;&nbsp;&nbsp;&nbsp;&nbsp;&nbsp;&nbsp;&nbsp;&nbsp;&nbsp;&nbsp;&nbsp;&nbsp;&nbsp;&nbsp;&nbsp;&nbsp;&nbsp;&nbsp;&nbsp;&nbsp;&nbsp;&nbsp;&nbsp;&nbsp;&nbsp;&nbsp;&nbsp;&nbsp;&nbsp;&nbsp;&nbsp;&nbsp;&nbsp;&nbsp;&nbsp;&nbsp;&nbsp;&nbsp;&nbsp;&nbsp;&nbsp;&nbsp;&nbsp;&nbsp;&nbsp;&nbsp;&nbsp;&nbsp;&nbsp;&nbsp;&nbsp;&nbsp;&nbsp;&nbsp;&nbsp;&nbsp;&nbsp;&nbsp;&nbsp;&nbsp;&nbsp;&nbsp;1&nbsp;&nbsp;&nbsp;&nbsp;&nbsp;&nbsp;&nbsp;&nbsp;&nbsp;&nbsp;&nbsp;2&nbsp;&nbsp;&nbsp;&nbsp;&nbsp;&nbsp;&nbsp;&nbsp;&nbsp;&nbsp;&nbsp;3&nbsp;&nbsp;&nbsp;&nbsp;&nbsp;&nbsp;&nbsp;&nbsp;&nbsp;&nbsp;&nbsp;4&nbsp;&nbsp;&nbsp;&nbsp;&nbsp;&nbsp;&nbsp;&nbsp;&nbsp;&nbsp;&nbsp;5</strong>&nbsp;&nbsp;&nbsp;&nbsp;&nbsp;&nbsp;&nbsp;&nbsp;&nbsp;&nbsp;&nbsp;</p>

<p><strong>An&aacute;lisis de la informaci&oacute;n&nbsp;&nbsp;&nbsp;&nbsp;&nbsp;&nbsp;&nbsp;&nbsp;&nbsp;&nbsp;&nbsp;</strong>&nbsp;&nbsp;&nbsp;&nbsp;&nbsp;&nbsp;&nbsp;&nbsp;&nbsp;&nbsp;&nbsp;&nbsp;&nbsp;&nbsp;&nbsp;&nbsp;&nbsp;&nbsp;&nbsp;&nbsp;&nbsp;&nbsp;&nbsp;&nbsp;&nbsp;&nbsp;&nbsp;&nbsp;&nbsp;&nbsp;&nbsp;&nbsp;&nbsp;&nbsp;&nbsp;&nbsp;&nbsp;&nbsp;&nbsp;&nbsp;&nbsp;&nbsp;&nbsp;&nbsp;&nbsp;&nbsp;&nbsp;&nbsp;&nbsp;&nbsp;&nbsp;&nbsp;&nbsp;&nbsp;&nbsp;</p>

<p><strong>&middot; </strong>Has sabido distinguir la informaci&oacute;n importante<br />
<strong>&nbsp; </strong>respecto a la superflua.</p>

<p><strong>&middot; </strong>Has ordenado todos los datos antes de analizarlos.</p>

<p><strong>&middot; </strong>Has sabido trasladar al escrito seg&uacute;n<br />
<strong>&nbsp; </strong>se requer&iacute;a.</p>

<p>________________________________________________________________________&nbsp;&nbsp;&nbsp;&nbsp;&nbsp;&nbsp;&nbsp;&nbsp;&nbsp;&nbsp;&nbsp;&nbsp;&nbsp;&nbsp;&nbsp;&nbsp;&nbsp;&nbsp;&nbsp;&nbsp;&nbsp;&nbsp;&nbsp;&nbsp;&nbsp;&nbsp;&nbsp;&nbsp;&nbsp;&nbsp;&nbsp;&nbsp;&nbsp;&nbsp;&nbsp;&nbsp;&nbsp;&nbsp;&nbsp;&nbsp;&nbsp;&nbsp;&nbsp;&nbsp;&nbsp;&nbsp;&nbsp;&nbsp;&nbsp;&nbsp;&nbsp;&nbsp;&nbsp;&nbsp;&nbsp;&nbsp;&nbsp;&nbsp;&nbsp;&nbsp;&nbsp;&nbsp;&nbsp;&nbsp;&nbsp;&nbsp;</p>

<p><strong>&nbsp;&nbsp;&nbsp;&nbsp;&nbsp;&nbsp;&nbsp;&nbsp;&nbsp;&nbsp;&nbsp;&nbsp;&nbsp;&nbsp;&nbsp;&nbsp;&nbsp;&nbsp;&nbsp;&nbsp;&nbsp;&nbsp;&nbsp;&nbsp;&nbsp;&nbsp;&nbsp;&nbsp;&nbsp;&nbsp;&nbsp;&nbsp;&nbsp;&nbsp;&nbsp;&nbsp;&nbsp;&nbsp;&nbsp;&nbsp;&nbsp;&nbsp;&nbsp;&nbsp;&nbsp;&nbsp;&nbsp;&nbsp;&nbsp;&nbsp;&nbsp;&nbsp;&nbsp;&nbsp;&nbsp;&nbsp;&nbsp;&nbsp;&nbsp;&nbsp;&nbsp;&nbsp;&nbsp;&nbsp;&nbsp;&nbsp;&nbsp;&nbsp;&nbsp;&nbsp;&nbsp;&nbsp;&nbsp;&nbsp;&nbsp;&nbsp;&nbsp;1&nbsp;&nbsp;&nbsp;&nbsp;&nbsp;&nbsp;&nbsp;&nbsp;&nbsp;&nbsp;&nbsp;2&nbsp;&nbsp;&nbsp;&nbsp;&nbsp;&nbsp;&nbsp;&nbsp;&nbsp;&nbsp;&nbsp;3&nbsp;&nbsp;&nbsp;&nbsp;&nbsp;&nbsp;&nbsp;&nbsp;&nbsp;&nbsp;&nbsp;4&nbsp;&nbsp;&nbsp;&nbsp;&nbsp;&nbsp;&nbsp;&nbsp;&nbsp;&nbsp;&nbsp;5</strong>&nbsp;&nbsp;&nbsp;&nbsp;&nbsp;&nbsp;&nbsp;&nbsp;&nbsp;&nbsp;&nbsp;</p>

<p><strong>S&iacute;ntesis</strong>&nbsp;&nbsp;&nbsp;&nbsp;&nbsp;&nbsp;&nbsp;&nbsp;&nbsp;&nbsp;&nbsp;&nbsp;&nbsp;&nbsp;&nbsp;&nbsp;&nbsp;&nbsp;&nbsp;&nbsp;&nbsp;&nbsp;&nbsp;&nbsp;&nbsp;&nbsp;&nbsp;&nbsp;&nbsp;&nbsp;&nbsp;&nbsp;&nbsp;</p>

<p><strong>&middot;</strong> Has dado respuesta a la pregunta principal<br />
<strong>&nbsp; </strong>del proyecto.</p>

<p><strong>&middot;</strong> Has sabido interpretar los datos.&nbsp;&nbsp;&nbsp;&nbsp;&nbsp;&nbsp;&nbsp;&nbsp;&nbsp;&nbsp;&nbsp;&nbsp;&nbsp;&nbsp;&nbsp;&nbsp;&nbsp;&nbsp;&nbsp;&nbsp;&nbsp;&nbsp;&nbsp;&nbsp;&nbsp;&nbsp;&nbsp;&nbsp;&nbsp;&nbsp;&nbsp;&nbsp;&nbsp;&nbsp;&nbsp;&nbsp;&nbsp;&nbsp;&nbsp;&nbsp;&nbsp;&nbsp;&nbsp;&nbsp;&nbsp;&nbsp;&nbsp;&nbsp;&nbsp;&nbsp;&nbsp;&nbsp;&nbsp;&nbsp;&nbsp;</p>

<p><strong>&middot; </strong>Has participado en la extracci&oacute;n de<br />
<strong>&nbsp; </strong>conclusiones.</p>

<p><strong>&middot; </strong>Has sabido estructurar la informaci&oacute;n<br />
<strong>&nbsp; </strong>correctamente en el escrito.</p>

<p><strong>&middot; </strong>Ha quedado clara la informaci&oacute;n expuesta.</p>

<p><strong>&middot; </strong>Has incorporado el contenido visual adecuado.</p>

<p><strong>&middot; </strong>Has sido creativo.&nbsp;&nbsp;&nbsp;&nbsp;&nbsp;&nbsp;&nbsp;&nbsp;&nbsp;&nbsp;&nbsp;</p>

<p>________________________________________________________________________&nbsp;&nbsp;&nbsp;&nbsp;&nbsp;&nbsp;&nbsp;&nbsp;&nbsp;&nbsp;&nbsp;&nbsp;&nbsp;&nbsp;&nbsp;&nbsp;&nbsp;&nbsp;&nbsp;&nbsp;&nbsp;&nbsp;&nbsp;&nbsp;&nbsp;&nbsp;&nbsp;&nbsp;&nbsp;&nbsp;&nbsp;&nbsp;&nbsp;&nbsp;&nbsp;&nbsp;&nbsp;&nbsp;&nbsp;&nbsp;&nbsp;&nbsp;&nbsp;&nbsp;&nbsp;&nbsp;&nbsp;&nbsp;&nbsp;&nbsp;&nbsp;&nbsp;&nbsp;&nbsp;&nbsp;&nbsp;&nbsp;&nbsp;&nbsp;&nbsp;&nbsp;&nbsp;&nbsp;&nbsp;&nbsp;&nbsp;</p>

<p><strong>&nbsp;&nbsp;&nbsp;&nbsp;&nbsp;&nbsp;&nbsp;&nbsp;&nbsp;&nbsp;&nbsp;&nbsp;&nbsp;&nbsp;&nbsp;&nbsp;&nbsp;&nbsp;&nbsp;&nbsp;&nbsp;&nbsp;&nbsp;&nbsp;&nbsp;&nbsp;&nbsp;&nbsp;&nbsp;&nbsp;&nbsp;&nbsp;&nbsp;&nbsp;&nbsp;&nbsp;&nbsp;&nbsp;&nbsp;&nbsp;&nbsp;&nbsp;&nbsp;&nbsp;&nbsp;&nbsp;&nbsp;&nbsp;&nbsp;&nbsp;&nbsp;&nbsp;&nbsp;&nbsp;&nbsp;&nbsp;&nbsp;&nbsp;&nbsp;&nbsp;&nbsp;&nbsp;&nbsp;&nbsp;&nbsp;&nbsp;&nbsp;&nbsp;&nbsp;&nbsp;&nbsp;&nbsp;&nbsp;&nbsp;&nbsp;&nbsp;&nbsp;1&nbsp;&nbsp;&nbsp;&nbsp;&nbsp;&nbsp;&nbsp;&nbsp;&nbsp;&nbsp;&nbsp;2&nbsp;&nbsp;&nbsp;&nbsp;&nbsp;&nbsp;&nbsp;&nbsp;&nbsp;&nbsp;&nbsp;3&nbsp;&nbsp;&nbsp;&nbsp;&nbsp;&nbsp;&nbsp;&nbsp;&nbsp;&nbsp;&nbsp;4&nbsp;&nbsp;&nbsp;&nbsp;&nbsp;&nbsp;&nbsp;&nbsp;&nbsp;&nbsp;&nbsp;5</strong>&nbsp;&nbsp;&nbsp;&nbsp;&nbsp;&nbsp;&nbsp;&nbsp;&nbsp;&nbsp;&nbsp;</p>

<p><strong>VALORACI&Oacute;N GLOBAL</strong></p>

<p><strong>&middot;</strong> Del trabajo desarrollado.</p>

<p><strong>&middot;</strong> De los documentos entregados.</p>

<p><strong>&middot;</strong> Del trabajo en equipo.&nbsp;&nbsp;&nbsp;&nbsp;&nbsp;&nbsp;&nbsp;&nbsp;&nbsp;&nbsp;&nbsp; &nbsp;&nbsp;&nbsp;&nbsp;&nbsp;&nbsp;&nbsp;&nbsp;&nbsp;&nbsp;&nbsp;&nbsp;&nbsp;&nbsp;&nbsp;&nbsp;&nbsp;&nbsp;&nbsp;&nbsp;&nbsp;&nbsp;&nbsp;&nbsp;&nbsp;&nbsp;&nbsp;&nbsp;&nbsp;&nbsp;&nbsp;&nbsp;&nbsp;&nbsp;&nbsp;&nbsp;&nbsp;&nbsp;&nbsp;&nbsp;&nbsp;&nbsp;&nbsp;&nbsp;</p>
]]></section>
</engine>