﻿<?xml version="1.0" encoding="UTF-8"?>
<engine copy="Editorial Planeta" version="1" aprid="f1">
  <css><![CDATA[.defaultCSSBox2 {
	background: #000000;
}
.defaultCSSBox3 {
	background: #ffffff;
}]]></css>
  <pantallas>
    <pantalla id="pantalla_5">
      <event id="onPrepare" language="DO"><![CDATA[]]></event>
      <event id="onShown" language="DO"><![CDATA[]]></event>
      <components>
        <component _type="_compSlider" id="diaporama_12" x="0" y="0" width="950" height="608" alpha="1" visible="1" enabled="1" transMode="1" />
        <component _type="_compSliderNav" id="slidernav_11" x="45" y="526" width="162" height="37" alpha="1" visible="1" enabled="1" sliderId="diaporama_12" showHome="1" whiteButtons="0" />
      </components>
      <animaciones>
      </animaciones>
      <slider id="diaporama_12">
        <pantalla id="pantalla_14">
          <event id="onPrepare" language="DO"><![CDATA[]]></event>
          <event id="onShown" language="DO"><![CDATA[]]></event>
          <components>
            <component _type="_compRichText" id="texto_26" x="6" y="40" width="938" height="137" alpha="1" visible="1" enabled="1" scrollable="1">
              <content><![CDATA[<p style="text-align:center"><span style="font-size:31px"><span style="font-family:georgia,serif">La última fase del colonialismo: el imperialismo</span></span></p>
]]></content>
            </component>
            <component _type="_compImage" id="image_20" x="82" y="145" width="785" height="333" alpha="1" visible="1" enabled="1" cssClass="" adjustMode="4" alignMode="1" image="data/imagenes/image_24_copy.jpg" />
          </components>
          <animaciones>
          </animaciones>
        </pantalla>
        <pantalla id="pantalla_25">
          <event id="onPrepare" language="DO"><![CDATA[]]></event>
          <event id="onShown" language="DO"><![CDATA[]]></event>
          <components>
            <component _type="_compRichText" id="texto_26" x="111" y="18" width="767" height="68" alpha="1" visible="1" enabled="1" scrollable="1">
              <content><![CDATA[<p><span style="font-size:25px"><span style="font-family:verdana,geneva,sans-serif">El imperialismo</span></span></p>
]]></content>
            </component>
            <component _type="_compImage" id="image_20" x="111" y="116" width="339" height="362" alpha="1" visible="1" enabled="1" cssClass="" adjustMode="4" alignMode="0" image="data/imagenes/image_37.jpg" />
            <component _type="_compRichText" id="texto_19" x="372" y="91" width="470" height="387" alpha="1" visible="1" enabled="1" scrollable="1">
              <content><![CDATA[<p><span style="font-size:20px"><span style="font-family:verdana,geneva,sans-serif">El imperialismo fue la <strong>&uacute;ltima fase del colonialismo </strong>y se vincul&oacute; a la <strong>segunda revoluci&oacute;n industrial</strong>.</span></span></p>

<p><span style="font-size:20px"><span style="font-family:verdana,geneva,sans-serif">Represent&oacute; un reparto del mundo entre las <strong>principales potencias </strong>del momento:</span></span></p>

<ul>
	<li><span style="font-size:20px"><span style="font-family:verdana,geneva,sans-serif">Reino Unido</span></span></li>
	<li><span style="font-size:20px"><span style="font-family:verdana,geneva,sans-serif">Francia</span></span></li>
	<li><span style="font-size:20px"><span style="font-family:verdana,geneva,sans-serif">Alemania</span></span></li>
	<li><span style="font-size:20px"><span style="font-family:verdana,geneva,sans-serif">Rusia</span></span></li>
	<li><span style="font-size:20px"><span style="font-family:verdana,geneva,sans-serif">Jap&oacute;n</span></span></li>
	<li><span style="font-size:20px"><span style="font-family:verdana,geneva,sans-serif">Estados Unidos</span></span></li>
</ul>
]]></content>
            </component>
          </components>
          <animaciones>
          </animaciones>
        </pantalla>
        <pantalla id="pantalla_29">
          <event id="onPrepare" language="DO"><![CDATA[]]></event>
          <event id="onShown" language="DO"><![CDATA[]]></event>
          <components>
            <component _type="_compRichText" id="texto_26" x="111" y="18" width="767" height="68" alpha="1" visible="1" enabled="1" scrollable="1">
              <content><![CDATA[<p><span style="font-size:25px"><span style="font-family:verdana,geneva,sans-serif">Las causas del imperialismo</span></span></p>
]]></content>
            </component>
            <component _type="_compRichText" id="texto_19" x="372" y="91" width="470" height="387" alpha="1" visible="1" enabled="1" scrollable="1">
              <content><![CDATA[<p><span style="font-size:20px"><span style="font-family:verdana,geneva,sans-serif">La <strong>carrera </strong>de las potencias del siglo XIX por el <strong>control de nuevos territorios </strong>se debi&oacute; a:</span></span></p>

<ul>
	<li><span style="font-size:20px"><span style="font-family:verdana,geneva,sans-serif">Motivaciones econ&oacute;micas.</span></span><br />
	&nbsp;</li>
	<li><span style="font-size:20px"><span style="font-family:verdana,geneva,sans-serif">Motivaciones pol&iacute;ticas.</span></span><br />
	&nbsp;</li>
	<li><span style="font-size:20px"><span style="font-family:verdana,geneva,sans-serif">Motivaciones ideol&oacute;gico-culturales.</span></span><br />
	&nbsp;</li>
	<li><span style="font-size:20px"><span style="font-family:verdana,geneva,sans-serif">Factores demogr&aacute;ficos.</span></span><br />
	&nbsp;</li>
	<li><span style="font-size:20px"><span style="font-family:verdana,geneva,sans-serif">Factores tecnol&oacute;gicos.</span></span></li>
</ul>
]]></content>
            </component>
            <component _type="_compImage" id="image_20" x="111" y="116" width="245" height="362" alpha="1" visible="1" enabled="1" cssClass="" adjustMode="5" alignMode="2" image="data/imagenes/image_49.jpg" />
          </components>
          <animaciones>
          </animaciones>
        </pantalla>
        <pantalla id="pantalla_33">
          <event id="onPrepare" language="DO"><![CDATA[]]></event>
          <event id="onShown" language="DO"><![CDATA[]]></event>
          <components>
            <component _type="_compRichText" id="texto_26" x="111" y="18" width="767" height="68" alpha="1" visible="1" enabled="1" scrollable="1">
              <content><![CDATA[<p><span style="font-size:25px"><span style="font-family:verdana,geneva,sans-serif">El sistema colonial</span></span></p>
]]></content>
            </component>
            <component _type="_compImage" id="image_20" x="111" y="116" width="339" height="362" alpha="1" visible="1" enabled="1" cssClass="" adjustMode="4" alignMode="0" image="data/imagenes/image_55.jpg" />
            <component _type="_compRichText" id="texto_19" x="381" y="91" width="461" height="387" alpha="1" visible="1" enabled="1" scrollable="1">
              <content><![CDATA[<p><span style="font-size:20px"><span style="font-family:verdana,geneva,sans-serif">La <strong>dominaci&oacute;n colonial </strong>se hac&iacute;a en <strong>tres fases consecutivas</strong>:</span></span></p>

<ul>
	<li><span style="font-size:20px"><span style="font-family:verdana,geneva,sans-serif">Observaci&oacute;n</span></span><br />
	&nbsp;</li>
	<li><span style="font-size:20px"><span style="font-family:verdana,geneva,sans-serif">Conquista</span></span><br />
	&nbsp;</li>
	<li><span style="font-size:20px"><span style="font-family:verdana,geneva,sans-serif">Organizaci&oacute;n</span></span></li>
</ul>
]]></content>
            </component>
          </components>
          <animaciones>
          </animaciones>
        </pantalla>
        <pantalla id="pantalla_37">
          <event id="onPrepare" language="DO"><![CDATA[]]></event>
          <event id="onShown" language="DO"><![CDATA[]]></event>
          <components>
            <component _type="_compImage" id="image_20" x="111" y="116" width="339" height="362" alpha="1" visible="1" enabled="1" cssClass="" adjustMode="4" alignMode="0" image="data/imagenes/image_61.jpg" />
            <component _type="_compRichText" id="texto_19" x="394" y="91" width="507" height="435" alpha="1" visible="1" enabled="1" scrollable="1">
              <content><![CDATA[<p><span style="font-family:verdana,geneva,sans-serif"><span style="font-size:20px">Las potencias europeas crearon un <strong>sistema colonial </strong>en el que se distingu&iacute;an:</span></span></p>

<ul>
	<li><span style="font-family:verdana,geneva,sans-serif"><span style="font-size:20px"><strong>Colonias </strong>gobernadas por las metr&oacute;polis. Pod&iacute;an ser:</span></span><br />
	&nbsp;
	<ul>
		<li><span style="font-family:verdana,geneva,sans-serif"><span style="font-size:20px"><strong>Colonias de poblamiento</strong>. Pod&iacute;an ser:</span></span><br />
		&nbsp;
		<ul>
			<li><span style="font-family:verdana,geneva,sans-serif"><span style="font-size:20px">Territorios metropolitanos.</span></span></li>
			<li><span style="font-family:verdana,geneva,sans-serif"><span style="font-size:20px">Dominios.</span></span><br />
			&nbsp;</li>
		</ul>
		</li>
		<li><span style="font-family:verdana,geneva,sans-serif"><span style="font-size:20px"><strong>Colonias de explotaci&oacute;n</strong>.</span></span><br />
		&nbsp;</li>
	</ul>
	</li>
	<li><span style="font-family:verdana,geneva,sans-serif"><span style="font-size:20px"><strong>Protectorados</strong>.</span></span></li>
</ul>
]]></content>
            </component>
            <component _type="_compRichText" id="texto_26" x="111" y="18" width="767" height="68" alpha="1" visible="1" enabled="1" scrollable="1">
              <content><![CDATA[<p><span style="font-size:25px"><span style="font-family:verdana,geneva,sans-serif">El sistema colonial</span></span></p>
]]></content>
            </component>
          </components>
          <animaciones>
          </animaciones>
        </pantalla>
        <pantalla id="pantalla_41">
          <event id="onPrepare" language="DO"><![CDATA[]]></event>
          <event id="onShown" language="DO"><![CDATA[]]></event>
          <components>
            <component _type="_compRichText" id="texto_26" x="111" y="18" width="767" height="68" alpha="1" visible="1" enabled="1" scrollable="1">
              <content><![CDATA[<p><span style="font-size:25px"><span style="font-family:verdana,geneva,sans-serif">El reparto del mundo</span></span></p>
]]></content>
            </component>
            <component _type="_compImage" id="image_20" x="111" y="116" width="339" height="362" alpha="1" visible="1" enabled="1" cssClass="" adjustMode="4" alignMode="0" image="data/imagenes/image_67.jpg" />
            <component _type="_compRichText" id="texto_19" x="372" y="91" width="470" height="472" alpha="1" visible="1" enabled="1" scrollable="1">
              <content><![CDATA[<p><span style="font-size:20px"><span style="font-family:verdana,geneva,sans-serif">A finales del siglo XIX, las grandes potencias controlaban buena parte de los <strong>territorios no europeos</strong>.</span></span></p>

<p><span style="font-size:20px"><span style="font-family:verdana,geneva,sans-serif">El choque de intereses en <strong>&Aacute;frica </strong>llev&oacute; a la <strong>conferencia de Berl&iacute;n </strong>(1884-1885), qu&eacute; supuso el <strong>reparto del continente</strong>.</span></span></p>

<p><span style="font-size:20px"><span style="font-family:verdana,geneva,sans-serif"><strong>Asia </strong>fue codiciada tanto por las potencias europeas como por otros pa&iacute;ses que deseaban expandirse y conquistar <strong>nuevos mercados</strong>.</span></span></p>

<p><span style="font-size:20px"><span style="font-family:verdana,geneva,sans-serif">La potencia colonial m&aacute;s importante fue el <strong>Imperio brit&aacute;nico</strong>, cuya posesi&oacute;n m&aacute;s importante era la India.</span></span></p>
]]></content>
            </component>
          </components>
          <animaciones>
          </animaciones>
        </pantalla>
        <pantalla id="pantalla_45">
          <event id="onPrepare" language="DO"><![CDATA[]]></event>
          <event id="onShown" language="DO"><![CDATA[]]></event>
          <components>
            <component _type="_compRichText" id="texto_26" x="111" y="18" width="767" height="68" alpha="1" visible="1" enabled="1" scrollable="1">
              <content><![CDATA[<p><span style="font-size:25px"><span style="font-family:verdana,geneva,sans-serif">La explotación colonial</span></span></p>
]]></content>
            </component>
            <component _type="_compImage" id="image_20" x="111" y="116" width="339" height="362" alpha="1" visible="1" enabled="1" cssClass="" adjustMode="4" alignMode="0" image="data/imagenes/image_72.jpg" />
            <component _type="_compRichText" id="texto_19" x="428" y="91" width="414" height="422" alpha="1" visible="1" enabled="1" scrollable="1">
              <content><![CDATA[<p><span style="font-size:20px"><span style="font-family:verdana,geneva,sans-serif">&ldquo;Parec&iacute;a que yo era considerado algo as&iacute; como un emisario de la luz, como un individuo apenas ligeramente inferior a un ap&oacute;stol. Una enorme cantidad de esas tonter&iacute;as corr&iacute;a en los peri&oacute;dicos y en las conversaciones de aquella &eacute;poca. [Mi t&iacute;a] hablaba de &#39;liberar a millones de ignorantes de su horrible destino&#39;, hasta que, palabra, me hizo sentir verdaderamente inc&oacute;modo. Trat&eacute; de insinuar que lo que a la compa&ntilde;&iacute;a le interesaba era su propio beneficio.&rdquo;</span></span></p>

<p style="text-align: right;"><span style="font-size:18px"><span style="font-family:verdana,geneva,sans-serif">Joseph Conrad, <em>El coraz&oacute;n de las tinieblas </em>(fragmento). </span></span></p>
]]></content>
            </component>
          </components>
          <animaciones>
          </animaciones>
        </pantalla>
        <pantalla id="pantalla_49">
          <event id="onPrepare" language="DO"><![CDATA[]]></event>
          <event id="onShown" language="DO"><![CDATA[]]></event>
          <components>
            <component _type="_compRichText" id="texto_26" x="111" y="18" width="767" height="68" alpha="1" visible="1" enabled="1" scrollable="1">
              <content><![CDATA[<p><span style="font-size:25px"><span style="font-family:verdana,geneva,sans-serif">La explotación colonial</span></span></p>
]]></content>
            </component>
            <component _type="_compImage" id="image_20" x="111" y="116" width="339" height="362" alpha="1" visible="1" enabled="1" cssClass="" adjustMode="4" alignMode="0" image="data/imagenes/image_72.jpg" />
            <component _type="_compRichText" id="texto_19" x="428" y="91" width="416" height="422" alpha="1" visible="1" enabled="1" scrollable="1">
              <content><![CDATA[<p><span style="font-size:18px"><span style="font-family:verdana,geneva,sans-serif">&ldquo;Mor&iacute;an lentamente... eso estaba claro. No eran enemigos, no eran criminales, no eran nada terrenal, solo sombras negras de enfermedad y agotamiento, que yac&iacute;an confusamente en la tiniebla verdosa. Tra&iacute;dos de todos los lugares del interior, contratados legalmente, perdidos en aquel ambiente extra&ntilde;o, alimentados con una comida que no les resultaba familiar, enfermaban, se volv&iacute;an in&uacute;tiles, y entonces obten&iacute;an permiso para arrastrarse y descansar all&iacute;. Aquellas formas moribundas eran libres como el aire, tan tenues casi como &eacute;l.&rdquo;</span></span></p>

<p style="text-align:right"><span style="font-size:16px"><span style="font-family:verdana,geneva,sans-serif">Joseph Conrad, <em>El coraz&oacute;n de las tinieblas </em>(fragmento). </span></span></p>
]]></content>
            </component>
          </components>
          <animaciones>
          </animaciones>
        </pantalla>
        <pantalla id="pantalla_53">
          <event id="onPrepare" language="DO"><![CDATA[]]></event>
          <event id="onShown" language="DO"><![CDATA[]]></event>
          <components>
            <component _type="_compRichText" id="texto_26" x="111" y="18" width="767" height="68" alpha="1" visible="1" enabled="1" scrollable="1">
              <content><![CDATA[<p><span style="font-size:25px"><span style="font-family:verdana,geneva,sans-serif">La explotación colonial</span></span></p>
]]></content>
            </component>
            <component _type="_compImage" id="image_20" x="111" y="116" width="339" height="362" alpha="1" visible="1" enabled="1" cssClass="" adjustMode="4" alignMode="0" image="data/imagenes/image_81.jpg" />
            <component _type="_compRichText" id="texto_19" x="372" y="91" width="470" height="387" alpha="1" visible="1" enabled="1" scrollable="1">
              <content><![CDATA[<p><span style="font-size:20px"><span style="font-family:verdana,geneva,sans-serif">&ldquo;&iexcl;Madre!, &iexcl;qu&eacute; desgraciados somos!...<br />
Pero el Sol matar&aacute; al hombre blanco,<br />
pero la Luna matar&aacute; al hombre blanco,<br />
pero el tigre matar&aacute; al hombre blanco,<br />
pero el cocodrilo matar&aacute; la hombre blanco,<br />
pero el elefante matar&aacute; al hombre blanco,<br />
pero el r&iacute;o matar&aacute; al hombre blanco.&rdquo;</span></span></p>

<p style="text-align:right"><span style="font-size:18px"><span style="font-family:verdana,geneva,sans-serif">Canci&oacute;n cantada por los ind&iacute;genas<br />
del Congo en el siglo XIX. </span></span></p>
]]></content>
            </component>
          </components>
          <animaciones>
          </animaciones>
        </pantalla>
      </slider>
    </pantalla>
  </pantallas>
  <popups>
    <pantalla id="pantalla_25">
      <event id="onPrepare" language="DO"><![CDATA[]]></event>
      <event id="onShown" language="DO"><![CDATA[]]></event>
      <components>
        <component _type="_compImage" id="image_19" x="0" y="0" width="950" height="608" alpha="1" visible="1" enabled="1" cssClass="" adjustMode="1" alignMode="0" image="data/imagenes/plantilla_f2.jpg" />
        <component _type="_compIconButton" id="iconbutton_24" x="867" y="45" width="37" height="37" alpha="1" visible="1" enabled="1" cssClass="iconCloseButton" group="-1">
          <event id="onClick" language="DO"><![CDATA[popup_close()]]></event>
        </component>
      </components>
      <animaciones>
      </animaciones>
    </pantalla>
  </popups>
</engine>