﻿<?xml version="1.0" encoding="utf-8"?>
<?xml-stylesheet href="cuadernoestudio/dtd/libro.xslt" type="text/xsl"?>
<!DOCTYPE libro SYSTEM "cuadernoestudio/dtd/libro.dtd"[]>
<libro id="CS_11_07_CO">
  <libroTitulo>El medio ambiente: problemas y desafíos</libroTitulo>
  <seccion1 id="S1_CS_11_07_CO_5BDA5768B69B47349C09502B893FB794">
    <seccion1Titulo>Problemas ambientales del mundo</seccion1Titulo>
    <seccion1Texto>
      <p>Aquí escribiré el párrafo de la sección</p>
      <p>Aquí va un PÁRRAFO</p>
      <imagen src="CS_11_07_CO_img_01_small.png">
        <p>Aquí escribiré el pie de foto</p>
      </imagen>
      <recuerda>
        <recuerdaTexto>
          <p>Aquí va un RECUERDA</p>
        </recuerdaTexto>
      </recuerda>
      <destacado>
        <destacadoTitulo>Aquí va el título de un DESTACADO</destacadoTitulo>
        <destacadoTexto>
          <p>Aquí va el texto de un DESTACADO</p>
        </destacadoTexto>
      </destacado>
      <practica>
        <enlace destino="/LoIdRedirect.aspx?LoId=CS_11_07_CO_Recurso010&amp;IdRecurso=RES-243367757CB84ED3B45B01F1720AD990">Los impactos ambientales</enlace>
      </practica>
      <p>Aquí va un PÁRRAFO</p>
      <imagen src="CS_11_07_CO_img_02_small.png">
        <p>Aquí escribiré el pie de foto</p>
      </imagen>
      <recuerda>
        <recuerdaTexto>
          <p>Aquí va un RECUERDA</p>
        </recuerdaTexto>
      </recuerda>
      <destacado>
        <destacadoTitulo>Aquí va el título de un DESTACADO</destacadoTitulo>
        <destacadoTexto>
          <p>Aquí va el texto de un DESTACADO</p>
        </destacadoTexto>
      </destacado>
      <practica>
        <enlace destino="/LoIdRedirect.aspx?LoId=CS_11_07_CO_Recurso020&amp;IdRecurso=RES-2320F984FCDF47B9A9FBD5AE7CD0FF19">Reconoce las causas de la degradación del medio ambiente</enlace>
      </practica>
      <seccion2 id="S2_CS_11_07_CO_59DCA802F7164DC1AF36652D58FEAA5A">
        <seccion2Titulo>El ser humano frente a las otras especies</seccion2Titulo>
        <seccion2Texto>
          <p>Aquí escribiré el párrafo de la sección</p>
          <p>Aquí va un PÁRRAFO</p>
          <imagen src="CS_11_07_CO_img_03_small.png">
            <p>Aquí escribiré el pie de foto</p>
          </imagen>
          <recuerda>
            <recuerdaTexto>
              <p>Aquí va un RECUERDA</p>
            </recuerdaTexto>
          </recuerda>
          <destacado>
            <destacadoTitulo>Aquí va el título de un DESTACADO</destacadoTitulo>
            <destacadoTexto>
              <p>Aquí va el texto de un DESTACADO</p>
            </destacadoTexto>
          </destacado>
          <practica>
            <enlace destino="/LoIdRedirect.aspx?LoId=CS_11_07_CO_Recurso030&amp;IdRecurso=RES-11A42FA7C27342F6BCDB49230AE48A4C">Los riesgos de origen humano</enlace>
          </practica>
          <p>Aquí va un PÁRRAFO</p>
          <imagen src="CS_11_07_CO_img_04_small.png">
            <p>Aquí escribiré el pie de foto</p>
          </imagen>
          <recuerda>
            <recuerdaTexto>
              <p>Aquí va un RECUERDA</p>
            </recuerdaTexto>
          </recuerda>
          <destacado>
            <destacadoTitulo>Aquí va el título de un DESTACADO</destacadoTitulo>
            <destacadoTexto>
              <p>Aquí va el texto de un DESTACADO</p>
            </destacadoTexto>
          </destacado>
          <practica>
            <enlace destino="/LoIdRedirect.aspx?LoId=CS_11_07_CO_Recurso040&amp;IdRecurso=RES-BD14C5D37EC047D189440953913DCC56">Identifica los riesgos de origen humano</enlace>
          </practica>
        </seccion2Texto>
      </seccion2>
      <seccion2 id="S2_CS_11_07_CO_21C0513D55A647FB9F919E4B824A4EE2">
        <seccion2Titulo>Consolidación</seccion2Titulo>
        <seccion2Texto>
          <p>Aquí escribiré el párrafo de la sección</p>
          <p>Aquí va un PÁRRAFO</p>
          <imagen src="CS_11_07_CO_img_05_small.png">
            <p>Aquí escribiré el pie de foto</p>
          </imagen>
          <recuerda>
            <recuerdaTexto>
              <p>Aquí va un RECUERDA</p>
            </recuerdaTexto>
          </recuerda>
          <destacado>
            <destacadoTitulo>Aquí va el título de un DESTACADO</destacadoTitulo>
            <destacadoTexto>
              <p>Aquí va el texto de un DESTACADO</p>
            </destacadoTexto>
          </destacado>
          <practica>
            <enlace destino="/LoIdRedirect.aspx?LoId=CS_11_07_CO_Recurso050&amp;IdRecurso=RES-7E4EF8D1499240F7A29E94ED8EC11B39">Recurso M101A-01</enlace>
          </practica>
        </seccion2Texto>
      </seccion2>
    </seccion1Texto>
  </seccion1>
  <seccion1 id="S1_CS_11_07_CO_7B8C5F82EF534B0BA100A37287770CA0">
    <seccion1Titulo>El impacto del desarrollo industrial y tecnológico</seccion1Titulo>
    <seccion1Texto>
      <p>Aquí escribiré el párrafo de la sección</p>
      <p>Aquí va un PÁRRAFO</p>
      <imagen src="CS_11_07_CO_img_06_small.png">
        <p>Aquí escribiré el pie de foto</p>
      </imagen>
      <recuerda>
        <recuerdaTexto>
          <p>Aquí va un RECUERDA</p>
        </recuerdaTexto>
      </recuerda>
      <destacado>
        <destacadoTitulo>Aquí va el título de un DESTACADO</destacadoTitulo>
        <destacadoTexto>
          <p>Aquí va el texto de un DESTACADO</p>
        </destacadoTexto>
      </destacado>
      <p>Aquí va un PÁRRAFO</p>
      <imagen src="CS_11_07_CO_img_07_small.png">
        <p>Aquí escribiré el pie de foto</p>
      </imagen>
      <recuerda>
        <recuerdaTexto>
          <p>Aquí va un RECUERDA</p>
        </recuerdaTexto>
      </recuerda>
      <destacado>
        <destacadoTitulo>Aquí va el título de un DESTACADO</destacadoTitulo>
        <destacadoTexto>
          <p>Aquí va el texto de un DESTACADO</p>
        </destacadoTexto>
      </destacado>
      <p>Aquí va un PÁRRAFO</p>
      <imagen src="CS_11_07_CO_img_08_small.png">
        <p>Aquí escribiré el pie de foto</p>
      </imagen>
      <recuerda>
        <recuerdaTexto>
          <p>Aquí va un RECUERDA</p>
        </recuerdaTexto>
      </recuerda>
      <destacado>
        <destacadoTitulo>Aquí va el título de un DESTACADO</destacadoTitulo>
        <destacadoTexto>
          <p>Aquí va el texto de un DESTACADO</p>
        </destacadoTexto>
      </destacado>
      <p>Aquí va un PÁRRAFO</p>
      <imagen src="CS_11_07_CO_img_09_small.png">
        <p>Aquí escribiré el pie de foto</p>
      </imagen>
      <recuerda>
        <recuerdaTexto>
          <p>Aquí va un RECUERDA</p>
        </recuerdaTexto>
      </recuerda>
      <destacado>
        <destacadoTitulo>Aquí va el título de un DESTACADO</destacadoTitulo>
        <destacadoTexto>
          <p>Aquí va el texto de un DESTACADO</p>
        </destacadoTexto>
      </destacado>
      <practica>
        <enlace destino="/LoIdRedirect.aspx?LoId=CS_11_07_CO_Recurso090&amp;IdRecurso=RES-042ACC8FADDF4B4081390F2A71341CB4">Distingue los efectos del turismo sobre la naturaleza</enlace>
      </practica>
      <seccion2 id="S2_CS_11_07_CO_A3B7295FFE314262A997A1A368725446">
        <seccion2Titulo>La crisis por el agua</seccion2Titulo>
        <seccion2Texto>
          <p>Aquí escribiré el párrafo de la sección</p>
          <p>Aquí va un PÁRRAFO</p>
          <imagen src="CS_11_07_CO_img_10_small.png">
            <p>Aquí escribiré el pie de foto</p>
          </imagen>
          <recuerda>
            <recuerdaTexto>
              <p>Aquí va un RECUERDA</p>
            </recuerdaTexto>
          </recuerda>
          <destacado>
            <destacadoTitulo>Aquí va el título de un DESTACADO</destacadoTitulo>
            <destacadoTexto>
              <p>Aquí va el texto de un DESTACADO</p>
            </destacadoTexto>
          </destacado>
          <practica>
            <enlace destino="/LoIdRedirect.aspx?LoId=CS_11_07_CO_Recurso100&amp;IdRecurso=RES-859A2910FA3D4D199AAACAF563EDEFCD">Recurso M5B-01</enlace>
          </practica>
          <p>Aquí va un PÁRRAFO</p>
          <imagen src="CS_11_07_CO_img_11_small.png">
            <p>Aquí escribiré el pie de foto</p>
          </imagen>
          <recuerda>
            <recuerdaTexto>
              <p>Aquí va un RECUERDA</p>
            </recuerdaTexto>
          </recuerda>
          <destacado>
            <destacadoTitulo>Aquí va el título de un DESTACADO</destacadoTitulo>
            <destacadoTexto>
              <p>Aquí va el texto de un DESTACADO</p>
            </destacadoTexto>
          </destacado>
          <practica>
            <enlace destino="/LoIdRedirect.aspx?LoId=CS_11_07_CO_Recurso110&amp;IdRecurso=RES-49BD1EF95F564101843585686FC02717">Recurso M101A-02</enlace>
          </practica>
        </seccion2Texto>
      </seccion2>
    </seccion1Texto>
  </seccion1>
  <seccion1 id="S1_CS_11_07_CO_39C654CB0D98472FB796383FC7338345">
    <seccion1Titulo>La protección del medio ambiente</seccion1Titulo>
    <seccion1Texto>
      <p>Aquí escribiré el párrafo de la sección</p>
      <seccion2 id="S2_CS_11_07_CO_0EC78E2B7FD34C4C88A70A8C373C0554">
        <seccion2Titulo>La sostenibilidad</seccion2Titulo>
        <seccion2Texto>
          <p>Aquí escribiré el párrafo de la sección</p>
          <p>Aquí va un PÁRRAFO</p>
          <imagen src="CS_11_07_CO_img_12_small.png">
            <p>Aquí escribiré el pie de foto</p>
          </imagen>
          <recuerda>
            <recuerdaTexto>
              <p>Aquí va un RECUERDA</p>
            </recuerdaTexto>
          </recuerda>
          <destacado>
            <destacadoTitulo>Aquí va el título de un DESTACADO</destacadoTitulo>
            <destacadoTexto>
              <p>Aquí va el texto de un DESTACADO</p>
            </destacadoTexto>
          </destacado>
          <practica>
            <enlace destino="/LoIdRedirect.aspx?LoId=CS_11_07_CO_Recurso120&amp;IdRecurso=RES-F64272D6F6E44366903A7B130D1B8E23">Comprende qué podemos hacer por el desarrollo sostenible</enlace>
          </practica>
        </seccion2Texto>
      </seccion2>
      <seccion2 id="S2_CS_11_07_CO_399F1036228D41099B114FA2B49B0865">
        <seccion2Titulo>Convenios internacionales para proteger el medio ambiente</seccion2Titulo>
        <seccion2Texto>
          <p>Aquí escribiré el párrafo de la sección</p>
          <p>Aquí va un PÁRRAFO</p>
          <imagen src="CS_11_07_CO_img_13_small.png">
            <p>Aquí escribiré el pie de foto</p>
          </imagen>
          <recuerda>
            <recuerdaTexto>
              <p>Aquí va un RECUERDA</p>
            </recuerdaTexto>
          </recuerda>
          <destacado>
            <destacadoTitulo>Aquí va el título de un DESTACADO</destacadoTitulo>
            <destacadoTexto>
              <p>Aquí va el texto de un DESTACADO</p>
            </destacadoTexto>
          </destacado>
          <profundiza>
            <enlace destino="/LoIdRedirect.aspx?LoId=CS_11_07_CO_Recurso130&amp;IdRecurso=RES-02D588884BEB4BFD82A5B91C43458654">Recurso F6-01</enlace>
          </profundiza>
        </seccion2Texto>
      </seccion2>
      <seccion2 id="S2_CS_11_07_CO_AAE94B355DCD40BB8E1F1EEE1DB6AC69">
        <seccion2Titulo>Energías limpias</seccion2Titulo>
        <seccion2Texto>
          <p>Aquí escribiré el párrafo de la sección</p>
          <p>Aquí va un PÁRRAFO</p>
          <imagen src="CS_11_07_CO_img_14_small.png">
            <p>Aquí escribiré el pie de foto</p>
          </imagen>
          <recuerda>
            <recuerdaTexto>
              <p>Aquí va un RECUERDA</p>
            </recuerdaTexto>
          </recuerda>
          <destacado>
            <destacadoTitulo>Aquí va el título de un DESTACADO</destacadoTitulo>
            <destacadoTexto>
              <p>Aquí va el texto de un DESTACADO</p>
            </destacadoTexto>
          </destacado>
          <practica>
            <enlace destino="/LoIdRedirect.aspx?LoId=CS_11_07_CO_Recurso140&amp;IdRecurso=RES-10D0F62BD8AD47A38D4110405E441DCC">Recurso M5D-01</enlace>
          </practica>
          <p>Aquí va un PÁRRAFO</p>
          <imagen src="CS_11_07_CO_img_15_small.png">
            <p>Aquí escribiré el pie de foto</p>
          </imagen>
          <recuerda>
            <recuerdaTexto>
              <p>Aquí va un RECUERDA</p>
            </recuerdaTexto>
          </recuerda>
          <destacado>
            <destacadoTitulo>Aquí va el título de un DESTACADO</destacadoTitulo>
            <destacadoTexto>
              <p>Aquí va el texto de un DESTACADO</p>
            </destacadoTexto>
          </destacado>
          <practica>
            <enlace destino="/LoIdRedirect.aspx?LoId=CS_11_07_CO_Recurso150&amp;IdRecurso=RES-5747A0583C594ED7955A2BBB947BE3FA">Recurso M101A-03</enlace>
          </practica>
        </seccion2Texto>
      </seccion2>
    </seccion1Texto>
  </seccion1>
  <seccion1 id="S1_CS_11_07_CO_93D38DB49C32421381E98385A262C07F">
    <seccion1Titulo>La situación ambiental en Colombia</seccion1Titulo>
    <seccion1Texto>
      <p>Aquí escribiré el párrafo de la sección</p>
      <seccion2 id="S2_CS_11_07_CO_EAC8F355D755405E93D60856D2E547D2">
        <seccion2Titulo>La política ambiental en Colombia</seccion2Titulo>
        <seccion2Texto>
          <p>Aquí escribiré el párrafo de la sección</p>
          <p>Aquí va un PÁRRAFO</p>
          <imagen src="CS_11_07_CO_img_16_small.png">
            <p>Aquí escribiré el pie de foto</p>
          </imagen>
          <recuerda>
            <recuerdaTexto>
              <p>Aquí va un RECUERDA</p>
            </recuerdaTexto>
          </recuerda>
          <destacado>
            <destacadoTitulo>Aquí va el título de un DESTACADO</destacadoTitulo>
            <destacadoTexto>
              <p>Aquí va el texto de un DESTACADO</p>
            </destacadoTexto>
          </destacado>
          <practica>
            <enlace destino="/LoIdRedirect.aspx?LoId=CS_11_07_CO_Recurso160&amp;IdRecurso=RES-4D17617B210D4A7AA430F9548E749E58">Recurso M5D-02</enlace>
          </practica>
          <seccion3 id="S3_CS_11_07_CO_AB65A64F88E349019AC951F10AEEF749">
            <seccion3Titulo>Economía y política ambiental en Colombia</seccion3Titulo>
            <seccion3Texto>
              <p>Aquí escribiré el párrafo de la sección</p>
              <p>Aquí va un PÁRRAFO</p>
              <imagen src="CS_11_07_CO_img_17_small.png">
                <p>Aquí escribiré el pie de foto</p>
              </imagen>
              <recuerda>
                <recuerdaTexto>
                  <p>Aquí va un RECUERDA</p>
                </recuerdaTexto>
              </recuerda>
              <destacado>
                <destacadoTitulo>Aquí va el título de un DESTACADO</destacadoTitulo>
                <destacadoTexto>
                  <p>Aquí va el texto de un DESTACADO</p>
                </destacadoTexto>
              </destacado>
              <practica>
                <enlace destino="/LoIdRedirect.aspx?LoId=CS_11_07_CO_Recurso170&amp;IdRecurso=RES-E38CD3D991974AABA0D6738B7F431704">Recurso F10B-01</enlace>
              </practica>
            </seccion3Texto>
          </seccion3>
          <p>Aquí va un PÁRRAFO</p>
          <imagen src="CS_11_07_CO_img_18_small.png">
            <p>Aquí escribiré el pie de foto</p>
          </imagen>
          <recuerda>
            <recuerdaTexto>
              <p>Aquí va un RECUERDA</p>
            </recuerdaTexto>
          </recuerda>
          <destacado>
            <destacadoTitulo>Aquí va el título de un DESTACADO</destacadoTitulo>
            <destacadoTexto>
              <p>Aquí va el texto de un DESTACADO</p>
            </destacadoTexto>
          </destacado>
          <practica>
            <enlace destino="/LoIdRedirect.aspx?LoId=CS_11_07_CO_Recurso180&amp;IdRecurso=RES-8CA59E50908B429B864483FF29EA8CC5">Recurso M101A-04</enlace>
          </practica>
        </seccion2Texto>
      </seccion2>
    </seccion1Texto>
  </seccion1>
  <seccion1 id="S1_CS_11_07_CO_A776B4D420374148997B2739C6ECC29A">
    <seccion1Titulo>Competencias</seccion1Titulo>
    <seccion1Texto>
      <p>Aquí escribiré el párrafo de la sección</p>
      <p>Aquí va un PÁRRAFO</p>
      <imagen src="CS_11_07_CO_img_19_small.png">
        <p>Aquí escribiré el pie de foto</p>
      </imagen>
      <recuerda>
        <recuerdaTexto>
          <p>Aquí va un RECUERDA</p>
        </recuerdaTexto>
      </recuerda>
      <destacado>
        <destacadoTitulo>Aquí va el título de un DESTACADO</destacadoTitulo>
        <destacadoTexto>
          <p>Aquí va el texto de un DESTACADO</p>
        </destacadoTexto>
      </destacado>
      <practica>
        <enlace destino="/LoIdRedirect.aspx?LoId=CS_11_07_CO_Recurso190&amp;IdRecurso=RES-ED60886B6ED64B4EB304EFA783BD2E9E">Competencias: estudio del impacto de la economía en el medio</enlace>
      </practica>
      <p>Aquí va un PÁRRAFO</p>
      <imagen src="CS_11_07_CO_img_20_small.png">
        <p>Aquí escribiré el pie de foto</p>
      </imagen>
      <recuerda>
        <recuerdaTexto>
          <p>Aquí va un RECUERDA</p>
        </recuerdaTexto>
      </recuerda>
      <destacado>
        <destacadoTitulo>Aquí va el título de un DESTACADO</destacadoTitulo>
        <destacadoTexto>
          <p>Aquí va el texto de un DESTACADO</p>
        </destacadoTexto>
      </destacado>
      <practica>
        <enlace destino="/LoIdRedirect.aspx?LoId=CS_11_07_CO_Recurso200&amp;IdRecurso=RES-B2285D386A1C4F9DBDDC17360E03CDDB">Proyecto: estudio de un caso nocivo para el medio ambiente</enlace>
      </practica>
    </seccion1Texto>
  </seccion1>
  <masinformacion id="MI_CS_11_07_CO_E4CD73399A264B679BEB5BCE050E6751">
    <mapaconceptual>
      <enlace destino="/LoIdRedirect.aspx?LoId=CS_11_07_CO_Recurso220&amp;IdRecurso=RES-C07C9C7D2F7A4F3F9641DEB6397413DE">Mapa Conceptual</enlace>
    </mapaconceptual>
    <autoevaluate>
      <enlace destino="/LoIdRedirect.aspx?LoId=CS_11_07_CO_Recurso230&amp;IdRecurso=RES-0CADCDAC5D594C8C86143698A60B4277">Evaluación</enlace>
    </autoevaluate>
    <enlacesreferencia>
      <enlace destino="http://www.aulaplaneta.com">AulaPlaneta</enlace>
    </enlacesreferencia>
  </masinformacion>
</libro>