﻿<?xml version="1.0" encoding="utf-8"?>
<motor tipo="1" clase="b" aprid="m1b">
  <plataforma>
    <grado><![CDATA[2]]></grado>
    <titulo>Las monarquías nacionales</titulo>
    <area>0</area>
    <nivel>2</nivel>
    <referencia />
    <idreg><![CDATA[0]]></idreg>
    <motor><![CDATA[M1B]]></motor>
    <lang>es</lang>
  </plataforma>
  <enunciado><![CDATA[Asocia el país con el suceso o la descripción correspondiente.]]></enunciado>
  <masinfo inicio="0" />
  <sinaleatoriedad><![CDATA[0]]></sinaleatoriedad>
  <calc><![CDATA[0]]></calc>
  <textoatexto cantidad="4">
    <cuestion>
      <pregunta><![CDATA[Francia]]></pregunta>
      <respuesta><![CDATA[La unificación territorial se logra al derrotar a Inglaterra en la guerra de los Cien Años, consolidando el Estado.]]></respuesta>
    </cuestion>
    <cuestion>
      <pregunta><![CDATA[Inglaterra]]></pregunta>
      <respuesta><![CDATA[En 1485 acaba la guerra de las Dos Rosas con la coronación de Enrique VII, quien gobierna sin oposición.]]></respuesta>
    </cuestion>
    <cuestion>
      <pregunta><![CDATA[España]]></pregunta>
      <respuesta><![CDATA[La unificación del territorio se da con el matrimonio de los Reyes Católicos y la expulsión de los musulmanes en 1492.]]></respuesta>
    </cuestion>
    <cuestion>
      <pregunta><![CDATA[Italia]]></pregunta>
      <respuesta><![CDATA[Tras periodos de inestabilidad, los señoríos asumen el gobierno y consolidan un poder monárquico en estados regionales.]]></respuesta>
    </cuestion>
  </textoatexto>
  <textofalso cantidad="0" />
</motor>