<?xml version="1.0" encoding="iso-8859-1"?>
<metadata xmlns="urn:InfoRecurso">
  <identificador>RES-89D9F493838D42F99E459DE7E50BBD8A</identificador>
  <loid>CS_09_04_CO_Recurso260</loid>
  <titulo>Banco de actividades: Colombia en la primera mitad del siglo XX</titulo>
  <descripcion>Motor que incluye actividades de respuesta abierta del tema Colombia en la primera mitad del siglo XX</descripcion>
  <relacionado>0</relacionado>
  <tiporecurso>Recurso sin ficha</tiporecurso>
  <tiempoestimado>30</tiempoestimado>
  <acciondidactica>Generador de actividades</acciondidactica>
  <competencia>Competencia social y ciudadana</competencia>
  <competencias>
    <descriptor>5_1_4</descriptor>
  </competencias>
  <tipomedia pesado="false" matricula="">Actividad</tipomedia>
  <conceptos>
    <concepto>Colombia</concepto>
    <concepto> Hegemon�a conservadora</concepto>
    <concepto> Rep�blica liberal</concepto>
    <concepto>Colombia en la primera mitad del siglo XX</concepto>
  </conceptos>
</metadata>