<?xml version='1.0' encoding='UTF-8'?><diaporama autoplay="false" diapoDefaultTimeOut="false" effectDefaultTimeOut="1500" textDefaultTimeOut="1000" toolbarAlign="LeftBottom" toolbarColor="White" toolbarCounter="false" toolbarCounterColor="White" toolbarMargin="40,40,40,40" fotoMargin="0,0,0,0" textMargin="40,40,40,80" aprid="diaporama"><diapo foto="fondonegro.jpg" ><texto type="Verdana" size="50" style="Normal" color="White" align="CenterCenter" >Hechos y personajes de#la República liberal</texto></diapo><diapo foto="CS_09_04_REC90_IMG01.jpg" ><texto type="Verdana" size="34" style="Normal" color="White" align="LeftTop" effect="normal" >La República liberal#(1930 - 1946)</texto><texto type="Verdana" size="26" style="Normal" color="White" align="LeftTop" effect="normal" >###La República liberal llegó luego#del gobierno del conservador#Miguel 
Abadía Méndez. Fue un#periodo de grandes cambios;#se impulsó la 
industria nacional#y se dieron reformas con#las que mejoró la calidad de#vida de los trabajadores. No#obstante, también continuaron#las luchas 
bipartidistas.</texto></diapo><diapo foto="CS_09_04_REC90_IMG02.jpg" ><texto type="Verdana" size="34" style="Normal" color="White" align="LeftTop" effect="normal" >Enrique Olaya Herrera#(1930 - 1934)</texto><texto type="Verdana" size="26" style="Normal" color="White" align="LeftTop" effect="normal" >###Su gobierno tuvo el reto de#enfrentar las consecuencias #de la Crisis de 
1929. Para ello#impulsó la industria nacional#y la seguridad social.</texto></diapo><diapo foto="CS_09_04_REC90_IMG03.jpg" ><texto type="Verdana" size="34" style="Normal" color="White" align="LeftTop" effect="normal" >Guerra con#el Perú 1932</texto><texto type="Verdana" size="26" style="Normal" color="White" align="LeftTop" effect="normal" >###Inició el 1 de septiembre#de 1932, durante el gobierno#de Enrique Olaya 
Herrera.#La delimitación y la propiedad#de terrenos ubicados en la#
frontera colombo-peruana,#motivó el conflicto. La solución#de la guerra 
llegó con el#Protocolo de Río de Janeiro#firmado el 24 de mayo#de 1934.</texto></diapo><diapo foto="CS_09_04_REC90_IMG04.jpg" ><texto type="Verdana" size="32" style="Normal" color="White" align="LeftTop" effect="normal" >Alfonso López Pumarejo#(1934 - 1938) y#(1942 - 1946)</texto><texto type="Verdana" size="23" style="Normal" color="White" align="LeftTop" effect="normal" >#####El proyecto principal de este#gobernante fue la Revolución#en Marcha. 
Consistió en la#aplicación de un conjunto de#medidas con las que se pretendió#mejorar la calidad de vida#de los sectores populares#de la 
sociedad colombiana.#El proyecto central que se#promovió fue la reforma 
agraria.</texto></diapo><diapo foto="CS_09_04_REC90_IMG05.jpg" ><texto type="Verdana" size="34" style="Normal" color="Black" align="LeftTop" effect="normal" >Refuerzo a la educación#superior pública</texto><texto type="Verdana" size="26" style="Normal" color="Black" align="LeftTop" effect="normal" >###Durante el gobierno de Alfonso#López Pumarejo y en el contexto#de la 
Revolución en Marcha,#la Universidad Nacional se#consolidó como la 
institución#que garantizaría el acceso#democrático a la educación#superior.</texto></diapo><diapo foto="CS_09_04_REC90_IMG06.jpg" ><texto type="Verdana" size="34" style="Normal" color="White" align="LeftTop" effect="normal" >Eduardo Santos#(1938 - 1942)</texto><texto type="Verdana" size="26" style="Normal" color="White" align="LeftTop" effect="normal" >###Su gobierno, conocido como#La Gran Pausa, contuvo#los cambios impulsados#por la Revolución en Marcha#y reavivó los vínculos con#Estados Unidos.</texto></diapo></diaporama>