﻿<?xml version="1.0" encoding="utf-8"?>
<motor tipo="1" clase="a" aprid="M1a">
  <plataforma>
    <grado><![CDATA[2]]></grado>
    <titulo>Localiza elementos a partir de coordenadas</titulo>
    <volumen><![CDATA[2]]></volumen>
    <nivel>3</nivel>
    <referencia><![CDATA[cs_07_01_05]]></referencia>
    <id_reg><![CDATA[116]]></id_reg>
    <motor><![CDATA[M1a]]></motor>
    <lang>es</lang>
  </plataforma>
  <enunciado><![CDATA[Relaciona las siguientes coordenadas con la ciudad a la que pertenecen.]]></enunciado>
  <masinfo inicio="0" />
  <sinaleatoriedad><![CDATA[0]]></sinaleatoriedad>
  <calc><![CDATA[0]]></calc>
  <textoatexto cantidad="8">
    <cuestion>
      <pregunta><![CDATA[Bogotá]]></pregunta>
      <respuesta><![CDATA[4º N 74º O]]></respuesta>
    </cuestion>
    <cuestion>
      <pregunta><![CDATA[Berlín]]></pregunta>
      <respuesta><![CDATA[52º N 13º E]]></respuesta>
    </cuestion>
    <cuestion>
      <pregunta><![CDATA[Washington]]></pregunta>
      <respuesta><![CDATA[38º N 77º O]]></respuesta>
    </cuestion>
    <cuestion>
      <pregunta><![CDATA[El Cairo]]></pregunta>
      <respuesta><![CDATA[30º N 31º E]]></respuesta>
    </cuestion>
    <cuestion>
      <pregunta><![CDATA[Mumbai]]></pregunta>
      <respuesta><![CDATA[18º N 72º E]]></respuesta>
    </cuestion>
    <cuestion>
      <pregunta><![CDATA[Brasília]]></pregunta>
      <respuesta><![CDATA[15º S 47º O]]></respuesta>
    </cuestion>
    <cuestion>
      <pregunta><![CDATA[Canberra]]></pregunta>
      <respuesta><![CDATA[35º S 149º E]]></respuesta>
    </cuestion>
    <cuestion>
      <pregunta><![CDATA[Buenos Aires]]></pregunta>
      <respuesta><![CDATA[34º S 58º O]]></respuesta>
    </cuestion>
  </textoatexto>
  <textofalso cantidad="0" />
</motor>