﻿<?xml version="1.0" encoding="utf-8"?><motor tipo="10" clase="a" aprid="M10a">
  <plataforma>
    <grado><![CDATA[2]]></grado>
    <titulo>Reconoce factores y elementos del clima</titulo>
    <volumen><![CDATA[2]]></volumen>
    <nivel><![CDATA[1]]></nivel>
    <referencia><![CDATA[cs_07_04_02]]></referencia>
    <id_reg><![CDATA[117]]></id_reg>
    <motor><![CDATA[M10a]]></motor>
    <lang>es</lang>
  </plataforma>
  <enunciado><![CDATA[Distingue cuáles de estos agentes corresponden a factores del clima y cuáles corresponden a elementos del clima.]]></enunciado>
  <masinfo inicio="0"/>
  <sinaleatoriedad><![CDATA[0]]></sinaleatoriedad>
  <calc><![CDATA[0]]></calc>
  <textoacategoria cantidad="2">
    <cuestion>
      <categoria><![CDATA[Factores del clima]]></categoria>
      <respuestas>
        <respuesta id="1"><![CDATA[Altitud]]></respuesta>
        <respuesta id="2"><![CDATA[Latitud]]></respuesta>
        <respuesta id="3"><![CDATA[Distancia respecto al mar]]></respuesta>
      </respuestas>
      <sonido/>
    </cuestion>
    <cuestion>
      <categoria><![CDATA[Elementos del clima]]></categoria>
      <respuestas>
        <respuesta id="1"><![CDATA[Temperatura]]></respuesta>
        <respuesta id="2"><![CDATA[Humedad]]></respuesta>
        <respuesta id="3"><![CDATA[Precipitaciones]]></respuesta>
        <respuesta id="4"><![CDATA[Viento]]></respuesta>
        <respuesta id="5"><![CDATA[Presión atmosférica]]></respuesta>
      </respuestas>
      <sonido/>
    </cuestion>
  </textoacategoria>
</motor>