﻿<?xml version="1.0" encoding="UTF-8"?>
<motor tipo="1" clase="b" aprid="M1b">
  <plataforma>
    <grado><![CDATA[2]]></grado>
    <titulo>Reconoce tipos de concentración industrial</titulo>
    <area>2</area>
    <nivel>2</nivel>
    <referencia><![CDATA[CS_10_03_06]]></referencia>
    <idreg><![CDATA[595 ]]></idreg>
    <motor><![CDATA[M1B]]></motor>
    <lang>es</lang>
  </plataforma>
  <enunciado><![CDATA[Relaciona los siguientes conceptos con su significado.]]></enunciado>
  <masinfo inicio="0" />
  <sinaleatoriedad><![CDATA[0]]></sinaleatoriedad>
  <calc><![CDATA[0]]></calc>
  <textoatexto cantidad="4">
    <cuestion>
      <pregunta><![CDATA[Cartel]]></pregunta>
      <respuesta><![CDATA[Pacto entre empresas del mismo sector que buscan desplazar a la competencia para conseguir dominar el mercado.]]></respuesta>
    </cuestion>
    <cuestion>
      <pregunta><![CDATA[Trust]]></pregunta>
      <respuesta><![CDATA[Fusión de varias empresas en una nueva con una junta que se encarga de la gestión y dirección de todas ellas.]]></respuesta>
    </cuestion>
    <cuestion>
      <pregunta><![CDATA[Holding]]></pregunta>
      <respuesta><![CDATA[Sociedad financiera que ejerce su control sobre otras empresas por poseer el grueso de las acciones de cada una de ellas.]]></respuesta>
    </cuestion>
    <cuestion>
      <pregunta><![CDATA[Monopolio]]></pregunta>
      <respuesta><![CDATA[Control exclusivo y pleno que una empresa puede detentar sobre un producto o servicio concreto. ]]></respuesta>
    </cuestion>
  </textoatexto>
  <textofalso cantidad="0" />
  <temps>10</temps>
</motor>