<?xml version="1.0" encoding="utf-8"?><motor tipo="102" clase="ab" aprid="M102ab">
  <plataforma>
    <grado>2</grado>
    <titulo>Proyecto: los movimientos sociales en Latinoamérica a finales del siglo XX</titulo>
    <volumen/>
    <nivel>2</nivel>
    <referencia/>
    <motor/>
    <lang>es</lang>
  </plataforma>
  <calc>0</calc>
  <enunciado><![CDATA[Desarrolla este proyecto según las indicaciones de tu profesor.]]></enunciado>
  <masinfo inicio="0"/>
  <textoupload/>
  <adjunto><![CDATA[Principal.html]]></adjunto>
  <url/>
  <amano><![CDATA[0]]></amano>
</motor>