﻿<?xml version="1.0" encoding="utf-8"?><motor tipo="1" clase="c" aprid="m1c">
  <plataforma>
    <grado><![CDATA[2]]></grado>
    <titulo>Identifica los deberes de los colombianos</titulo>
    <area>0</area>
    <nivel>3</nivel>
    <referencia/>
    <idreg><![CDATA[0]]></idreg>
    <motor><![CDATA[M1C]]></motor>
    <lang>es</lang>
  </plataforma>
  <enunciado><![CDATA[Identifica los deberes de los colombianos mediante la relación de las dos columnas.]]></enunciado>
  <masinfo inicio="0"/>
  <sinaleatoriedad><![CDATA[0]]></sinaleatoriedad>
  <calc><![CDATA[0]]></calc>
  <textoatexto cantidad="6">
    <cuestion>
      <pregunta><![CDATA[Es deber de los colombianos elegir a los gobernantes con un voto dado a conciencia, ]]></pregunta>
      <respuesta><![CDATA[enfatizando en sus propuestas de gobierno y no en la publicidad de sus campañas.]]></respuesta>
    </cuestion>
    <cuestion>
      <pregunta><![CDATA[Los ciudadanos deben defender la soberanía y las instituciones democráticas como un estilo de vida,]]></pregunta>
      <respuesta><![CDATA[lo cual implica respetar a los organismos del gobierno y usar los mecanismos de participación ciudadana.]]></respuesta>
    </cuestion>
    <cuestion>
      <pregunta><![CDATA[Los colombianos deben capacitarse para asumir los retos que implica la dirección del destino del país,]]></pregunta>
      <respuesta><![CDATA[convirtiéndose en líderes permanentes y dotados de las virtudes necesarias para resolver las problemáticas nacionales.]]></respuesta>
    </cuestion>
    <cuestion>
      <pregunta><![CDATA[Los colombianos deben rechazar todo intento de agresión y violencia contra la dignidad humana,]]></pregunta>
      <respuesta><![CDATA[como corresponde a la población de un Estado social de derecho que protege la vida y promueve la convivencia pacífica.]]></respuesta>
    </cuestion>
    <cuestion>
      <pregunta><![CDATA[Los colombianos deben comprometerse con las soluciones derivadas de problemas sociales y políticos,]]></pregunta>
      <respuesta><![CDATA[plantear propuestas y respetar acuerdos que promuevan el bienestar general.]]></respuesta>
    </cuestion>
    <cuestion>
      <pregunta><![CDATA[Todo colombiano debe cumplir los mandatos establecidos en la Constitución nacional, ]]></pregunta>
      <respuesta><![CDATA[respetando las leyes que rigen el destino de la población y que representan el modelo de país.]]></respuesta>
    </cuestion>
  </textoatexto>
  <textofalso cantidad="0"/>
</motor>