﻿<?xml version="1.0" encoding="utf-8"?><motor tipo="4" clase="a" aprid="M4a">
  <plataforma>
    <grado><![CDATA[2]]></grado>
    <titulo>Comprende qué podemos hacer por el desarrollo sostenible</titulo>
    <volumen><![CDATA[2]]></volumen>
    <nivel><![CDATA[1]]></nivel>
    <referencia><![CDATA[cs_07_06_12]]></referencia>
    <id_reg><![CDATA[345]]></id_reg>
    <motor><![CDATA[M4a]]></motor>
    <lang>es</lang>
  </plataforma>
  <enunciado><![CDATA[Señala en cada caso si la acción que se describe se trata de un acto sostenible o no sostenible.]]></enunciado>
  <masinfo inicio="0"/>
  <sinaleatoriedad><![CDATA[0]]></sinaleatoriedad>
  <calc><![CDATA[0]]></calc>
  <respuestaunica><![CDATA[0]]></respuestaunica>
  <test cantidad="10">
    <cuestion>
      <enunciado><![CDATA[Aprovechar la energía solar para calentar el agua corriente.]]></enunciado>
      <explicacion/>
      <imagen/>
      <ampliacion/>
      <respuestas>
        <respuesta contestacion="Sostenible." correcta="1"/>
        <respuesta contestacion="No sostenible." correcta="0"/>
      </respuestas>
    </cuestion>
    <cuestion>
      <enunciado><![CDATA[Utilizar el transporte público.]]></enunciado>
      <explicacion/>
      <imagen/>
      <ampliacion/>
      <respuestas>
        <respuesta contestacion="Sostenible." correcta="1"/>
        <respuesta contestacion="No sostenible. " correcta="0"/>
      </respuestas>
    </cuestion>
    <cuestion>
      <enunciado><![CDATA[Dejar encendidas todas las luces de la casa cuando solo se está en una habitación.]]></enunciado>
      <explicacion/>
      <imagen/>
      <ampliacion/>
      <respuestas>
        <respuesta contestacion="Sostenible." correcta="0"/>
        <respuesta contestacion="No sostenible. " correcta="1"/>
      </respuestas>
    </cuestion>
    <cuestion>
      <enunciado><![CDATA[Poner el aire acondicionado a menos de 25 ºC en verano.]]></enunciado>
      <explicacion/>
      <imagen/>
      <ampliacion/>
      <respuestas>
        <respuesta contestacion="Sostenible." correcta="0"/>
        <respuesta contestacion="No sostenible." correcta="1"/>
      </respuestas>
    </cuestion>
    <cuestion>
      <enunciado><![CDATA[Comprar un vehículo eléctrico.]]></enunciado>
      <explicacion/>
      <imagen/>
      <ampliacion/>
      <respuestas>
        <respuesta contestacion="Sostenible." correcta="1"/>
        <respuesta contestacion="No sostenible." correcta="0"/>
      </respuestas>
    </cuestion>
    <cuestion>
      <enunciado><![CDATA[Aprovechar el agua de lluvia para llenar las cisternas.]]></enunciado>
      <explicacion/>
      <imagen/>
      <ampliacion/>
      <respuestas>
        <respuesta contestacion="Sostenible." correcta="1"/>
        <respuesta contestacion="No sostenible." correcta="0"/>
      </respuestas>
    </cuestion>
    <cuestion>
      <enunciado><![CDATA[Abrir las ventanas cuando se tiene la calefacción encendida.]]></enunciado>
      <explicacion/>
      <imagen/>
      <ampliacion/>
      <respuestas>
        <respuesta contestacion="Sostenible." correcta="0"/>
        <respuesta contestacion="No sostenible." correcta="1"/>
      </respuestas>
    </cuestion>
    <cuestion>
      <enunciado><![CDATA[Separar los residuos para su reciclaje.]]></enunciado>
      <explicacion/>
      <imagen/>
      <ampliacion/>
      <respuestas>
        <respuesta contestacion="Sostenible." correcta="1"/>
        <respuesta contestacion="No sostenible." correcta="0"/>
      </respuestas>
    </cuestion>
    <cuestion>
      <enunciado><![CDATA[Desplazarse en coche al lugar de trabajo.]]></enunciado>
      <explicacion/>
      <imagen/>
      <ampliacion/>
      <respuestas>
        <respuesta contestacion="Sostenible." correcta="0"/>
        <respuesta contestacion="No sostenible." correcta="1"/>
      </respuestas>
    </cuestion>
    <cuestion>
      <enunciado><![CDATA[Utilizar aislantes en la construcción de una casa para ahorrar calefacción.]]></enunciado>
      <explicacion/>
      <imagen/>
      <ampliacion/>
      <respuestas>
        <respuesta contestacion="Sostenible." correcta="1"/>
        <respuesta contestacion="No sostenible." correcta="0"/>
      </respuestas>
    </cuestion>
  </test>
</motor>