<?xml version='1.0' encoding='UTF-8'?><motor tipo="2" clase="a" aprid="M2a">
  <plataforma>
    <grado><![CDATA[2]]></grado>
    <titulo>Reconoce los cambios del Neolítico y la Edad de los Metales</titulo>
    <volumen><![CDATA[2]]></volumen>
    <nivel><![CDATA[3]]></nivel>
    <referencia><![CDATA[cs_07_07_08]]></referencia>
    <id_reg><![CDATA[24]]></id_reg>
    <motor><![CDATA[M2a]]></motor>
    <lang>es</lang>
  </plataforma>
  <enunciado><![CDATA[Completa el siguiente texto colocando los términos en el espacio correspondiente.]]></enunciado>
  <masinfo inicio="0"/>
  <calc><![CDATA[0]]></calc>
  <sonido/>
  <textoacategoria>
    <cuestion>
      <pregunta><![CDATA[El periodo Neolítico empezó aproximadamente hace unos 10.000 años. El cambio más importante respecto al Paleolítico fue el descubrimiento de la [*] y la [*], las cuales permitieron el cultivo de plantas y la domesticación de animales, respectivamente. Se pasó entonces de una sociedad nómada a una sociedad [*] establecida en los primeros [*]. Para cultivar los cereales, inventaron nuevas herramientas como el [*], que corta la tierra, el [*], para [*] cereales, y la [*], que permitió desarrollar el [*]. Para vestir se sustituyeron las pieles por los [*] de fibras naturales como la lana o el lino. Hacia 5000 a. C. se descubrió la [*] y con ella se daba paso a la [*].]]></pregunta>
      <respuestas>
        <respuesta orden="1"><![CDATA[agricultura]]></respuesta>
        <respuesta orden="2"><![CDATA[ganadería]]></respuesta>
        <respuesta orden="3"><![CDATA[sedentaria]]></respuesta>
        <respuesta orden="4"><![CDATA[poblados]]></respuesta>
        <respuesta orden="5"><![CDATA[arado]]></respuesta>
        <respuesta orden="6"><![CDATA[molino]]></respuesta>
        <respuesta orden="7"><![CDATA[moler]]></respuesta>
        <respuesta orden="8"><![CDATA[rueda]]></respuesta>
        <respuesta orden="9"><![CDATA[carrro]]></respuesta>
        <respuesta orden="10"><![CDATA[tejidos]]></respuesta>
        <respuesta orden="11"><![CDATA[metalurgia]]></respuesta>
        <respuesta orden="12"><![CDATA[Edad de los Metales]]></respuesta>
      </respuestas>
    </cuestion>
  </textoacategoria>
  <textofalso cantidad="2">
    <falso><![CDATA[edad de piedra]]></falso>
    <falso><![CDATA[fuego]]></falso>
  </textofalso>
  <temps>10</temps>
</motor>