<?xml version="1.0" encoding="UTF-8"?>
<engine title="Diseño de un cuadro comparativo del flujo migratorio en Europa, Asia y África" copy="Editorial Planeta" version="1" aprid="F13">
  <section title="Presentación" path="medias/section0.jpg" image1Text="&lt;TextFlow&gt;&lt;p&gt;&lt;span&gt;Dunas en el desierto del Sahara (Argelia).&lt;/span&gt;&lt;/p&gt;&lt;/TextFlow&gt;" zoom1="true" zoom2a="false" zoom2b="false" layout="0"><![CDATA[<TextFlow><p><span>Un concepto es la representación mental de una persona, cosa o idea. Cuando estudiamos cualquier materia incorporamos nuevos conceptos, los cuales a veces resultan difíciles de relacionar entre sí.</span></p><p><span></span></p><p><span>Para ello, pueden ser muy útiles los mapas conceptuales y cuadros comparativos. Se trata de redes semánticas formadas por distintos conceptos que permiten organizar, sintetizar, comparar y presentar de forma gráfica la información sobre un determinado tema.</span></p><p><span></span></p><p><span fontSize="12" fontWeight="bold">El objetivo de esta práctica es elaborar un cuadro comparativo en el que evidencies las causas y las consecuencias de las migraciones en Europa, Asia y África.</span></p><p><span></span></p><p><span>Como paso previo a la realización de la práctica, es importante que definas algunos conceptos claves del flujo migratorio en Europa, Asia y África:</span></p><p><span></span></p><p paragraphStartIndent="20" styleName="bullet"><span>Migración</span></p><p paragraphStartIndent="20" styleName="bullet"><span>Inmigración</span></p><p paragraphStartIndent="20" styleName="bullet"><span>Emigración</span></p><p paragraphStartIndent="20" styleName="bullet"><span>Refugiados políticos</span></p><p paragraphStartIndent="20" styleName="bullet"><span>Políticas fronterizas</span></p><p paragraphStartIndent="20" styleName="bullet"><span>Exilio</span></p><p paragraphStartIndent="20" styleName="bullet"><span>Prácticas religiosas</span></p><p paragraphStartIndent="20" styleName="bullet"><span>Desastres naturales</span></p><p paragraphStartIndent="20"></p>
</TextFlow>]]></section>
  <section title="Tarea" path="medias/section1.jpg" image1Text="" zoom1="false" zoom2a="false" zoom2b="false" layout="1"><![CDATA[<TextFlow><p><span>Para realizar la práctica propuesta, utiliza el material indicado y sigue los pasos del procedimiento.</span></p><p><span></span></p><p><span fontSize="12" fontWeight="bold">Material:</span></p><p><span></span></p><p paragraphStartIndent="20" styleName="bullet"><span>Cuaderno de estudio, atlas geográfico, páginas web especializadas, etc.</span></p><p paragraphStartIndent="20" styleName="bullet"><span>Bloc, lápiz, borrador, bolígrafo, etc.</span></p><p paragraphStartIndent="20" styleName="bullet"><span>Programa para realizar presentaciones de diapositivas (opcional).</span></p><p><span></span></p><p><span fontSize="12" fontWeight="bold">Procedimiento:</span></p><p><span></span></p><p><span>1.º Identifica las principales causas de los flujos migratorios recientes en Europa, Asia y África.</span></p><p><span></span></p><p><span>2.º Organiza los conceptos de forma jerárquica sobre el papel. Los conceptos principales, en la parte superior; los conceptos secundarios, en los niveles inferiores.</span></p><p><span></span></p><p><span>3.º Relaciona los conceptos principales con los conceptos secundarios mediante líneas. Las flechas solo se utilizan si existe una relación cruzada en lugar de una relación de subordinación.</span></p><p><span></span></p><p><span>4.º Escribe sobre cada conector palabras de enlace para aclarar la relación entre conceptos. </span></p><p><span></span></p><p><span>5.º Puedes incluir conceptos específicos y ejemplos en los niveles inferiores.</span></p><p><span></span></p><p><span>6.º Comprueba el cuadro y su adecuación. Es probable que tengas que replantearlo una o dos veces.</span></p><p><span></span></p><p><span>7.º Trata de establecer relaciones cruzadas entre conceptos cuando sea posible.</span></p><p><span></span></p><p><span>8.º Utiliza un programa de presentación de diapositivas para presentar tu cuadro de forma clara, limpia y ordenada.</span></p><p><span></span></p><p><span>A partir de las indicaciones, elabora tu propio cuadro comparativo de las migraciones en este tema. Cuando lo hayas completado, expónlo a tus compañeros y recoge nuevas ideas que puedan alimentar tu trabajo final.</span></p><p><span></span></p></TextFlow>]]></section>
</engine>
