﻿<?xml version="1.0" encoding="utf-8"?>
<?xml-stylesheet href="cuadernoestudio/dtd/libro.xslt" type="text/xsl"?>
<!DOCTYPE libro SYSTEM "cuadernoestudio/dtd/libro.dtd"[]>
<libro id="CS_07_09_CO">
  <libroTitulo>Geografía física  de Colombia</libroTitulo>
  <seccion1 id="S1_CS_07_09_CO_568B0D7354684A88A9C4616122ABFD2C">
    <seccion1Titulo>La posición geográfica y astronómica de Colombia</seccion1Titulo>
    <seccion1Texto>
      <p>Aquí escribiré el párrafo de la sección</p>
      <seccion2 id="S2_CS_07_09_CO_CE6031855F6746C7BCD40B784065EAE0">
        <seccion2Titulo>La posición astronómica</seccion2Titulo>
        <seccion2Texto>
          <p>Aquí escribiré el párrafo de la sección</p>
          <p>Aquí va un PÁRRAFO</p>
          <imagen src="CS_07_09_CO_img_01_small.png">
            <p>Aquí escribiré el pie de foto</p>
          </imagen>
          <recuerda>
            <recuerdaTexto>
              <p>Aquí va un RECUERDA</p>
            </recuerdaTexto>
          </recuerda>
          <destacado>
            <destacadoTitulo>Aquí va el título de un DESTACADO</destacadoTitulo>
            <destacadoTexto>
              <p>Aquí va el texto de un DESTACADO</p>
            </destacadoTexto>
          </destacado>
          <profundiza>
            <enlace destino="/LoIdRedirect.aspx?LoId=CS_07_09_CO_Recurso010&amp;IdRecurso=RES-359B9E84EA0C4ECDB12A6FAF34198E76">Recurso F4-01</enlace>
          </profundiza>
        </seccion2Texto>
      </seccion2>
      <seccion2 id="S2_CS_07_09_CO_40705AB05FE2497583A397E0B009B4BF">
        <seccion2Titulo>Consolidación</seccion2Titulo>
        <seccion2Texto>
          <p>Aquí escribiré el párrafo de la sección</p>
          <p>Aquí va un PÁRRAFO</p>
          <imagen src="CS_07_09_CO_img_02_small.png">
            <p>Aquí escribiré el pie de foto</p>
          </imagen>
          <recuerda>
            <recuerdaTexto>
              <p>Aquí va un RECUERDA</p>
            </recuerdaTexto>
          </recuerda>
          <destacado>
            <destacadoTitulo>Aquí va el título de un DESTACADO</destacadoTitulo>
            <destacadoTexto>
              <p>Aquí va el texto de un DESTACADO</p>
            </destacadoTexto>
          </destacado>
          <practica>
            <enlace destino="/LoIdRedirect.aspx?LoId=CS_07_09_CO_Recurso020&amp;IdRecurso=RES-51970738643B4E7298180D855EBA3BCA">Recurso M101A-01</enlace>
          </practica>
        </seccion2Texto>
      </seccion2>
    </seccion1Texto>
  </seccion1>
  <seccion1 id="S1_CS_07_09_CO_36D1645B61C74451B275D9CB4ABD2913">
    <seccion1Titulo>El paisaje geográfico de Colombia</seccion1Titulo>
    <seccion1Texto>
      <p>Aquí escribiré el párrafo de la sección</p>
      <seccion2 id="S2_CS_07_09_CO_5C7A4EEF3F8C457CA6CA9DECB0CF3B8F">
        <seccion2Titulo>La intervención del paisaje en Colombia</seccion2Titulo>
        <seccion2Texto>
          <p>Aquí escribiré el párrafo de la sección</p>
          <p>Aquí va un PÁRRAFO</p>
          <imagen src="CS_07_09_CO_img_03_small.png">
            <p>Aquí escribiré el pie de foto</p>
          </imagen>
          <recuerda>
            <recuerdaTexto>
              <p>Aquí va un RECUERDA</p>
            </recuerdaTexto>
          </recuerda>
          <destacado>
            <destacadoTitulo>Aquí va el título de un DESTACADO</destacadoTitulo>
            <destacadoTexto>
              <p>Aquí va el texto de un DESTACADO</p>
            </destacadoTexto>
          </destacado>
          <p>Aquí va un PÁRRAFO</p>
          <imagen src="CS_07_09_CO_img_04_small.png">
            <p>Aquí escribiré el pie de foto</p>
          </imagen>
          <recuerda>
            <recuerdaTexto>
              <p>Aquí va un RECUERDA</p>
            </recuerdaTexto>
          </recuerda>
          <destacado>
            <destacadoTitulo>Aquí va el título de un DESTACADO</destacadoTitulo>
            <destacadoTexto>
              <p>Aquí va el texto de un DESTACADO</p>
            </destacadoTexto>
          </destacado>
          <practica>
            <enlace destino="/LoIdRedirect.aspx?LoId=CS_07_09_CO_Recurso040&amp;IdRecurso=RES-FF389BBE441C4D329E526369A548C37A">Recurso M101A-02</enlace>
          </practica>
        </seccion2Texto>
      </seccion2>
    </seccion1Texto>
  </seccion1>
  <seccion1 id="S1_CS_07_09_CO_B59CCAED79FB4824A70112815FD93672">
    <seccion1Titulo>Geomorfología de Colombia</seccion1Titulo>
    <seccion1Texto>
      <p>Aquí escribiré el párrafo de la sección</p>
      <seccion2 id="S2_CS_07_09_CO_FC0BBE3173F24C7D9FBC41A0AFBE4D7D">
        <seccion2Titulo>La historia geológica de Colombia</seccion2Titulo>
        <seccion2Texto>
          <p>Aquí escribiré el párrafo de la sección</p>
          <p>Aquí va un PÁRRAFO</p>
          <imagen src="CS_07_09_CO_img_05_small.png">
            <p>Aquí escribiré el pie de foto</p>
          </imagen>
          <recuerda>
            <recuerdaTexto>
              <p>Aquí va un RECUERDA</p>
            </recuerdaTexto>
          </recuerda>
          <destacado>
            <destacadoTitulo>Aquí va el título de un DESTACADO</destacadoTitulo>
            <destacadoTexto>
              <p>Aquí va el texto de un DESTACADO</p>
            </destacadoTexto>
          </destacado>
          <profundiza>
            <enlace destino="/LoIdRedirect.aspx?LoId=CS_07_09_CO_Recurso050&amp;IdRecurso=RES-DE9A0668333E4E658F029726EF718C99">Recurso F8-01</enlace>
          </profundiza>
          <p>Aquí va un PÁRRAFO</p>
          <imagen src="CS_07_09_CO_img_06_small.png">
            <p>Aquí escribiré el pie de foto</p>
          </imagen>
          <recuerda>
            <recuerdaTexto>
              <p>Aquí va un RECUERDA</p>
            </recuerdaTexto>
          </recuerda>
          <destacado>
            <destacadoTitulo>Aquí va el título de un DESTACADO</destacadoTitulo>
            <destacadoTexto>
              <p>Aquí va el texto de un DESTACADO</p>
            </destacadoTexto>
          </destacado>
        </seccion2Texto>
      </seccion2>
      <seccion2 id="S2_CS_07_09_CO_892BE78A81A94EE6ACD9BED00B2515D8">
        <seccion2Titulo>El relieve de Colombia</seccion2Titulo>
        <seccion2Texto>
          <p>Aquí escribiré el párrafo de la sección</p>
          <p>Aquí va un PÁRRAFO</p>
          <imagen src="CS_07_09_CO_img_07_small.png">
            <p>Aquí escribiré el pie de foto</p>
          </imagen>
          <recuerda>
            <recuerdaTexto>
              <p>Aquí va un RECUERDA</p>
            </recuerdaTexto>
          </recuerda>
          <destacado>
            <destacadoTitulo>Aquí va el título de un DESTACADO</destacadoTitulo>
            <destacadoTexto>
              <p>Aquí va el texto de un DESTACADO</p>
            </destacadoTexto>
          </destacado>
          <seccion3 id="S3_CS_07_09_CO_2E6ED034F7BD4A18BA73A79B8184FEC2">
            <seccion3Titulo>Región insular</seccion3Titulo>
            <seccion3Texto>
              <p>Aquí escribiré el párrafo de la sección</p>
              <p>Aquí va un PÁRRAFO</p>
              <imagen src="CS_07_09_CO_img_08_small.png">
                <p>Aquí escribiré el pie de foto</p>
              </imagen>
              <recuerda>
                <recuerdaTexto>
                  <p>Aquí va un RECUERDA</p>
                </recuerdaTexto>
              </recuerda>
              <destacado>
                <destacadoTitulo>Aquí va el título de un DESTACADO</destacadoTitulo>
                <destacadoTexto>
                  <p>Aquí va el texto de un DESTACADO</p>
                </destacadoTexto>
              </destacado>
              <practica>
                <enlace destino="/LoIdRedirect.aspx?LoId=CS_07_09_CO_Recurso080&amp;IdRecurso=RES-89384FDED34940098288496C3BDE67D6">Recurso M8A-01</enlace>
              </practica>
            </seccion3Texto>
          </seccion3>
          <seccion3 id="S3_CS_07_09_CO_22A244BD28EB458E9F3C2DF5C79F39A8">
            <seccion3Titulo>Cordilleras andinas</seccion3Titulo>
            <seccion3Texto>
              <p>Aquí escribiré el párrafo de la sección</p>
              <p>Aquí va un PÁRRAFO</p>
              <imagen src="CS_07_09_CO_img_09_small.png">
                <p>Aquí escribiré el pie de foto</p>
              </imagen>
              <recuerda>
                <recuerdaTexto>
                  <p>Aquí va un RECUERDA</p>
                </recuerdaTexto>
              </recuerda>
              <destacado>
                <destacadoTitulo>Aquí va el título de un DESTACADO</destacadoTitulo>
                <destacadoTexto>
                  <p>Aquí va el texto de un DESTACADO</p>
                </destacadoTexto>
              </destacado>
              <practica>
                <enlace destino="/LoIdRedirect.aspx?LoId=CS_07_09_CO_Recurso090&amp;IdRecurso=RES-D9C60DC5A09F4AE0BD1C92F50D2C21BD">Recurso M8A-02</enlace>
              </practica>
            </seccion3Texto>
          </seccion3>
          <p>Aquí va un PÁRRAFO</p>
          <imagen src="CS_07_09_CO_img_10_small.png">
            <p>Aquí escribiré el pie de foto</p>
          </imagen>
          <recuerda>
            <recuerdaTexto>
              <p>Aquí va un RECUERDA</p>
            </recuerdaTexto>
          </recuerda>
          <destacado>
            <destacadoTitulo>Aquí va el título de un DESTACADO</destacadoTitulo>
            <destacadoTexto>
              <p>Aquí va el texto de un DESTACADO</p>
            </destacadoTexto>
          </destacado>
          <practica>
            <enlace destino="/LoIdRedirect.aspx?LoId=CS_07_09_CO_Recurso100&amp;IdRecurso=RES-659C137F86C946EBBD9E128AA6E044BC">Recurso M101A-03</enlace>
          </practica>
        </seccion2Texto>
      </seccion2>
    </seccion1Texto>
  </seccion1>
  <seccion1 id="S1_CS_07_09_CO_0A19B71C1A6B42898A39FF5C4D61F8FE">
    <seccion1Titulo>Hdrografía de Colombia</seccion1Titulo>
    <seccion1Texto>
      <p>Aquí escribiré el párrafo de la sección</p>
      <p>Aquí va un PÁRRAFO</p>
      <imagen src="CS_07_09_CO_img_11_small.png">
        <p>Aquí escribiré el pie de foto</p>
      </imagen>
      <recuerda>
        <recuerdaTexto>
          <p>Aquí va un RECUERDA</p>
        </recuerdaTexto>
      </recuerda>
      <destacado>
        <destacadoTitulo>Aquí va el título de un DESTACADO</destacadoTitulo>
        <destacadoTexto>
          <p>Aquí va el texto de un DESTACADO</p>
        </destacadoTexto>
      </destacado>
      <profundiza>
        <enlace destino="/LoIdRedirect.aspx?LoId=CS_07_09_CO_Recurso110&amp;IdRecurso=RES-AD066BBD26D74DA5B521ED6223208136">Recurso F10B-02</enlace>
      </profundiza>
      <seccion2 id="S2_CS_07_09_CO_DC4DE9F677C94FEC9AEEE5F2C3C662B6">
        <seccion2Titulo>Vertiente del Amazonas</seccion2Titulo>
        <seccion2Texto>
          <p>Aquí escribiré el párrafo de la sección</p>
          <p>Aquí va un PÁRRAFO</p>
          <imagen src="CS_07_09_CO_img_12_small.png">
            <p>Aquí escribiré el pie de foto</p>
          </imagen>
          <recuerda>
            <recuerdaTexto>
              <p>Aquí va un RECUERDA</p>
            </recuerdaTexto>
          </recuerda>
          <destacado>
            <destacadoTitulo>Aquí va el título de un DESTACADO</destacadoTitulo>
            <destacadoTexto>
              <p>Aquí va el texto de un DESTACADO</p>
            </destacadoTexto>
          </destacado>
          <practica>
            <enlace destino="/LoIdRedirect.aspx?LoId=CS_07_09_CO_Recurso120&amp;IdRecurso=RES-EE19B0202F9A416F9E9ABB3694FB19F7">Recurso M1C-01</enlace>
          </practica>
        </seccion2Texto>
      </seccion2>
      <seccion2 id="S2_CS_07_09_CO_677A475B97DE4FA29E759EDD3C8D78FF">
        <seccion2Titulo>Lagunas ciénagas y embalses</seccion2Titulo>
        <seccion2Texto>
          <p>Aquí escribiré el párrafo de la sección</p>
          <p>Aquí va un PÁRRAFO</p>
          <imagen src="CS_07_09_CO_img_13_small.png">
            <p>Aquí escribiré el pie de foto</p>
          </imagen>
          <recuerda>
            <recuerdaTexto>
              <p>Aquí va un RECUERDA</p>
            </recuerdaTexto>
          </recuerda>
          <destacado>
            <destacadoTitulo>Aquí va el título de un DESTACADO</destacadoTitulo>
            <destacadoTexto>
              <p>Aquí va el texto de un DESTACADO</p>
            </destacadoTexto>
          </destacado>
          <practica>
            <enlace destino="/LoIdRedirect.aspx?LoId=CS_07_09_CO_Recurso130&amp;IdRecurso=RES-41ADFDEA46CD4307BA7030BB6AC8FB64">Recurso M1D-05</enlace>
          </practica>
          <p>Aquí va un PÁRRAFO</p>
          <imagen src="CS_07_09_CO_img_14_small.png">
            <p>Aquí escribiré el pie de foto</p>
          </imagen>
          <recuerda>
            <recuerdaTexto>
              <p>Aquí va un RECUERDA</p>
            </recuerdaTexto>
          </recuerda>
          <destacado>
            <destacadoTitulo>Aquí va el título de un DESTACADO</destacadoTitulo>
            <destacadoTexto>
              <p>Aquí va el texto de un DESTACADO</p>
            </destacadoTexto>
          </destacado>
          <practica>
            <enlace destino="/LoIdRedirect.aspx?LoId=CS_07_09_CO_Recurso140&amp;IdRecurso=RES-FE0F9856BE104112AF678303938025E2">Recurso M101A-04</enlace>
          </practica>
        </seccion2Texto>
      </seccion2>
    </seccion1Texto>
  </seccion1>
  <seccion1 id="S1_CS_07_09_CO_F4824133607F4F4097138D68CFB6CEED">
    <seccion1Titulo>Climatología de Colombia</seccion1Titulo>
    <seccion1Texto>
      <p>Aquí escribiré el párrafo de la sección</p>
      <seccion2 id="S2_CS_07_09_CO_0952CF414CE84D19BDDC14870921147C">
        <seccion2Titulo>La clasificación de los climas en Colombia</seccion2Titulo>
        <seccion2Texto>
          <p>Aquí escribiré el párrafo de la sección</p>
          <p>Aquí va un PÁRRAFO</p>
          <imagen src="CS_07_09_CO_img_15_small.png">
            <p>Aquí escribiré el pie de foto</p>
          </imagen>
          <recuerda>
            <recuerdaTexto>
              <p>Aquí va un RECUERDA</p>
            </recuerdaTexto>
          </recuerda>
          <destacado>
            <destacadoTitulo>Aquí va el título de un DESTACADO</destacadoTitulo>
            <destacadoTexto>
              <p>Aquí va el texto de un DESTACADO</p>
            </destacadoTexto>
          </destacado>
          <profundiza>
            <enlace destino="/LoIdRedirect.aspx?LoId=CS_07_09_CO_Recurso150&amp;IdRecurso=RES-5C293B6979D8448690F6C8CD71D593FF">Recurso F7B-02</enlace>
          </profundiza>
          <p>Aquí va un PÁRRAFO</p>
          <imagen src="CS_07_09_CO_img_16_small.png">
            <p>Aquí escribiré el pie de foto</p>
          </imagen>
          <recuerda>
            <recuerdaTexto>
              <p>Aquí va un RECUERDA</p>
            </recuerdaTexto>
          </recuerda>
          <destacado>
            <destacadoTitulo>Aquí va el título de un DESTACADO</destacadoTitulo>
            <destacadoTexto>
              <p>Aquí va el texto de un DESTACADO</p>
            </destacadoTexto>
          </destacado>
          <practica>
            <enlace destino="/LoIdRedirect.aspx?LoId=CS_07_09_CO_Recurso160&amp;IdRecurso=RES-07C89F7835054F7D9C72A6C761BFF01C">Recurso M101A-06</enlace>
          </practica>
        </seccion2Texto>
      </seccion2>
    </seccion1Texto>
  </seccion1>
  <seccion1 id="S1_CS_07_09_CO_760A99E71D824035B1C9EE468FC22E20">
    <seccion1Titulo>Competencias</seccion1Titulo>
    <seccion1Texto>
      <p>Aquí escribiré el párrafo de la sección</p>
      <p>Aquí va un PÁRRAFO</p>
      <imagen src="CS_07_09_CO_img_17_small.png">
        <p>Aquí escribiré el pie de foto</p>
      </imagen>
      <recuerda>
        <recuerdaTexto>
          <p>Aquí va un RECUERDA</p>
        </recuerdaTexto>
      </recuerda>
      <destacado>
        <destacadoTitulo>Aquí va el título de un DESTACADO</destacadoTitulo>
        <destacadoTexto>
          <p>Aquí va el texto de un DESTACADO</p>
        </destacadoTexto>
      </destacado>
      <practica>
        <enlace destino="/LoIdRedirect.aspx?LoId=CS_07_09_CO_Recurso170&amp;IdRecurso=RES-4593C21A8EBE4A0ABD9F4BF61EDE3232">Competencias: elaboración de un mapa físico de España</enlace>
      </practica>
      <p>Aquí va un PÁRRAFO</p>
      <imagen src="CS_07_09_CO_img_18_small.png">
        <p>Aquí escribiré el pie de foto</p>
      </imagen>
      <recuerda>
        <recuerdaTexto>
          <p>Aquí va un RECUERDA</p>
        </recuerdaTexto>
      </recuerda>
      <destacado>
        <destacadoTitulo>Aquí va el título de un DESTACADO</destacadoTitulo>
        <destacadoTexto>
          <p>Aquí va el texto de un DESTACADO</p>
        </destacadoTexto>
      </destacado>
      <practica>
        <enlace destino="/LoIdRedirect.aspx?LoId=CS_07_09_CO_Recurso180&amp;IdRecurso=RES-70E64F02A91B4EBBBAB3B6448B644549">Proyecto: estudio del territorio y de las actividades económicas</enlace>
      </practica>
    </seccion1Texto>
  </seccion1>
  <masinformacion id="MI_CS_07_09_CO_3566F67AC253475EB104437F9E363DE0">
    <mapaconceptual>
      <enlace destino="/LoIdRedirect.aspx?LoId=CS_07_09_CO_Recurso200&amp;IdRecurso=RES-D50DA26C844C47FB9FE3FA1AFB8EDCCC">Mapa Conceptual</enlace>
    </mapaconceptual>
    <autoevaluate>
      <enlace destino="/LoIdRedirect.aspx?LoId=CS_07_09_CO_Recurso210&amp;IdRecurso=RES-F715FEC418A94FDC85F3D71037D0E6CE">Evaluación</enlace>
    </autoevaluate>
    <enlacesreferencia>
      <enlace destino="http://www.aulaplaneta.com">AulaPlaneta</enlace>
    </enlacesreferencia>
  </masinformacion>
</libro>