﻿<?xml version="1.0" encoding="utf-8"?><engine copy="Editorial Planeta" version="1" aprid="f10b">
<main mode="f10b" title="Los ríos, lagos y mares de Oceanía">
<tf><![CDATA[<p><img alt="" src="data/imagenes/image_54_copy.jpg" style="height:350px; width:450px" /></p>]]></tf>
</main>
<presentation title="" title2="Lago Eyre" buttons="false" bkclass="">
	<definition>
		<title></title>
		<def><![CDATA[<p><img alt="" src="data/imagenes/image_32.jpg" style="float:left; height:350px; margin-left:10px; margin-right:10px; width:292px" /><strong>Lago Eyre</strong><br />
(9583 km<sup>2</sup>; a 12 m bajo el nivel del mar).</p>

<p>Situado en la zona des&eacute;rtica de Australia meridional. Es el lago m&aacute;s extenso del pa&iacute;s y est&aacute; formado por dos lagos, Eyre North y Eyre South, unidos por el canal Goyder.</p>]]></def>
	</definition>
</presentation>
<presentation title="" title2="Río Murray" buttons="false" bkclass="">
	<definition>
		<title></title>
		<def><![CDATA[<p><strong><img alt="" src="data/imagenes/image_19.jpg" style="float:left; height:350px; margin-left:10px; margin-right:10px; width:292px" />Murray</strong><br />
(2575 km; cuenca 910&nbsp;000 km<sup>2</sup>).</p>

<p>R&iacute;o australiano que nace al pie del monte Pilot, en los Alpes Australianos y desemboca en el &Iacute;ndico, en Encounter Bay. Su principal afluente es el Darling.</p>]]></def>
	</definition>
</presentation>
<presentation title="" title2="Río Darling" buttons="false" bkclass="">
	<definition>
		<title></title>
		<def><![CDATA[<p><strong><img alt="" src="data/imagenes/image_36.jpg" style="float:left; height:350px; margin-left:10px; margin-right:10px; width:292px" />Darling</strong><br />
(2720 km).</p>

<p>Es el r&iacute;o m&aacute;s largo de Australia. Desde su nacimiento en Nueva Gales del Sur, fluye hacia el suroeste y confluye con el r&iacute;o Murray.</p>]]></def>
	</definition>
</presentation>
<presentation title="" title2="Mar de Tasmania" buttons="false" bkclass="">
	<definition>
		<title></title>
		<def><![CDATA[<p><strong><img alt="" src="data/imagenes/image_15.jpg" style="float:left; height:350px; margin-left:10px; margin-right:10px; width:292px" />Mar de Tasmania</strong></p>

<p>Masa de agua del oc&eacute;ano Pac&iacute;fico comprendida entre la costa suroriental de Australia, Tasmania y Nueva Zelanda. Lleva el nombre del primer explorador europeo que lo naveg&oacute;, el holand&eacute;s Abel Tasman.</p>]]></def>
	</definition>
</presentation>
<presentation title="" title2="Río Mangawhero" buttons="false" bkclass="">
	<definition>
		<title></title>
		<def><![CDATA[<p><strong><img alt="" src="data/imagenes/image_23_copy.jpg" style="float:left; height:350px; margin-left:10px; margin-right:10px; width:292px" />R&iacute;o Mangawhero</strong></p>

<p>Situado en el Parque Nacional de Tongariro en la isla del Norte de Nueva Zelanda. En &eacute;l se realizan actividades de rafting y canoa.</p>
]]></def>
	</definition>
</presentation>
<presentation title="" title2="Mar de Timor" buttons="false" bkclass="">
	<definition>
		<title></title>
		<def><![CDATA[<p><strong><img alt="" src="data/imagenes/image_11.jpg" style="float:left; height:350px; margin-left:10px; margin-right:10px; width:292px" />Mar de Timor</strong><br />
(615&nbsp;000 km<sup>2</sup>)</p>

<p>Sector del oc&eacute;ano &Iacute;ndico comprendido entre la isla de Timor y las costas septentrionales de &nbsp;Australia. Es una gran fuente de petr&oacute;leo y gas.</p>]]></def>
	</definition>
</presentation>
<presentation title="" title2="Río Fly" buttons="false" bkclass="">
	<definition>
		<title></title>
		<def><![CDATA[<p><strong><img alt="" src="data/imagenes/image_28_copy.jpg" style="float:left; height:350px; margin-left:10px; margin-right:10px; width:292px" />Fly</strong><br />
(1050 km)</p>

<p>R&iacute;o de Pap&uacute;a y Nueva Guinea que, en un tramo, act&uacute;a de frontera con Indonesia. Nace en los montes V&iacute;ctor Emanuel y desemboca en el golfo de Pap&uacute;a, formando un gran delta.</p>]]></def>
	</definition>
</presentation>
<presentation title="" title2="Mar del Coral" buttons="false" bkclass="">
	<definition>
		<title></title>
		<def><![CDATA[<p><strong><img alt="" src="data/imagenes/image_41_copy.jpg" style="float:left; height:350px; margin-left:10px; margin-right:10px; width:292px" />Mar del Coral</strong><br />
(4&nbsp;791&nbsp;000 km<sup>2</sup>)</p>

<p>Mar del oc&eacute;ano Pac&iacute;fico comprendido entre el norte de Australia, Pap&uacute;a y Nueva Guinea, Islas Salom&oacute;n, Vanuatu y Nueva Caledonia.</p>

<p>En &eacute;l se encuentra la Gran Barrera de Coral, el arrecife coralino m&aacute;s grande del mundo.</p>]]></def>
	</definition>
</presentation>
</engine>