﻿<?xml version="1.0" encoding="utf-8"?><motor tipo="4" clase="a" aprid="m4a">
  <plataforma>
    <grado><![CDATA[2]]></grado>
    <titulo>Evaluación</titulo>
    <area>0</area>
    <nivel>1</nivel>
    <referencia/>
    <idreg><![CDATA[0]]></idreg>
    <motor><![CDATA[M4A]]></motor>
    <lang>es</lang>
  </plataforma>
  <enunciado><![CDATA[Evalúa tus conocimientos sobre el tema La sociedad y la cultura.]]></enunciado>
  <masinfo inicio="0"/>
  <sinaleatoriedad><![CDATA[0]]></sinaleatoriedad>
  <calc><![CDATA[0]]></calc>
  <respuestaunica><![CDATA[0]]></respuestaunica>
  <test cantidad="10">
    <cuestion>
      <enunciado><![CDATA[Un derecho particular de la minorías étnicas en Colombia es:]]></enunciado>
      <explicacion/>
      <imagen/>
      <respuestas>
        <respuesta contestacion="el respeto a la identidad cultural." correcta="1"/>
        <respuesta contestacion="reconocer su existencia milenaria." correcta="0"/>
        <respuesta contestacion="recuperar sus territorios ancestrales." correcta="0"/>
        <respuesta contestacion="aislarse de la sociedad moderna." correcta="0"/>
      </respuestas>
    </cuestion>
    <cuestion>
      <enunciado><![CDATA[A partir de 1960, las minorías étnicas de Colombia vienen trabajando por la reivindicación de sus derechos. Al reclamar su derecho a la diferencia pretenden:]]></enunciado>
      <explicacion/>
      <imagen/>
      <respuestas>
        <respuesta contestacion="el reconocimiento de su cultura y el respeto de su origen." correcta="1"/>
        <respuesta contestacion="que el pueblo colombiano reivindique sus derechos." correcta="0"/>
        <respuesta contestacion="que el Estado les ortorgue trato igualitario." correcta="0"/>
        <respuesta contestacion="obtener las mismas garantías que el resto de los colombianos." correcta="0"/>
      </respuestas>
    </cuestion>
    <cuestion>
      <enunciado><![CDATA[En muchas naciones el conflicto armado puede suponer la toma del poder por los insurgentes, el triunfo del Estado o que para dar por terminada la confrontación se lleven a cabo procesos de negociación. De lo anterior se puede inferir que: ]]></enunciado>
      <explicacion/>
      <imagen/>
      <respuestas>
        <respuesta contestacion="superar la confrontación es una etapa más en el conflicto." correcta="0"/>
        <respuesta contestacion="el enfrentamiento armado es la solución final al conflicto." correcta="0"/>
        <respuesta contestacion="todo conflicto armado requiere un proceso de paz para terminar la confrontación." correcta="1"/>
        <respuesta contestacion="ninguna de las partes debería prolongar los procesos de paz." correcta="0"/>
      </respuestas>
    </cuestion>
    <cuestion>
      <enunciado><![CDATA[En la cultura colombiana prima aún la dominación y la segregación de la mujer en todas las esferas sociales. Lo anterior se puede interpretar como:]]></enunciado>
      <explicacion/>
      <imagen/>
      <respuestas>
        <respuesta contestacion="el menosprecio de la mujer y la subvaloración de las tareas que desempeña." correcta="1"/>
        <respuesta contestacion="el argumento de una campaña feminista para promover la participación política. " correcta="0"/>
        <respuesta contestacion="el reconocimiento de iguales derechos y oportunidades para el hombre y mujer." correcta="0"/>
        <respuesta contestacion="el derecho a cuestionar el machismo como herencia cultural." correcta="0"/>
      </respuestas>
    </cuestion>
    <cuestion>
      <enunciado><![CDATA[“Los enfrentamientos no surgen porque existan particularismos, no son debidos a la diversidad, sino a su rechazo, a la imposición por la fuerza de 'nuestro' derecho sobre el de otros, en perjuicio de la inmensa mayoría (...)" Del texto se infiere que ]]></enunciado>
      <explicacion/>
      <imagen/>
      <respuestas>
        <respuesta contestacion="rechazar la diversidad puede llevar a la unidad." correcta="0"/>
        <respuesta contestacion="los conflictos surgen por la imposibilidad de aceptar la diferencia." correcta="1"/>
        <respuesta contestacion="la democracia implica el reconocimiento de las mayorías." correcta="0"/>
        <respuesta contestacion="la tolerancia es el mejor camino para evitar el conflicto." correcta="0"/>
      </respuestas>
    </cuestion>
    <cuestion>
      <enunciado><![CDATA[La Constitución Política de Colombia consagra el principio de protección de la diversidad étnica y cultural como una manifestación directa del pluralismo. La diversidad cultural se refiere a]]></enunciado>
      <explicacion/>
      <imagen/>
      <respuestas>
        <respuesta contestacion="la participación de grupos tradicionalmente discriminados en el ámbito político." correcta="0"/>
        <respuesta contestacion="concepciones distintas del mundo y formas de vida. " correcta="1"/>
        <respuesta contestacion="aceptar la diferencia y permitir su acceso al orden político y social." correcta="0"/>
        <respuesta contestacion="manifestaciones pluralistas que generan diferencias y causan conflictos." correcta="0"/>
      </respuestas>
    </cuestion>
    <cuestion>
      <enunciado><![CDATA[La exclusión se interpreta como uno de los grandes flagelos que afectan a la sociedad actual ya que incide de forma negativa en el desarrollo integral del ser humano. La exclusión social surge por]]></enunciado>
      <explicacion/>
      <imagen/>
      <respuestas>
        <respuesta contestacion="la necesidad de un individuo de aislarse de la sociedad." correcta="0"/>
        <respuesta contestacion="la falta de integración de los grupos que conforman la nación." correcta="0"/>
        <respuesta contestacion="la falta de oportunidades para hacer realidad los derechos. " correcta="1"/>
        <respuesta contestacion="la ausencia de normas que hagan efectivos los derechos." correcta="0"/>
      </respuestas>
    </cuestion>
    <cuestion>
      <enunciado><![CDATA[Existen circunstancias sociales y económicas que pueden determinar el auge de comportamientos discriminatorios. ¿Qué circunstancia socioeconómica puede ser causa de discriminación?]]></enunciado>
      <explicacion/>
      <imagen/>
      <respuestas>
        <respuesta contestacion="La falta de oportunidades laborales." correcta="1"/>
        <respuesta contestacion="La falta de empleos bien remunerados." correcta="0"/>
        <respuesta contestacion="Las desigualdades en la escala salarial." correcta="0"/>
        <respuesta contestacion="Las escasas oportunidades de empleo para las personas más calificadas." correcta="0"/>
      </respuestas>
    </cuestion>
    <cuestion>
      <enunciado><![CDATA[La xenofobia se fundamenta en prejuicios culturales que conllevan situaciones de conflicto entre sectores de población residente e inmigrantes. Una estrategia para luchar contra este flagelo es:]]></enunciado>
      <explicacion/>
      <imagen/>
      <respuestas>
        <respuesta contestacion="imponer leyes más fuertes que castiguen comportamientos agresivos." correcta="0"/>
        <respuesta contestacion="conocer la cultura particular de los migrantes." correcta="0"/>
        <respuesta contestacion="formar en valores de reconocimiento, valoración y aceptación de la diferencia." correcta="1"/>
        <respuesta contestacion="sectorizar a la población migrante con el fin de protegerla. " correcta="0"/>
      </respuestas>
    </cuestion>
    <cuestion>
      <enunciado><![CDATA[El "bullying", o matoneo, es una forma de violencia social que ha tomado fuerza en las instituciones educativas. Esta forma de agresión]]></enunciado>
      <explicacion/>
      <imagen/>
      <respuestas>
        <respuesta contestacion="no se debe castigar porque los menores no tienen conciencia de sus actos." correcta="0"/>
        <respuesta contestacion="es generalizada y por lo tanto no amerita castigo." correcta="0"/>
        <respuesta contestacion="lesiona los derechos fundamentales de la víctima." correcta="1"/>
        <respuesta contestacion="amerita un castigo similar para los agresores." correcta="0"/>
      </respuestas>
    </cuestion>
  </test>
</motor>