﻿<?xml version="1.0" encoding="utf-8"?><engine copy="Editorial Planeta" version="1" aprid="f1">
<css><![CDATA[.defaultCSSBox2 {
	background: #000000;
}
.defaultCSSBox3 {
	background: #ffffff;
}]]></css>
<pantallas>
<pantalla id="pantalla_5">
<event id='onPrepare' language='DO'><![CDATA[]]></event>
<event id='onShown' language='DO'><![CDATA[]]></event>
<components>
<component _type='_compSlider' id='diaporama_12' x='0' y='0' width='950' height='608' alpha='1' visible='1' enabled='1' transMode='1' />
<component _type='_compSliderNav' id='slidernav_11' x='45' y='526' width='162' height='37' alpha='1' visible='1' enabled='1' sliderId='diaporama_12' showHome='1' whiteButtons='0' mode='1' />
</components>
<animaciones>
</animaciones>
<slider id="diaporama_12">
<pantalla id="pantalla_14">
<event id='onPrepare' language='DO'><![CDATA[]]></event>
<event id='onShown' language='DO'><![CDATA[]]></event>
<components>
<component _type='_compRichText' id='texto_26' x='6' y='185' width='938' height='263' alpha='1' visible='1' enabled='1' scrollable='1' >
<content><![CDATA[<p style="text-align:center"><span style="font-size:60px"><span style="font-family:georgia,serif">Sociedad y cultura:<br />
la diversidad cultural<br />
en el mundo</span></span></p>
]]></content>
</component>
</components>
<animaciones>
</animaciones>
</pantalla>
<pantalla id="pantalla_19">
<event id='onPrepare' language='DO'><![CDATA[]]></event>
<event id='onShown' language='DO'><![CDATA[]]></event>
<components>
<component _type='_compRichText' id='texto_25' x='138' y='135' width='701' height='320' alpha='1' visible='1' enabled='1' scrollable='1' >
<content><![CDATA[<p><span style="font-size:34px"><span style="font-family:verdana,geneva,sans-serif"><span style="color:#FF0000">cultura</span><br />
<span style="color:#0000FF">3.&nbsp;f.</span>&nbsp;Conjunto de modos de vida y<br />
costumbres, conocimientos y grado de<br />
desarrollo art&iacute;stico, cient&iacute;fico, industrial,<br />
en una &eacute;poca, grupo social, etc.</span></span></p>

<p style="text-align: right;"><span style="font-size:24px"><span style="font-family:verdana,geneva,sans-serif">RAE</span></span></p>
]]></content>
</component>
</components>
<animaciones>
</animaciones>
</pantalla>
<pantalla id="pantalla_23">
<event id='onPrepare' language='DO'><![CDATA[]]></event>
<event id='onShown' language='DO'><![CDATA[]]></event>
<components>
<component _type='_compRichText' id='texto_25' x='124' y='135' width='701' height='320' alpha='1' visible='1' enabled='1' scrollable='1' >
<content><![CDATA[<p><span style="font-size:34px"><span style="font-family:verdana,geneva,sans-serif">“[…] los conocimientos, las creencias, 
las costumbres, los valores y cualquier 
otra práctica o hábito adquiridos por los 
hombres y las mujeres como miembros 
de una sociedad.” </span></span></p>

<p style="text-align:right"><span style="font-size:24px"><span style="font-family:verdana,geneva,sans-serif">Edward B. Tylor</span></span></p>
]]></content>
</component>
</components>
<animaciones>
</animaciones>
</pantalla>
<pantalla id="pantalla_27">
<event id='onPrepare' language='DO'><![CDATA[]]></event>
<event id='onShown' language='DO'><![CDATA[]]></event>
<components>
<component _type='_compImage' id='image_24' x='0' y='0' width='0' height='0' alpha='1' visible='1' enabled='1' cssClass='' adjustMode='1' alignMode='0' image='data/imagenes/image_37.jpg' />
<component _type='_compRichText' id='texto_26' x='113' y='40' width='474' height='96' alpha='1' visible='1' enabled='1' scrollable='1' >
<content><![CDATA[<p><span style="font-family:verdana,geneva,sans-serif"><span style="font-size:39px">Áreas culturales</span></span></p>
]]></content>
</component>
</components>
<animaciones>
</animaciones>
</pantalla>
<pantalla id="pantalla_31">
<event id='onPrepare' language='DO'><![CDATA[]]></event>
<event id='onShown' language='DO'><![CDATA[]]></event>
<components>
<component _type='_compRichText' id='texto_26' x='19' y='191' width='911' height='291' alpha='1' visible='1' enabled='1' scrollable='1' >
<content><![CDATA[<p style="text-align:center"><span style="font-size:50px"><span style="font-family:verdana,geneva,sans-serif">La cultura confiere<br />
una identidad personal<br />
y una conciencia de grupo.</span></span></p>
]]></content>
</component>
</components>
<animaciones>
</animaciones>
</pantalla>
<pantalla id="pantalla_35">
<event id='onPrepare' language='DO'><![CDATA[]]></event>
<event id='onShown' language='DO'><![CDATA[]]></event>
<components>
<component _type='_compImage' id='image_24' x='0' y='0' width='24' height='24' alpha='1' visible='1' enabled='1' cssClass='' adjustMode='1' alignMode='0' image='data/imagenes/CS_10_07_REC80_IMG01.jpg' />
<component _type='_compRichText' id='texto_26' x='113' y='40' width='520' height='96' alpha='1' visible='1' enabled='1' scrollable='1' >
<content><![CDATA[<p><span style="font-family:verdana,geneva,sans-serif"><span style="font-size:39px">La identidad cultural</span></span></p>
]]></content>
</component>
<component _type='_compRichText' id='texto_25' x='114' y='105' width='148' height='149' alpha='1' visible='1' enabled='1' scrollable='1' >
<content><![CDATA[<p><span style="font-size:25px"><span style="font-family:verdana,geneva,sans-serif">&middot; Lengua<br />
&middot; Religi&oacute;n<br />
&middot; Historia</span></span></p>
]]></content>
</component>
<component _type='_compRichText' id='texto_39' x='314' y='105' width='252' height='149' alpha='1' visible='1' enabled='1' scrollable='1' >
<content><![CDATA[<p><span style="font-size:25px"><span style="font-family:verdana,geneva,sans-serif">&middot; Tradiciones<br />
&middot; Diferencias<br />
&nbsp; generacionales</span></span></p>
]]></content>
</component>
</components>
<animaciones>
<anim id='Entrada'><![CDATA[{}]]></anim>
</animaciones>
</pantalla>
<pantalla id="pantalla_40">
<event id='onPrepare' language='DO'><![CDATA[]]></event>
<event id='onShown' language='DO'><![CDATA[]]></event>
<components>
<component _type='_compImage' id='image_24' x='0' y='0' width='950' height='608' alpha='1' visible='1' enabled='1' cssClass='' adjustMode='1' alignMode='0' image='data/imagenes/image_53.jpg' />
<component _type='_compRichText' id='texto_26' x='113' y='40' width='406' height='134' alpha='1' visible='1' enabled='1' scrollable='1' >
<content><![CDATA[<p><span style="font-size:36px"><span style="font-family:verdana,geneva,sans-serif">El contacto cultural<br />
en el mundo</span></span></p>
]]></content>
</component>
<component _type='_compRichText' id='texto_25' x='114' y='157' width='338' height='177' alpha='1' visible='1' enabled='1' scrollable='1' >
<content><![CDATA[<p><span style="font-size:24px"><span style="font-family:verdana,geneva,sans-serif">Favorecido por:</span></span></p>

<p><span style="font-size:24px"><span style="font-family:verdana,geneva,sans-serif">&middot; Migraciones<br />
&middot; Medios de comunicaci&oacute;n<br />
&middot; Turismo</span></span></p>
]]></content>
</component>
</components>
<animaciones>
</animaciones>
</pantalla>
<pantalla id="pantalla_44">
<event id='onPrepare' language='DO'><![CDATA[]]></event>
<event id='onShown' language='DO'><![CDATA[]]></event>
<components>
<component _type='_compImage' id='image_24' x='0' y='0' width='950' height='608' alpha='1' visible='1' enabled='1' cssClass='' adjustMode='1' alignMode='0' image='data/imagenes/image_58.jpg' />
<component _type='_compRichText' id='texto_26' x='115' y='40' width='412' height='164' alpha='1' visible='1' enabled='1' scrollable='1' >
<content><![CDATA[<p><span style="font-size:36px"><span style="font-family:verdana,geneva,sans-serif">Sociedad de<br />
consumo</span></span></p>
]]></content>
</component>
<component _type='_compRichText' id='texto_25' x='114' y='157' width='338' height='177' alpha='1' visible='1' enabled='1' scrollable='1' >
<content><![CDATA[<p><span style="font-size:24px"><span style="font-family:verdana,geneva,sans-serif">Se imponen los mismos:</span></span></p>

<p><span style="font-size:24px"><span style="font-family:verdana,geneva,sans-serif">&middot; Comportamientos<br />
&middot; Valores<br />
&middot; Actitudes</span></span></p>
]]></content>
</component>
</components>
<animaciones>
</animaciones>
</pantalla>
<pantalla id="pantalla_48">
<event id='onPrepare' language='DO'><![CDATA[]]></event>
<event id='onShown' language='DO'><![CDATA[]]></event>
<components>
<component _type='_compImage' id='image_52' x='0' y='0' width='950' height='608' alpha='1' visible='1' enabled='1' cssClass='' adjustMode='1' alignMode='0' image='data/imagenes/image_63_copy.jpg' />
<component _type='_compRichText' id='texto_26' x='113' y='40' width='545' height='96' alpha='1' visible='1' enabled='1' scrollable='1' >
<content><![CDATA[<p><span style="color:#FFFFFF"><span style="font-family:verdana,geneva,sans-serif"><span style="font-size:39px">La diversidad cultural...</span></span></span></p>
]]></content>
</component>
<component _type='_compRichText' id='texto_25' x='667' y='474' width='227' height='77' alpha='1' visible='1' enabled='1' scrollable='1' >
<content><![CDATA[<p><span style="font-family:verdana,geneva,sans-serif"><span style="font-size:28px"><span style="color:rgb(255, 255, 255)">... se reduce.</span></span></span></p>
]]></content>
</component>
</components>
<animaciones>
</animaciones>
</pantalla>
</slider>
</pantalla>
</pantallas>
<popups>
</popups>
</engine>