<?xml version="1.0" encoding="iso-8859-1"?>
<metadata xmlns="urn:InfoRecurso">
  <identificador>RES-126A4DE99B1546ECB41046250DEBD4F7</identificador>
  <loid>CS_10_07_CO_Recurso140</loid>
  <titulo>Reconoce la diversidad cultural en Colombia</titulo>
  <descripcion>Actividad que permite reconocer manifestaciones de la riqueza cultural de Colombia</descripcion>
  <relacionado>0</relacionado>
  <tiporecurso>Recurso sin ficha</tiporecurso>
  <tiempoestimado>30</tiempoestimado>
  <acciondidactica>Ejercitaci�n</acciondidactica>
  <competencia>Competencia social y ciudadana</competencia>
  <tipomedia pesado="false" matricula="">Actividad</tipomedia>
  <conceptos>
    <concepto>Colombia</concepto>
    <concepto>cultura</concepto>
    <concepto>diversidad</concepto>
    <concepto>identidad</concepto>
    <concepto>pluralismo</concepto>
    <concepto>pueblo</concepto>
    <concepto>respeto</concepto>
    <concepto>riqueza cultural</concepto>
  </conceptos>
  <autonomico>0</autonomico>
</metadata>