<?xml version='1.0' encoding='UTF-8'?><engine copy="Editorial Planeta" version="1" aprid="f6"><main layout="0">
<title>Colombia multiétnica y pluricultural</title>
<footer>Selecciona una imagen</footer>
</main>
<sections>
<section i="0" star="false" hasSubsections="false">
<menuImage path="CS_10_07_REC130_IMG01.jpg" border="0">
<title><![CDATA[Nación multiétnica]]></title>
</menuImage>
<pages>
<page i="0" visible="true" color="">
<title>Indígenas </title>
<description><![CDATA[<p><span style="font-size:18px;"><span style="font-family: verdana,geneva,sans-serif;">Los <strong>ind&iacute;genas</strong> son la poblaci&oacute;n originaria o&nbsp;aborigen&nbsp;de Am&eacute;rica. La poblaci&oacute;n ind&iacute;gena en Colombia, seg&uacute;n el censo de 2005, es de <strong>1&#39;378.884</strong>, es decir, que constituyen el <strong>3,4%</strong> de la poblaci&oacute;n del pa&iacute;s.</span></span></p>

<p><span style="font-size:18px;"><span style="font-family: verdana,geneva,sans-serif;">Las comunidades ind&iacute;genas de Colombia&nbsp;han luchado hist&oacute;ricamente a trav&eacute;s de movimientos sociales, por la defensa de sus territorios y de sus derechos. La Constituci&oacute;n de 1 991&nbsp;reconoci&oacute; sus derechos como colombianos y como grupo&nbsp;&eacute;tnico.</span></span></p>

<p></p>

<p></p>
]]></description>
<images>
<image path="CS_10_07_REC130_IMG03n.jpg" border = "0" pathbig="CS_10_07_REC130_IMG03a.jpg">
<title><![CDATA[Indígenas embera, de la región noroccidental del país.]]></title>
</image>
<image path="CS_10_07_REC130_IMG04n.jpg" border = "0" pathbig="CS_10_07_REC130_IMG04a.jpg">
<title><![CDATA[Familia indígena wiwa, del norte del país.]]></title>
</image>
</images>
</page>
<page i="0" visible="true" color="">
<title>Negros, mulatos y afrocolombianos</title>
<description><![CDATA[<p><span style="font-size:18px;"><span style="font-family: verdana,geneva,sans-serif;"><span class="cuerpo-libro">Los <strong>afrocolombianos</strong> son los descendientes de personas tra&iacute;das de &Aacute;frica por los colonizadores espa&ntilde;oles en condici&oacute;n de esclavas. </span></span></span></p>

<p><span style="font-size:18px;"><span style="font-family: verdana,geneva,sans-serif;"><span class="cuerpo-libro">Se calcula que la poblaci&oacute;n afrocolombiana est&aacute; cerca de los cinco millones,&nbsp;se concentra principalmente en las regiones del <strong>Caribe</strong> y del <strong>Pac&iacute;fico</strong>&nbsp;y<strong>&nbsp;</strong>varios de ellos<strong>&nbsp;</strong>han recuperado los territorios de sus ancestros.</span></span></span></p>

<p><span style="font-size:18px;"><span style="font-family: verdana,geneva,sans-serif;"><span class="cuerpo-libro">La Constituci&oacute;n de 1851 aboli&oacute; la esclavitud en Colombia y la de 1991 reconoci&oacute; a los afrocolombianos como&nbsp;etnia </span>por su ancestro gen&eacute;tico y cultural<span class="cuerpo-libro">.</span></span></span></p>

<p></p>

<p></p>
]]></description>
<images>
<image path="CS_10_07_REC130_IMG05n.jpg" border = "0" pathbig="CS_10_07_REC130_IMG05a.jpg">
<title><![CDATA[Familia afrodescendiente]]></title>
</image>
<image path="CS_10_07_REC130_IMG06n.jpg" border = "0" pathbig="CS_10_07_REC130_IMG06a.jpg">
<title><![CDATA[Mujer mulata]]></title>
</image>
</images>
</page>
<page i="0" visible="true" color="">
<title>Raizales</title>
<description><![CDATA[<p><span style="font-size:18px;"><span style="font-family: verdana,geneva,sans-serif;">La etnia&nbsp;<strong>raizal </strong>la conforman cerca de 20.000 personas que&nbsp;habitan en las islas de <strong>San Andr&eacute;s</strong>, <strong>Providencia</strong> y <strong>Santa Catalina</strong>.</span></span></p>

<p><span style="font-size:18px;"><span style="font-family: verdana,geneva,sans-serif;">Tienen ra&iacute;ces caribe&ntilde;as, europeas y africanas y conservan pr&aacute;cticas culturales heredadas de sus ancestros como la lengua&nbsp;<strong>creole</strong>.</span></span></p>

<p><span style="font-size:18px;"><span style="font-family: verdana,geneva,sans-serif;">Los raizales han conformado organizaciones para hacer realidad sus derechos constitucionales como la autodeterminaci&oacute;n y la defensa de sus valores culturales.</span></span></p>
]]></description>
<images>
<image path="CS_10_07_REC130_IMG07n.jpg" border = "0" pathbig="CS_10_07_REC130_IMG07a.jpg">
<title><![CDATA[Hombre raizal en el mar caribe colombiano.]]></title>
</image>
<image path="CS_10_07_REC130_IMG08n.jpg" border = "0" pathbig="CS_10_07_REC130_IMG08a.jpg">
<title><![CDATA[Niñas raizal]]></title>
</image>
</images>
</page>
<page i="0" visible="true" color="">
<title>Rom </title>
<description><![CDATA[<p><span style="font-size:18px;"><span style="font-family: verdana,geneva,sans-serif;">El pueblo <strong>rom</strong>&nbsp;o gitano lleg&oacute; a Colombia desde la Colonia y en&nbsp;la actualidad, son un grupo &eacute;tnico conformado por&nbsp;cerca de 2.500 personas que viven principalmente en&nbsp;Bogot&aacute;,&nbsp;Gir&oacute;n, C&uacute;cuta, Cali, Envigado, Sampu&eacute;s, Santa Marta, Fusagasug&aacute; y El Espinal.</span></span></p>

<p><span style="font-size:18px;"><span style="font-family: verdana,geneva,sans-serif;">Los rom hablan la lengua <strong>roman&iacute;</strong>, tienen una organizaci&oacute;n patrilineal y cuentan con el <strong>Tribunal&nbsp;Sere Romengue</strong>&nbsp;para&nbsp;administrar justicia y resolver los conflictos.&nbsp;</span></span></p>

<p><span style="font-size:18px;"><span style="font-family: verdana,geneva,sans-serif;">La condici&oacute;n de muchos es dif&iacute;cil en Colombia por el&nbsp;escaso acceso al sistema educativo y al empleo.</span></span></p>
]]></description>
<images>
<image path="CS_10_07_REC130_IMG09n.jpg" border = "0" pathbig="CS_10_07_REC130_IMG09a.jpg">
<title><![CDATA[Mujer rom o gitana colombiana.]]></title>
</image>
</images>
</page>
</pages>
</section><section i="0" star="false" hasSubsections="false">
<menuImage path="CS_10_07_REC130_IMG02.jpg" border="0">
<title><![CDATA[Nación pluricultural]]></title>
</menuImage>
<pages>
<page i="0" visible="true" color="">
<title>Festivales y fiestas </title>
<description><![CDATA[<p><span style="font-size:18px;"><span style="font-family: verdana,geneva,sans-serif;">La Constituci&oacute;n Pol&iacute;tica de Colombia&nbsp;proclam&oacute; los derechos de una <strong>naci&oacute;n&nbsp;libre y pluralista</strong>, por lo que se reconoce el car&aacute;cter multi&eacute;tnico de la naci&oacute;n y el mestizaje de pueblos y culturas.</span></span></p>

<p><span style="font-size:18px;"><span style="font-family: verdana,geneva,sans-serif;">El <strong>mestizaje</strong> en Colombia se evidencia en la <strong>multiplicidad de&nbsp;costumbres y tradiciones</strong>.&nbsp;</span></span></p>

<p><span style="font-size:18px;"><span style="font-family: verdana,geneva,sans-serif;">Las personas que habitan&nbsp;las diferentes regiones del pa&iacute;s han creado a trav&eacute;s de la historia, <strong>particulares formas culturales</strong> que est&aacute;n presentes en sus <strong>dialectos</strong>, en las <strong>maneras&nbsp;de relacionarse</strong> con los otros, en las <strong>tradiciones</strong> gastron&oacute;micas, folcl&oacute;ricas e incluso religiosas.</span></span></p>

<p><span style="font-size:18px;"><span style="font-family: verdana,geneva,sans-serif;">Entre los numerosos grupos culturales se pueden mecionar los coste&ntilde;os, paisas, opitas, vallunos, llaneros, tolimenses, santandereanos y cundiboyaceneses, creadores de culturas propias y de celebraciones reconocidas en el pa&iacute;s y en el mundo como&nbsp;el <strong>Carnaval de Barranquilla</strong>, el <strong>Carnaval de Negros y Blancos</strong>&nbsp;en Pasto, la <strong>Feria de Cali</strong>, la <strong>Semana Santa </strong>en Popay&aacute;n,&nbsp;el Festival del Joropo en Villavicencio,&nbsp;entre muchas otras.</span></span></p>
]]></description>
<images>
<image path="CS_10_07_REC130_IMG12n.jpg" border = "0" pathbig="CS_10_07_REC130_IMG12a.jpg">
<title><![CDATA[Festival de Barranquilla]]></title>
</image>
<image path="CS_10_07_REC130_IMG13n.jpg" border = "0" pathbig="CS_10_07_REC130_IMG13a.jpg">
<title><![CDATA[Festival Petronio Álvarez, en Cali]]></title>
</image>
<image path="CS_10_07_REC130_IMG14n.jpg" border = "0" pathbig="CS_10_07_REC130_IMG14a.jpg">
<title><![CDATA[Semana Santa en Popayán]]></title>
</image>
<image path="CS_10_07_REC130_IMG15n.jpg" border = "0" pathbig="CS_10_07_REC130_IMG15a.jpg">
<title><![CDATA[Feria de las flores, en Medellín]]></title>
</image>
</images>
</page>
</pages>
</section></sections>
</engine>