﻿<?xml version="1.0" encoding="utf-8"?><motor tipo="5" clase="d" aprid="m5d"><plataforma><grado><![CDATA[2]]></grado><titulo>Reflexiona sobre la democracia y la diversidad cultural</titulo><area>0</area><nivel>3</nivel><referencia /><idreg><![CDATA[0]]></idreg><motor><![CDATA[M5D]]></motor><lang>es</lang></plataforma><enunciado><![CDATA[Contesta las siguientes preguntas teniendo en cuenta el texto.]]></enunciado><masinfo inicio="0" /><sinaleatoriedad><![CDATA[0]]></sinaleatoriedad><calc><![CDATA[0]]></calc><respuestaunica><![CDATA[0]]></respuestaunica><test cantidad="8"><cuestion><enunciado><![CDATA[Del texto se deduce que las naciones democráticas están llamadas a ]]></enunciado><explicacion /><texto><![CDATA[La educación en y para la diversidad está llamada igualmente a entregar argumentos normativos, éticos y políticos que muestren que solo en una sociedad respetuosa y promotora de la diversidad es posible construir una democracia en donde todos y todas tienen el derecho a decir su palabra, a deliberar lo público desde perspectivas distintas, a erradicar las discriminaciones y, de esta forma, a consagrar en el plano educacional el principio fundante de la Declaración Universal que establece que "toda persona tiene todos los derechos y libertades proclamados en esta Declaración, sin distinción alguna de raza, color, sexo, idioma, religión, opinión política o de cualquier otra índole, origen nacional o social, posición económica, nacimiento o cualquiera otra condición".Tomado de http://www.mineducacion.gov.co/1621/article-87388.html]]></texto><respuestas><respuesta contestacion="educar en el respeto a los derechos humanos." correcta="1" /><respuesta contestacion="formar personas que promuevan el respeto a la diversidad." correcta="0" /><respuesta contestacion="ofrecer una educación democrática y dignificante." correcta="0" /><respuesta contestacion="fortalecer el derecho a la educación y a la libre expresión." correcta="0" /></respuestas></cuestion><cuestion><enunciado><![CDATA[Una sociedad respetuosa de la diversidad es aquella que]]></enunciado><explicacion /><texto><![CDATA[La educación en y para la diversidad está llamada igualmente a entregar argumentos normativos, éticos y políticos que muestren que solo en una sociedad respetuosa y promotora de la diversidad es posible construir una democracia en donde todos y todas tienen el derecho a decir su palabra, a deliberar lo público desde perspectivas distintas, a erradicar las discriminaciones y, de esta forma, a consagrar en el plano educacional el principio fundante de la Declaración Universal que establece que "toda persona tiene todos los derechos y libertades proclamados en esta Declaración, sin distinción alguna de raza, color, sexo, idioma, religión, opinión política o de cualquier otra índole, origen nacional o social, posición económica, nacimiento o cualquiera otra condición".Tomado de http://www.mineducacion.gov.co/1621/article-87388.html]]></texto><respuestas><respuesta contestacion="adopta prácticas democráticas incluyentes." correcta="1" /><respuesta contestacion="educa a sus miembros en la tolerancia y el respeto." correcta="0" /><respuesta contestacion="otorga a todos los mismos derechos y libertades." correcta="0" /><respuesta contestacion="abre sus fronteras a todos los pueblos y nacionalidades." correcta="0" /></respuestas></cuestion><cuestion><enunciado><![CDATA[El reconocimiento de la diversidad en las sociedades democráticas tiene como propósito]]></enunciado><explicacion /><texto><![CDATA[La educación en y para la diversidad está llamada igualmente a entregar argumentos normativos, éticos y políticos que muestren que solo en una sociedad respetuosa y promotora de la diversidad es posible construir una democracia en donde todos y todas tienen el derecho a decir su palabra, a deliberar lo público desde perspectivas distintas, a erradicar las discriminaciones y, de esta forma, a consagrar en el plano educacional el principio fundante de la Declaración Universal que establece que "toda persona tiene todos los derechos y libertades proclamados en esta Declaración, sin distinción alguna de raza, color, sexo, idioma, religión, opinión política o de cualquier otra índole, origen nacional o social, posición económica, nacimiento o cualquiera otra condición".Tomado de http://www.mineducacion.gov.co/1621/article-87388.html]]></texto><respuestas><respuesta contestacion="favorecer la convivencia y las soluciones pacíficas a los conflictos." correcta="1" /><respuesta contestacion="erradicar las prácticas discriminatorias en los diferentes ámbitos." correcta="0" /><respuesta contestacion="promover la aceptación de los valores culturales de las etnias." correcta="0" /><respuesta contestacion="eliminar toda forma de intolerancia frente a culturas diferentes." correcta="0" /></respuestas></cuestion><cuestion><enunciado><![CDATA[La educación en y para la diversidad es aquella que privilegia ]]></enunciado><explicacion /><texto><![CDATA[La educación en y para la diversidad está llamada igualmente a entregar argumentos normativos, éticos y políticos que muestren que solo en una sociedad respetuosa y promotora de la diversidad es posible construir una democracia en donde todos y todas tienen el derecho a decir su palabra, a deliberar lo público desde perspectivas distintas, a erradicar las discriminaciones y, de esta forma, a consagrar en el plano educacional el principio fundante de la Declaración Universal que establece que "toda persona tiene todos los derechos y libertades proclamados en esta Declaración, sin distinción alguna de raza, color, sexo, idioma, religión, opinión política o de cualquier otra índole, origen nacional o social, posición económica, nacimiento o cualquiera otra condición".Tomado de http://www.mineducacion.gov.co/1621/article-87388.html]]></texto><respuestas><respuesta contestacion="la construcción de la democracia participativa." correcta="1" /><respuesta contestacion="la formación en valores como el respeto y la tolerancia." correcta="0" /><respuesta contestacion="la aceptación de distintas culturas y formas de vida." correcta="0" /><respuesta contestacion="la convivencia pacífica entre grupos étnicos y culturas." correcta="0" /></respuestas></cuestion><cuestion><enunciado><![CDATA[De acuerdo con el texto es correcto afirmar que la diversidad cultural]]></enunciado><explicacion /><texto><![CDATA[La diversidad cultural es una fuerza motriz del desarrollo, no solo en lo que respecta al crecimiento económico, sino como medio de tener una vida intelectual, afectiva, moral y espiritual más enriquecedora. Todo esto está presente en las siete convenciones de la cultura, que proporcionan una base sólida para la promoción de la diversidad cultural. Esta diversidad es un componente indispensable para reducir la pobreza y alcanzar la meta del desarrollo sostenible, gracias, entre otros, al dispositivo normativo, hoy día ya completo, elaborado en el ámbito cultural.Tomado de http://www.un.org/es/events/culturaldiversityday/background.shtml]]></texto><respuestas><respuesta contestacion="constituye la base para el desarrollo de los pueblos." correcta="1" /><respuesta contestacion="permite el crecimiento intelectual de la sociedad." correcta="0" /><respuesta contestacion="favorece el diálogo intercultural y multicultural." correcta="0" /><respuesta contestacion="contribuye a eliminar las diferencias económicas y sociales." correcta="0" /></respuestas></cuestion><cuestion><enunciado><![CDATA[Toda sociedad interesada en la búsqueda del desarrollo sostenible debe considerar, desde la perspectiva de la diversidad,]]></enunciado><explicacion /><texto><![CDATA[La diversidad cultural es una fuerza motriz del desarrollo, no solo en lo que respecta al crecimiento económico, sino como medio de tener una vida intelectual, afectiva, moral y espiritual más enriquecedora. Todo esto está presente en las siete convenciones de la cultura, que proporcionan una base sólida para la promoción de la diversidad cultural. Esta diversidad es un componente indispensable para reducir la pobreza y alcanzar la meta del desarrollo sostenible, gracias, entre otros, al dispositivo normativo, hoy día ya completo, elaborado en el ámbito cultural.Tomado de http://www.un.org/es/events/culturaldiversityday/background.shtml]]></texto><respuestas><respuesta contestacion="propiciar el diálogo intercultural." correcta="1" /><respuesta contestacion="aceptar la existencia de las minorías." correcta="0" /><respuesta contestacion="eliminar las diferencias entre las etnias." correcta="0" /><respuesta contestacion="erradicar los conflictos interculturales." correcta="0" /></respuestas></cuestion><cuestion><enunciado><![CDATA[En el mundo globalizado, los Estados se plantean el reto de alcanzar el desarrollo sostenible. Un factor que deben considerar desde la realidad de la diversidad cultural es]]></enunciado><explicacion /><texto><![CDATA[El desarrollo como tal es inseparable de la cultura. El reto consiste en convencer a los políticos responsables de las decisiones y a los actores sociales locales de que integren los principios de la diversidad cultural y los valores del pluralismo cultural en el conjunto de las políticas, mecanismos y prácticas públicas, especialmente gracias a la colaboración del sector público/sector privado.El objetivo es, por un lado, incorporar la cultura en todas las políticas de desarrollo, ya conciernan a la educación, las ciencias, la comunicación, la salud, el medio ambiente o el turismo, y por otro lado, sostener el desarrollo del sector cultural mediante industrias creativas: así, a la vez que contribuye a la reducción de la pobreza, la cultura constituye un instrumento de cohesión social.Tomado de http://www.un.org/es/events/culturaldiversityday/background.shtml]]></texto><respuestas><respuesta contestacion="la implementación de políticas que incluyan la diversidad cultural." correcta="1" /><respuesta contestacion="la adopción de leyes tendientes a eliminar toda forma de exclusión." correcta="0" /><respuesta contestacion="el fortalecimiento de las prácticas democráticas en las instituciones educativas." correcta="0" /><respuesta contestacion="la reducción de la pobreza de los grupos históricamente marginados." correcta="0" /></respuestas></cuestion><cuestion><enunciado><![CDATA[El desarrollo de las sociedades requiere de la toma de decisiones responsables que consideren ]]></enunciado><explicacion><![CDATA[]]></explicacion><texto><![CDATA[El desarrollo como tal es inseparable de la cultura. El reto consiste en convencer a los políticos responsables de las decisiones y a los actores sociales locales de que integren los principios de la diversidad cultural y los valores del pluralismo cultural en el conjunto de las políticas, mecanismos y prácticas públicas, especialmente gracias a la colaboración del sector público/sector privado.El objetivo es, por un lado, incorporar la cultura en todas las políticas de desarrollo, ya conciernan a la educación, las ciencias, la comunicación, la salud, el medio ambiente o el turismo, y por otro lado, sostener el desarrollo del sector cultural mediante industrias creativas: así, a la vez que contribuye a la reducción de la pobreza, la cultura constituye un instrumento de cohesión social.Tomado de http://www.un.org/es/events/culturaldiversityday/background.shtml]]></texto><respuestas><respuesta contestacion="la inclusión de valores y principios pluralistas." correcta="1" /><respuesta contestacion="la voluntad política y las prácticas democráticas." correcta="0" /><respuesta contestacion="la aceptación de la diversidad de culturas." correcta="0" /><respuesta contestacion="la colaboración del sector público y el privado." correcta="0" /></respuestas></cuestion></test></motor>