﻿<?xml version="1.0" encoding="utf-8"?><motor tipo="2" clase="a" aprid="m2a"><plataforma><grado><![CDATA[1]]></grado><titulo>Reconoce la responsabilidad del Estado frente a la diversidad y el conflicto</titulo><area>0</area><nivel>1</nivel><referencia /><idreg><![CDATA[0]]></idreg><motor><![CDATA[M2A]]></motor><lang>es</lang></plataforma><enunciado><![CDATA[Completa correctamente el siguiente texto sobre la responsabilidad del Estado frente a la diversidad y el conflicto.]]></enunciado><masinfo inicio="0" /><calc><![CDATA[0]]></calc><sonido /><textoacategoria><cuestion><pregunta><![CDATA[Para construir una sociedad [*] y [*] el objetivo de todo Estado de [*] debe ser fomentar la libertad y la [*] y construir un modelo de sociedad basado en la [*] y la tolerancia. Un camino consiste en la adopción de [*] que fomenten la [*] para que cada persona pueda manifestar libremente su cultura acogiéndose a las [*] del país donde vive.]]></pregunta><respuestas><respuesta orden="1"><![CDATA[multicultural]]></respuesta><respuesta orden="2"><![CDATA[democrática ]]></respuesta><respuesta orden="3"><![CDATA[Derecho]]></respuesta><respuesta orden="4"><![CDATA[igualdad]]></respuesta><respuesta orden="5"><![CDATA[pluralidad]]></respuesta><respuesta orden="6"><![CDATA[prácticas]]></respuesta><respuesta orden="7"><![CDATA[interculturalidad]]></respuesta><respuesta orden="8"><![CDATA[leyes]]></respuesta></respuestas></cuestion></textoacategoria><textofalso cantidad="0" /><temps>10</temps></motor>