﻿<?xml version="1.0" encoding="utf-8"?>
<motor tipo="5" clase="d" aprid="m5d">
  <plataforma>
    <grado><![CDATA[2]]></grado>
    <titulo>El pensamiento ilustrado frente a la idea del poder divino</titulo>
    <area>0</area>
    <nivel>1</nivel>
    <referencia />
    <idreg><![CDATA[0]]></idreg>
    <motor><![CDATA[M5D]]></motor>
    <lang>es</lang>
  </plataforma>
  <enunciado><![CDATA[Lee el siguiente fragmento de {{cur}}Las cartas persas{{normal}} del barón de Montesquieu. A continuación elige la respuesta correcta en cada caso.]]></enunciado>
  <masinfo inicio="0" />
  <sinaleatoriedad><![CDATA[0]]></sinaleatoriedad>
  <calc><![CDATA[0]]></calc>
  <respuestaunica><![CDATA[1]]></respuestaunica>
  <test cantidad="3">
    <cuestion>
      <enunciado><![CDATA[Cuando Montesquieu dice “El rey de Francia es el príncipe más poderoso de Europa”. Se refiere a:]]></enunciado>
      <explicacion />
      <texto><![CDATA[“El rey de Francia es el príncipe más poderoso de Europa. No posee minas de oro, como el rey de España, su vecino, pero posee más riquezas que él porque las extrae de la vanidad de sus súbditos, más inagotable que las minas. Se le ha visto emprender o apoyar grandes guerras sin más capital que la venta de títulos de honor, y, por un prodigio del orgullo humano, sus tropas fueron pagadas, sus plazas fortificadas y su flota equipada (…)”.  ]]></texto>
      <respuestas>
        <respuesta contestacion="Luis XIV, el Rey Sol" correcta="1" />
        <respuesta contestacion="Rasputín" correcta="0" />
        <respuesta contestacion="Carlos III" correcta="0" />
      </respuestas>
    </cuestion>
    <cuestion>
      <enunciado><![CDATA[En este fragmento, Montesquieu se refiere a un propósito del absolutismo: ]]></enunciado>
      <explicacion />
      <texto><![CDATA[Además, este rey es un gran mago, pues ejerce su mando hasta en la inteligencia de sus súbditos, consiguiendo que piensen como él desea. Si no tiene más que un millón de escudos en su tesoro y necesita dos, logra persuadirles de que un escudo vale dos, y le creen. Si ha de mantener una guerra difícil y está sin dinero, basta con que les meta en la cabeza que un trozo de papel es dinero e inmediatamente se convencen de ello.]]></texto>
      <respuestas>
        <respuesta contestacion="Gobernar también el pensamiento y la cultura." correcta="1" />
        <respuesta contestacion="Garantizar la libertad de expresión y de pensamiento." correcta="0" />
        <respuesta contestacion="Darle la palabra a los que no tienen privilegios." correcta="0" />
      </respuestas>
    </cuestion>
    <cuestion>
      <enunciado><![CDATA[En este fragmento, Montesquieu se refiere a la manera como el absolutismo se valió de:]]></enunciado>
      <explicacion />
      <texto><![CDATA[“Hasta tal punto es grande la fuerza y el poder que tiene sobre sus súbditos que incluso llega a hacerles creer que es capaz de curarles de toda clase de enfermedades tan sólo con tocarlos”.  ]]></texto>
      <respuestas>
        <respuesta contestacion="La fe de los gobernados" correcta="1" />
        <respuesta contestacion="La razón de los gobernados" correcta="0" />
        <respuesta contestacion="La capacidad de decidir de los gobernados" correcta="0" />
      </respuestas>
    </cuestion>
  </test>
  <temps>40</temps>
</motor>