﻿<?xml version="1.0" encoding="UTF-8"?>
<?xml-stylesheet href="cuadernoestudio/dtd/libro.xslt" type="text/xsl"?>
<!--Arbortext, Inc., 1988-2015, v.4002-->
<!DOCTYPE libro SYSTEM "cuadernoestudio/dtd/libro.dtd">
<libro id="CS_11_03_CO">
<libroTitulo>América en el siglo XXI</libroTitulo>
<seccion1 id="S1_CS_11_03_CO_716E44A7CC5B45348A516FDEBED7A830">
<seccion1Titulo>Los Estados Unidos en el siglo XXI</seccion1Titulo>
<seccion1Texto>
<p>El nuevo milenio trajo grandes cambios para Estados Unidos. La
presidencia de George W. Bush (2001- 2009) coincidió con el ataque
a las Torres Gemelas, acontecimiento que redefinió la política exterior
de ese país.</p>
<p>Debido a que la Unión Europea, Japón, China pasaron a ser sus grandes
competidores en producción y exportaciones, Estados Unidos ha buscado
adelantar más estrategias para conquistar mercados y para abaratar
los costos de producción de sus mercancías. De allí que impulse la
firma de <negrita>tratados de libre comercio</negrita> con distintos
socios y que, además, se distancia de acuerdos internacionales como
el protocolo de <negritacursiva>Kioto</negritacursiva>, sobre reducción
del impacto medioambiental.</p>
<p>A nivel interno, Estados Unidos sufrió en el 2005 los impresionantes
impactos del <negrita>huracán Katrina</negrita>. Vastas zonas entre
los estados de Louisiana y Mississippi fueron golpeadas, en un  desastre
natural que provocó más de mil muertos.</p>
<p>En el campo económico, Estados Unidos vive desde el año 2008 una
de las peores <negrita>crisis financieras</negrita>. Esta se originó
en el derrumbe de la burbuja inmobiliaria, la crisis de las hipotecas
basura (<negrita>hipotecas</negrita> <cursiva>subprime</cursiva>)
y la consecuente quiebra de bancos y caída de la Bolsa de Nueva York.</p>
<seccion2 id="S2_CS_11_03_CO_3BF7DF3BB66E481EA9A593EC30A10C40">
<seccion2Titulo>Los atentados del 11 de septiembre 2001</seccion2Titulo>
<seccion2Texto>
<p>El 11 de septiembre de 2001, Estados Unidos fue blanco de múltiples
atentados terroristas. Uno de estos ataques destruyó uno de los principales
centros de gestión financiera, las Torres Gemelas del World Trade
Center de Nueva York.</p>
<p>De esta agresión se culpó a la organización terrorista <negrita
>Al-Qaeda</negrita>, liderada por <negrita>Osama Bin Laden</negrita
>. Como respuesta, el presidente Bush declaró una cruzada contra Oriente
Medio. Esta cruzada se expresó fundamentalmente en la invasión a países
como Irak, que trajo el derrocamiento del régimen de Saddam Hussein
y la permanencia de tropas norteamericanas en ese y otros países como
Afganistán.</p>
<imagen src="CS_11_03_CO_IMG01_small.jpg">
<p>Osama Bin Laden, personaje central de los ataques a las Torres
Gemelas. Su búsqueda y captura tomó casi diez años luego del 11-S.</p>
</imagen>
<profundiza>
<enlace
destino="/LoIdRedirect.aspx?LoId=CS_11_03_CO_Recurso280&amp;IdRecurso=RES-359CB45320ED453090466B0214E90FF3"
>El 11 de septiembre</enlace>
</profundiza></seccion2Texto></seccion2><seccion2
id="S2_CS_11_03_CO_2245A99F26BA4CC0BE44FC87E7874442">
<seccion2Titulo>La respuesta a las nuevas amenazas</seccion2Titulo>
<seccion2Texto>
<p>Luego de la desaparición de su enemigo histórico, el comunismo,
Estados Unidos ha visto surgir o recrudecer nuevas amenazas, como
el <negrita>narcotráfico</negrita>. Así mismo, ha incluido el fenómeno
de las migraciones y el fortalecimiento del islamismo como riesgos
para su seguridad.</p>
<p>El narcotráfico es un factor que determina las relaciones de Estados
Unidos con los demás países americanos. Desde finales de los noventa
y hasta el presente, ese país ha diseñado múltiples estrategias para
contrarrestarlo. Las más destacadas han sido el Plan Colombia y el
Plan Mérida (México y Centroamérica).</p>
<p>Para combatir las <negrita>migraciones</negrita>, particularmente
aquellas que llegan desde <negrita>Centroamérica</negrita>, Estados
Unidos ha reforzado las unidades policiales y militares que controlan
la frontera con México. En 2007 construyó un <negrita>muro</negrita
> desde Tijuana hasta San Diego. Actualmente, los migrantes representan
cerca del <negrita>15 % de la población</negrita> de ese país y garantizan
gran parte de su producción; por lo tanto, el rechazo a esta población
resulta en una compleja tensión.</p>
<practica>
<enlace
destino="/LoIdRedirect.aspx?LoId=CS_11_03_CO_Recurso290&amp;IdRecurso=RES-EF9B69C7BC6D40F6BC5AFBD57A1D990A"
>Conoce las acciones de los Estados Unidos, posteriores al 11 de septiembre</enlace>
</practica></seccion2Texto></seccion2><seccion2
id="S2_CS_11_03_CO_23C0B3C2EA5942B8932E26C65B98DB25">
<seccion2Titulo>Consolidación</seccion2Titulo>
<seccion2Texto>
<p>Actividades para consolidar lo que has aprendido en esta sección.</p>
<practica>
<enlace
destino="/LoIdRedirect.aspx?LoId=CS_11_03_CO_Recurso050&amp;IdRecurso=RES-FFD0FC26AB8D4F44977E870023E3F629"
>Refuerza tu aprendizaje: Los Estados Unidos en el siglo XXI</enlace>
</practica></seccion2Texto></seccion2></seccion1Texto></seccion1>
<seccion1 id="S1_CS_11_03_CO_23F2B50321644E4CA4E7E21295A78DC3">
<seccion1Titulo>La nueva izquierda latinoamericana</seccion1Titulo>
<seccion1Texto>
<p>Estados Unidos ha sido determinante en el destino político del
continente americano. Durante la Guerra Fría logró alinear a la mayoría
de los países latinoamericanos para enfrentar al comunismo. Desde
que cayó el bloque soviético, los motivos que tienen Estados Unidos
para ejercer su hegemonía son diferentes.</p>
<p>A raíz de la crisis de la deuda, ocurrida en los años ochenta y
noventa, Estados Unidos impulsó la aplicación de un paquete de medidas
económicas conocidas como el Consenso de Washington. Estas medidas
implicaron un mayor endeudamiento para los países de la región y,
en consecuencia, su empobrecimiento.</p>
<p>Los sectores más golpeados, entre ellos indígenas, campesinos agricultores
y trabajadores urbanos, iniciaron fuertes movimientos sociales. Así
mismo, surgieron figuras de tinte carismático que replantearon los
ideales de la izquierda, ya sin la sombra de la Unión Soviética.</p>
<p>Las políticas neoliberales golpearon el eje central de la organización
de la izquierda clásica latinoamericana: los sindicatos. Al flexibilizar
las políticas de empleo y de contratación, aumentó el desempleo y
la informalidad, así los sindicatos perdieron gran parte de su fuerza
y capacidad de convocatoria.</p>
<recuerda><recuerdaTexto>
<p>Se entiende por <negrita>izquierda</negrita> política en América
Latina, los movimientos o partidos políticos que tienen un pasado
históricamente cercano a ideas socialistas o comunistas o con organizaciones
populares de base y movimientos populistas. En esta medida entran
en oposición a tendencias y partidos políticos tradicionales en busca
de hacer la revolución o al menos impulsar profundas transformaciones
sociales, políticas y económicas.</p>
</recuerdaTexto></recuerda>
<p>Los <negrita>años noventa</negrita> significaron una <negrita>transformación</negrita
> importante de la izquierda latinoamericana: por una parte, se libró
de la tutela de Rusia, que ejercía como adalid de las ideas socialistas;
por otra, vivió el implante y difusión del neoliberalismo. Así surgió
en los años noventa una <negrita>nueva izquierda</negrita> alejada
de la ortodoxia marxista y más cercana a las realidades y modos de
pensar latinoamericanos.</p>
<imagen src="CS_11_03_CO_IMG02_small.jpg">
<p>Presidentes de Unasur en 2008. El siglo XXI significó un <negrita
>giro</negrita> a la izquierda en los gobiernos de buena parte de
los países suramericanos, que buscaron conformar un bloque para poder
asumir una <negrita>relación menos asimétrica</negrita> con EE. UU.
Luego de años de gestiones diplomáticas, en marzo de 2011 surgió oficialmente
Unasur, como un bloque político-económico de naciones suramericanas,
constituido para tener mayor autonomía e incidencia a nivel mundial.</p>
</imagen>
<p>Menos de 15 años después de implantadas las reformas neoliberales,
buena parte de los países latinoamericanos se encontró gobernada por
partidos pertenecientes a la <negrita>nueva izquierda</negrita>, que
surgieron como <negrita>respuesta</negrita> y en oposición al neoliberalismo
y sus políticas expresadas en el Consenso de Washington. Venezuela,
Ecuador, Brasil, Argentina, Chile, Bolivia, Uruguay, Nicaragua y Paraguay
y diversos movimientos populares en México y los Andes dan cuenta
de una nueva manera de hacer.</p>
<p>Comenzó a gestarse una <negrita>resistencia</negrita> desde la
izquierda, como consecuencia de los efectos negativos de los programas
de ajuste estructural promovidos por el FMI, el <negrita>descrédito</negrita
> de los <negrita>partidos tradicionales</negrita> y la implantación
de <negrita>tratados de libre comercio</negrita> en los años noventa,
que en la práctica significaron la ruina de buena parte del aparato
productivo industrial y agrícola, el aumento del endeudamiento externo
y de las desigualdades sociales y la pobreza.</p>
<p>La nueva izquierda se caracteriza por:</p>
<listaSinNumerar>
<listaElemento><negrita>Abandonar</negrita> tácticas e ideologías
clásicas de izquierda revolucionaria <negrita>marxista</negrita>.</listaElemento>
<listaElemento>Negociar con <negrita>partidos tradicionales</negrita
> la aplicación de <negrita>reformas</negrita>.</listaElemento>
<listaElemento>Aceptar la <negrita>pluralidad</negrita> de ideas.
No existe una doctrina uniforme y cada país ha construido su agenda
política ajustada a su propio contexto.</listaElemento>
<listaElemento>Asume una política exterior independiente y autónoma
del poder y los intereses de Estados Unidos, buscando constituir un
bloque económico y político con el que pueda negociar de manera más
favorable <negrita>nuevas condiciones</negrita> de inserción en el <negrita
>mercado</negrita> y la <negrita>política mundial</negrita>, sin caer
en una oposición radical abiertamente antinorteamericana.</listaElemento>
</listaSinNumerar>
<imagen src="CS_11_03_CO_IMG03_small.jpg">
<p>La ecología, el ambientalismo, la soberanía alimentaria y las economías
familiares forman parte de la agenda política de la nueva izquierda
latinoamericana. Iniciativas relacionadas con <negrita>agricultura
urbana</negrita> son alternativas valiosas para los habitantes de
las ciudades, en tanto contribuyen a la <negrita>soberanía alimentaria</negrita
>, al tiempo que les provee de alimentos frescos.</p>
</imagen>
<profundiza>
<enlace
destino="/LoIdRedirect.aspx?LoId=CS_11_03_CO_Recurso060&amp;IdRecurso=RES-72785E854AE44186A53706E465B7B353"
>La nueva izquierda latinoamericana</enlace>
</profundiza><seccion2
id="S2_CS_11_03_CO_FFE0D22126DC461FBF9B8FE62518DBF5">
<seccion2Titulo>La Revolución bolivariana en Venezuela</seccion2Titulo>
<seccion2Texto>
<p>El coronel <negrita>Hugo Chávez</negrita> hizo su aparición pública
en <negrita>1992</negrita>, en un fallido <negrita>golpe</negrita
> militar contra el gobierno de <negrita>Carlos Andrés Pérez</negrita
>, quien gobernaba bajo una profunda crisis política y social que
tuvo su punto máximo en 1989 con el “caracazo”, una gigantesca protesta
social contra las políticas de ajuste económico.</p>
<imagen src="CS_11_03_CO_IMG04_small.jpg">
<p>El apretón de manos entre el presidente venezolano Hugo Chávez
y su homólogo colombiano Álvaro Uribe, durante la visita oficial del
primero a Colombia en enero de 2009, fue uno de los pocos gestos de
distensión entre los dos políticos, que se acusaron mutuamente de
intentar romper la estabilidad en la zona.</p>
</imagen>
<p>Chávez fue detenido por dos años y durante ese tiempo convocó a
los venezolanos a derrotar la corrupción de los partidos tradicionales
y las políticas neoliberales. Basado en un discurso que evocó la figura
mítica de <negrita>Bolívar</negrita> y el carácter <negrita>antiimperialista</negrita
> de sus propuestas, rápidamente logró ganar simpatías entre la <negrita
>población excluida</negrita> de los beneficios de la bonanza petrolera,
pero que pagaba los costos del ajuste económico.</p>
<p>En <negrita>1999</negrita> Chávez asumió como <negrita>presidente</negrita
> de Venezuela al ganar las <negrita>elecciones</negrita> por amplia
mayoría y rápidamente inició una serie de reformas –comenzando por
una nueva Constitución Política– para dar cuerpo a lo que denominó <negrita
>“Socialismo bolivariano”</negrita>, diferente al modelo soviético,
en tanto que no suprimió el mercado, pero sí otorgó al Estado grandes
poderes para ejecutar programas en <negrita>contravía</negrita> de
los preceptos <negrita>neoliberales</negrita>.</p>
<table border="1"><caption>Algunos logros y problemas del Socialismo
bolivariano</caption><colgroup><col/><col/></colgroup>
<tbody>
<tr>
<td align="center"><negrita>Logros</negrita></td>
<td align="center"><negrita>Problemas</negrita></td>
</tr>
<tr>
<td>Disminución de índices de pobreza y analfabetismo.</td>
<td>Confrontaciones sin diálogo con una oposición vinculada a la clase
social media-alta.</td>
</tr>
<tr>
<td>Mejoramiento del sistema de salud público: médicos y subsidios
en medicamentos.</td>
<td>Medidas represivas en respuesta a problemas como inseguridad y
acaparamiento de bienes.</td>
</tr>
<tr>
<td>Aumento de empleo y del salario mínimo en proporciones antes no
vistas.</td>
<td>Asistencialismo y ayudas sin organización auténtica de las bases
sociales.</td>
</tr>
</tbody>
</table>
<p>Luego de un intento de <negrita>golpe de Estado</negrita> fallido
contra Chávez en abril del 2002, amparado en los grandes ingresos
petroleros, este impulsó mecanismos autónomos de cooperación internacional,
alianzas económicas y políticas, con los otros regímenes de izquierda
de Latinoamérica, con miras a contrarrestar la influencia de los EE.
UU. en el continente.</p>
<p>Un cáncer fulminante ocasionó la muerte a Hugo Chávez sin que alcanzara
a posesionarse para su cuarto periodo; en su nombre <negrita>Nicolás
Maduro</negrita> asumió la presidencia al salir victorioso en unas
nuevas elecciones, con la idea de continuar la Revolución bolivariana. </p>
<imagen src="CS_11_03_CO_IMG05_small.jpg">
<p>Entre el 2013 y 2015 la agudeza de la <negrita>confrontación</negrita
> política en Venezuela entre partidarios del régimen y opositores
ha sido tal, que no permite establecer con certeza y claridad quién
tiene la razón. Ambos bandos utilizan estrategias de desprestigio
al contrario, sin importar el perjuicio que se le causa a la nación.
El riesgo de una confrontación armada es latente y la dependencia
de los precios del petróleo hace más difícil la posición del gobierno.
En la imagen: protestas en Caracas, marzo de 2014.</p>
</imagen>
<practica>
<enlace
destino="/LoIdRedirect.aspx?LoId=CS_11_03_CO_Recurso300&amp;IdRecurso=RES-961D2F9F888E4559BA9EF1D0BD112E3C"
>Conoce el Proyecto Bolivariano de Hugo Chávez y Nicolás Maduro</enlace>
</practica></seccion2Texto></seccion2><seccion2
id="S2_CS_11_03_CO_0330FF2D59EE47758EAB0B28A0EE6FD5">
<seccion2Titulo>‘Lula’ da Silva, un obrero en la presidencia de Brasil</seccion2Titulo>
<seccion2Texto>
<p>Obrero metalúrgico, <negrita>sindicalista</negrita> y sin título
universitario, Luis Inácio ‘Lula’ da Silva ocupó la presidencia del
Brasil entre 2003 y 2010. Consiguió llevar al país a ser la <negrita
>séptima economía</negrita> más grande del mundo. Con su presidencia
se inició el ciclo de gobiernos del Partido de los Trabajadores (PT),
seguido por Dilma Rousseff.</p>
<imagen src="CS_11_03_CO_IMG06_small.jpg">
<p>El presidente ‘Lula’ da Silva camina en medio de la multitud asistente
al II Foro Social Mundial, en Porto Alegre. Se aprecian también las
banderas del PT (Partido de los Trabajadores), que llevó a ‘Lula’
al poder. Es un partido político fundado en 1980 por diferentes sindicatos
brasileños de orientación socialista.</p>
</imagen>
<p>‘Lula’ fue un opositor de las <negrita>dictaduras militares</negrita
> de los años sesenta y setenta en Brasil, por lo que fue encarcelado.
Inició su carrera en la izquierda política en el <negrita>Partido
de los Trabajadores</negrita>, criticando fuertemente la corrupción
y las políticas de ajuste neoliberal iniciadas con Fernando Collor
de Mello a  principios de los años noventa.</p>
<p>‘Lula’ adoptó una línea política y económica de <negrita>centroizquierda</negrita
>, sin llegar a plantear el socialismo como meta. Sin embargo, sí
consideró la política social como prioritaria en su gobierno, con
una serie de <negrita>reformas graduales</negrita>, nada radicales,
como el aplazamiento o disminución moderada del gasto público, el
fondo de lucha contra el hambre, la titulación de predios urbanos
en favelas a familias y programas de asistencia a los drogadictos.</p>
<p>El crecimiento económico de Brasil durante la primera década del
siglo XXI le garantizó a ‘Lula’ hacer elegir a su sucesora Dilma Rousseff,
quien ha tenido que enfrentar graves escándalos de corrupción que
le han mermado apoyo popular y por los cuales actualmente se encuentra
suspendida de su cargo.</p>
<destacado><destacadoTitulo>Principales hechos durante el mandato
de ‘Lula’ da Silva</destacadoTitulo><destacadoTexto>
<listaSinNumerar>
<listaElemento>Reducción drástica de la pobreza, la desnutrición y
la mortalidad infantil, así como disminución del desempleo en el país.</listaElemento>
<listaElemento>Aumento sin precedentes del salario mínimo: un 62 %
en cinco años.</listaElemento>
<listaElemento>Cobertura en educación, impulsando universidades públicas
y programas de becas.</listaElemento>
<listaElemento>Brasil lideró la creación de Unasur, como un modelo
de integración de las naciones suramericanas.</listaElemento>
<listaElemento>Deterioro dramático del medio ambiente, especialmente
la devastación de la Amazonia y las fuentes hídricas.</listaElemento>
</listaSinNumerar>
</destacadoTexto></destacado>
<imagen src="CS_11_03_CO_IMG07_small.jpg">
<p>Rouseff tuvo que afrontar graves problemas en la estatal petrolera
Petrobras, que tiene una deuda de 135 mil millones de dólares y pérdidas
en sus operaciones anuales de cerca de 7 mil millones de dólares,
que buena parte se deben a casos de corrupción. En la imagen: protestas
en Curitiba, marzo de 2015.</p>
</imagen>
<practica>
<enlace
destino="/LoIdRedirect.aspx?LoId=CS_11_03_CO_Recurso080&amp;IdRecurso=RES-F0B41A2BB9FC4BDE923BD674EE5BF51F"
>Conoce a Brasil como economía emergente</enlace>
</practica></seccion2Texto></seccion2><seccion2
id="S2_CS_11_03_CO_6C5FC3FC81014BC09074BF9FFB48D862">
<seccion2Titulo>El EZLN en México enfrenta a un gobierno de derecha</seccion2Titulo>
<seccion2Texto>
<p>El Ejército Zapatista de Liberación Nacional (EZLN) surgió a la
luz pública como una <negrita>guerrilla indígena</negrita> armada
el 1 de enero de <negrita>1994</negrita>, con la toma de San Cristóbal
de las Casas, capital del Estado mexicano de <negrita>Chiapas</negrita
>, el más pobre y olvidado del país. La toma armada de la ciudad significó
un duro golpe a la política nacional que celebraba ese día el inicio
formal del <negrita>Tratado de Libre Comercio de América del Norte</negrita
> (NAFTA o TLCAN), entre México, EE. UU. y Canadá.</p>
<recuerda><recuerdaTexto>
<p>Los tratados de libre comercio (<negrita>TLC</negrita>) fueron,
desde inicios de los años noventa, la estrategia que impulsó EE. UU
para globalizar las economías y expandir el capitalismo. Cada proceso
de negociación de estos tratados incluía la <negrita>imposición de
políticas económicas</negrita> a los países firmantes, para poder
acceder al mercado norteamericano libres de impuestos. Ello implicaba
desde desmontes de subsidios, baja de impuestos, cambios en la política
monetaria y laboral, hasta salvaguardas y garantías a las empresas,
productos y ciudadanos norteamericanos.</p>
</recuerdaTexto></recuerda>
<imagen src="CS_11_03_CO_IMG08_small.jpg">
<p>Hoy México es uno de los países más violentos del mundo. El Estado
se ha mostrado impotente para contener a los carteles de drogas, a
pesar de haber incorporado a las fuerzas armadas en el conflicto y
de contar con el apoyo norteamericano.</p>
</imagen>
<seccion3 id="S3_CS_11_03_CO_4F45D2ACCA6C498BA941DD14B2734A33">
<seccion3Titulo>El Partido Revolucionario Institucional (PRI)</seccion3Titulo>
<seccion3Texto>
<p>A finales del siglo XX, además del levantamiento zapatista, México
había enfrentado una crisis política y judicial provocada por el <negrita
>asesinato</negrita> del <negrita>candidato a la presidencia</negrita
> del PRI, <negrita>Luis Donaldo Colosio</negrita> (marzo 1994), que
a su vez se agravó por el asesinato del secretario general del PRI,
José Francisco Ruiz Massieu (septiembre 1994).</p>
<p>Semejante crisis llevó a que los partidos de oposición al PRI comenzaran
a ganar espacios. El proceso electoral de 1999 enfrentó a los candidatos
Francisco Labastida (PRI), Cuauhtémoc Cárdenas (Partido de la Revolución
Democrática, PRD) y <negrita>Vicente Fox</negrita> (Partido de Acción
Nacional, PAN). El triunfo de Vicente Fox en las elecciones presidenciales
(2 de julio de 2000) puso <negrita>fin</negrita> a 71 años de <negrita
>gobierno del PRI</negrita>. Inició un gobierno de <negrita>privatizaciones
e inversión extranjera</negrita>, a lo que se sumó una creciente inseguridad
ciudadana estimulada por el ascenso del narcotráfico, la crisis económica
y el desempleo.</p>
<imagen src="CS_11_03_CO_IMG09_small.jpg">
<p>Enrique Peña Nieto fue elegido presidente de México como candidato
del Partido Revolucionario Institucional (PRI) en 2012, recuperando
la presidencia que estaba en manos del Partido de Acción Nacional
(PAN). Peña Nieto ha tenido que enfrentar grandes escándalos de corrupción,
crímenes como los de los 43 estudiantes de la Escuela Normal de Ayotzinapa
en 2014 y la fuga del narcotraficante Chapo Guzmán en 2015.</p>
</imagen>
<p>El alcalde de la capital, Andrés Manuel López Obrador, del PRD,
aparecía como el más firme candidato para ganar las elecciones presidenciales
de 2006. No obstante, el vencedor fue el candidato del PAN, <negrita
>Felipe Calderón</negrita>, aunque con una ventaja muy reducida sobre
López Obrador.</p>
<p>En las elecciones presidenciales de julio de 2012, el candidato
del PRI, <negrita>Enrique Peña Nieto</negrita>, se impuso al candidato
de la izquierda, Andrés Manuel López Obrador. La izquierda acusó al
PRI de coacción y compra de votos, y solicitó la anulación de los
comicios. En agosto, el Tribunal Electoral rechazó la impugnación
de las elecciones y Peña Nieto fue declarado presidente electo de
México. Su victoria supuso el regreso del PRI al poder tras doce años
de gobiernos del PAN.</p>
</seccion3Texto></seccion3><seccion3
id="S3_CS_11_03_CO_0F5F15D1887B408BA6660DEBECF28BC4">
<seccion3Titulo>El Ejército Zapatista de Liberación Nacional (EZLN)</seccion3Titulo>
<seccion3Texto>
<p>Inspirado tanto en principios comunitarios y de gobierno originarios
de la tradición <negrita>indígena mesoamericana</negrita>, como en
los ideales del líder campesino de la <negrita>Revolución mexicana</negrita
> de inicios del siglo XX, <negrita>Emiliano Zapata</negrita>, el
EZLN también asumió ideas de izquierda como el marxismo y el socialismo
anarquista, logrando construir una propuesta política seductora y
radical, pero sobre todo profundamente latinoamericana.</p>
<imagen src="CS_11_03_CO_IMG10_small.jpg">
<p>Líderes y simpatizantes del EZLN en Tlaxcala en 2002. El EZLN reivindicó,
desde su fundación, la imagen y los ideales del líder agrario de la
Revolución mexicana Emiliano Zapata. Como en otros países latinoamericanos,
el problema agrario siguió latente con procesos intensos de concentración
de la tierra en pocas manos. De ahí que el lema de “La tierra para
el que la trabaja” siga vigente en nuestros días.</p>
</imagen>
<p>Aunque no ha llegado al poder en México, en buena parte porque <negrita
>desprecia</negrita> el sistema político de la <negrita>democracia
republicana</negrita> imperante, el EZLN se ha convertido en <negrita
>ejemplo</negrita> para muchos movimientos alternativos del país y
el mundo que buscan un mejor vivir, y su política de gestar pacientemente
cambios profundos ha recibido la atención de toda la sociedad mexicana.</p>
<destacado><destacadoTitulo>Ideas y propuestas del pensamiento zapatista</destacadoTitulo>
<destacadoTexto>
<listaSinNumerar>
<listaElemento>Anticapitalista y antineoliberal.</listaElemento>
<listaElemento>Defiende los derechos de los pueblos indígenas.</listaElemento>
<listaElemento>Su propósito es construir una democracia auténtica,
donde la autoridad reside efectivamente en los pueblos.</listaElemento>
<listaElemento>Denuncia el colonialismo como matriz de la dominación
económica y política que somete a Latinoamérica y convoca a la integración
de las luchas de resistencia. El EZLN asume así un alcance supranacional.</listaElemento>
</listaSinNumerar>
</destacadoTexto></destacado><practica>
<enlace
destino="/LoIdRedirect.aspx?LoId=CS_11_03_CO_Recurso100&amp;IdRecurso=RES-45313E8191BD40C68F3462B95A69E97D"
>Conoce aspectos de la democracia radical en México</enlace>
</practica></seccion3Texto></seccion3></seccion2Texto></seccion2>
<seccion2 id="S2_CS_11_03_CO_6C5FC3FC81014BC09074BF9FFB48E973">
<seccion2Titulo>Consolidación</seccion2Titulo>
<seccion2Texto>
<p>Actividades para consolidar lo que has aprendido en esta sección.</p>
<practica>
<enlace
destino="/LoIdRedirect.aspx?LoId=CS_11_03_CO_Recurso110&amp;IdRecurso=RES-B73F5517F04F496CA9EBE0C2E3573103"
>Refuerza tu aprendizaje: La nueva izquierda latinoamericana</enlace>
</practica></seccion2Texto></seccion2></seccion1Texto></seccion1>
<seccion1 id="S1_CS_11_03_CO_019F6A752F3D4E208AAE6960576B5E08">
<seccion1Titulo>El desencanto con la idea de desarrollo: el “buen
vivir”</seccion1Titulo>
<seccion1Texto>
<p>A finales del siglo XX tomó fuerza en América Latina una crítica
a la idea de <negrita>desarrollo</negrita>, bandera de la modernidad
occidental. Esta crítica reivindicaba un papel protagónico de los
saberes ancestrales propios de los pueblos indígenas. De aquí surge
la idea de “buen vivir” o “vivir bien”, que en <negrita>Ecuador</negrita
> remite a la expresión en quechua <negrita>“sumak kawsay”</negrita
> y en <negrita>Bolivia</negrita> a la expresión en aimara <negrita
>“suma qamaña”</negrita>.</p>
<imagen src="CS_11_03_CO_IMG11_small.jpg">
<p>La <negrita>crítica a la modernidad</negrita> trae implícita la
crítica a la industrialización y al sistema capitalista, con la premisa
de que el planeta está excesivamente industrializado, que los niveles
de sobreproducción son muy altos y que, sin embargo, hay una pobreza
excesiva. Para la tendencia del “buen vivir” el principal problema
es el modo de vida capitalista, que ocasiona efectos ambientales dañinos
para el planeta y para millones de personas excluidas de los beneficios
y las posibilidades de una vida mejor.</p>
</imagen>
<p>La constatación del <negrita>cambio climático</negrita> y el <negrita
>calentamiento global</negrita>, atribuidos a la emisión permanente
de <negrita>gases tóxicos</negrita> y desechos industriales al aire,
acrecentó las críticas al carácter <negrita>antiecológico</negrita
> del <negrita>sistema capitalista</negrita> y motivó el auge de movimientos
ambientalistas en todo el planeta.</p>
<seccion2 id="S2_CS_11_03_CO_E785A6DE5DEA4A1C8AB929D6469B37B8">
<seccion2Titulo>La idea de desarrollo</seccion2Titulo>
<seccion2Texto>
<p>La idea de desarrollo surgió a final de la <negrita>Segunda Guerra
Mundial</negrita>, a partir del discurso del presidente norteamericano <negrita
>Harry Truman</negrita>, quien en 1949 señaló que los países pobres
del mundo eran <negrita>“subdesarrollados”</negrita> en comparación
con las naciones ricas, a la cabeza de las cuales estaba Estados Unidos.
A partir de entonces, se esperó que todos los países del mundo marcharan
por el mismo camino, en la misma dirección: el “desarrollo”, solo
que unos lo hacen despacio y otros van más rápido.</p>
<p>A partir de esta idea de desarrollo, se entendió que <negrita>América
Latina</negrita> y las demás regiones “subdesarrolladas” del mundo
debían seguir una serie de políticas e indicadores para alcanzar la
condición de desarrollados; de este modo el desarrollo es una condición
que se mide con criterios de carácter económico.</p>
<destacado><destacadoTitulo>Políticas e indicadores del desarrollo</destacadoTitulo>
<destacadoTexto>
<listaSinNumerar>
<listaElemento>Priorizar el aumento de la productividad y el crecimiento
del PIB.</listaElemento>
<listaElemento>Estimular el aumento del consumo generalizado.</listaElemento>
<listaElemento>Aumentar la explotación de los recursos naturales de
manera eficiente.</listaElemento>
<listaElemento>Aplicación de rígidas políticas de restricción monetaria.</listaElemento>
<listaElemento>Urbanización acelerada.</listaElemento>
<listaElemento>Reemplazar la agricultura campesina por extensos monocultivos
agroindustriales.</listaElemento>
<listaElemento>Aplicar todo tipo de insumos químicos para aumentar
la productividad de los cultivos, sin importar los efectos sobre la
salud humana o la fertilidad de las tierras.</listaElemento>
<listaElemento>Promover grandes construcciones de infraestructura
y obras civiles, como autopistas, puentes, edificios, inmensas fábricas
en función del flujo incesante y masivo de mercancías.</listaElemento>
<listaElemento>Aplicación de todo tipo de tecnologías en diferentes
áreas, pero especialmente en la vida cotidiana de los ciudadanos.</listaElemento>
</listaSinNumerar>
</destacadoTexto></destacado>
<p>La fórmula para lograr que los países del mundo adoptaran este
enfoque fue una amplia oferta de <negrita>créditos</negrita> a los
países catalogados como <negrita>“subdesarrollados”</negrita>. Estos
créditos se canalizaron a través de organismos multilaterales: para
ello se crearon el <negrita>Fondo Monetario Internacional</negrita
> (FMI), el <negrita>Banco Mundial</negrita> (BM), el <negrita>Banco
Interamericano de Desarrollo</negrita> (BID) y la <negrita>FAO</negrita
> (Organismo de las Naciones Unidas para la Agricultura), entre otros
muchos.</p>
<p>En América Latina, como en otros continentes, la mayoría de países
pretendió seguir ese recorrido de progreso lineal, pero muy pocos
lo lograron. Uno de los efectos de este intento ha sido el crecimiento
de la <negrita>deuda externa</negrita> y la obligatoriedad destinana
buena parte del <negrita>Producto Interno Bruto</negrita> para pagarla.</p>
</seccion2Texto></seccion2><seccion2
id="S2_CS_11_03_CO_555D472F4C5E4ADE8EA45C896C7EE339">
<seccion2Titulo>El “buen vivir”</seccion2Titulo>
<seccion2Texto>
<p>Desde la segunda mitad del siglo XX en América Latina comenzaron
a oírse voces que ponían en <negrita>tela de juicio</negrita> los
preceptos del <negrita>desarrollo</negrita>. A inicios del siglo XXI
aparecieron con fuerza corrientes críticas del desarrollo, que planteaban
alternativas sobre la base de una revisión extensa de sus <negrita
>efectos</negrita> sobre el <negrita>medio ambiente</negrita> y las
personas.</p>
<recuerda><recuerdaTexto>
<p>El <negrita>“buen vivir”</negrita> surge del pensamiento <negrita
>ancestral andino</negrita>, de investigaciones académicas y de las
prácticas de movimientos sociales a lo largo del continente. Recupera
saberes y sensibilidades propias del mundo <negrita>indígena</negrita
> y por ello otorga especial valor a la <negrita>relación</negrita
> con la <negrita>naturaleza</negrita>.</p>
</recuerdaTexto></recuerda>
<p>Hay un fuerte contraste entre las ideas del <negrita>desarrollo</negrita
> y del <negrita>buen vivir</negrita> en diferentes aspectos:</p>
<table border="1"><colgroup><col/><col/><col/></colgroup>
<tbody>
<tr>
<td align="center"></td>
<td align="center"><negrita>Desarrollo</negrita></td>
<td align="center"><negrita>Buen vivir</negrita></td>
</tr>
<tr>
<td>Saberes</td>
<td>Científicos</td>
<td>Prácticos y espirituales</td>
</tr>
<tr>
<td>Forma de pensar</td>
<td>Racionalismo</td>
<td>Holismo</td>
</tr>
<tr>
<td>Valores</td>
<td>Bienes y dinero</td>
<td>Conocimientos y principios éticos</td>
</tr>
<tr>
<td>Idea de persona</td>
<td>Consumidor, cliente</td>
<td>En armonía con su entorno</td>
</tr>
<tr>
<td>Idea de naturaleza</td>
<td>Para ser explotada en beneficio del ser humano </td>
<td>Para ser conservada y recuperada</td>
</tr>
</tbody>
</table>
<p>La constatación de la imposibilidad de cumplir la promesa del desarrollo
y el progreso ilimitados radica en que el planeta Tierra no tiene
la capacidad de producción, absorción y resiliencia para que toda
su población llegue a los niveles de consumo de los “países desarrollados”.
Por ello surgió un nuevo paradigma que promueve la calidad de vida
con valores distintos y basados en la conservación del equilibrio
ambiental.</p>
<p>El pensamiento indígena fue decisivo en la constitución de este
nuevo <negrita>paradigma</negrita>: la idea de desarrollo es vista
como una imposición cultural de Occidente (Europa y EE. UU.) para
continuar la explotación de los pueblos sometidos en beneficio exclusivo
de Occidente.</p>
<imagen src="CS_11_03_CO_IMG12_small.jpg">
<p>La agricultura inca aprovechaba los suelos por medio de terrazas,
sin destruir las laderas de las montañas. Hoy se retoma este tipo
de agricultura en terrazas circulares, en Moray (Perú), como una muestra
del “buen vivir” tradicional.</p>
</imagen>
<destacado><destacadoTitulo>Características del “buen vivir”</destacadoTitulo>
<destacadoTexto>
<listaSinNumerar>
<listaElemento>Representa una alternativa al desarrollo.</listaElemento>
<listaElemento>Implica un cuestionamiento profundo a la modernidad
y en especial a la fe en el progreso material.</listaElemento>
<listaElemento>Prioriza el bienestar de las personas en un sentido
amplio, más allá de su capacidad de consumo, del ser rico o pobre.
Incluye aspectos culturales, afectivos y espirituales.</listaElemento>
<listaElemento>No se concibe vivir mejor a costa de otras personas,
del sufrimiento o la explotación de otros.</listaElemento>
<listaElemento>Está contextualizado, en sintonía con cada pueblo,
con su historia, sus condiciones y su contexto.</listaElemento>
<listaElemento>Retoma la idea de “reciprocidad” como eje de las relaciones
entre las personas y con la naturaleza. Esta idea está arraigada en
la cultura andina desde los incas.</listaElemento>
<listaElemento>Promulga la descolonización del pensamiento, de los
saberes, así como la búsqueda de otra ética para reconocer y asignar
valores.</listaElemento>
</listaSinNumerar>
</destacadoTexto></destacado>
<imagen src="CS_11_03_CO_IMG13_small.jpg">
<p>A juicio de los ambientalistas, la minería a cielo abierto se constituye
en uno de los mayores atentados contra la naturaleza y las posibilidades
de vida de las personas. Según los desarrollistas, la minería se constituye
en motor del desarrollo. En la imagen: minas de cinc y plomo en Cerro
de Pasco, Perú.</p>
</imagen>
<practica>
<enlace
destino="/LoIdRedirect.aspx?LoId=CS_11_03_CO_Recurso130&amp;IdRecurso=RES-53CA572626D84EFDB3870FC996A1AD4A"
>La idea de desarrollo y la opción del “buen vivir” en Ecuador y Bolivia</enlace>
</practica></seccion2Texto></seccion2><seccion2
id="S2_CS_11_03_CO_828F006DBED74F2CBA68BBC9BFAEE971">
<seccion2Titulo>Rafael Correa y la “Revolución Ciudadana” en Ecuador</seccion2Titulo>
<seccion2Texto>
<p>Durante buena parte de su historia republicana, Ecuador se caracterizó
por ser un <negrita>país rural</negrita>, con una economía reducida,
dependiente de las exportaciones de <negrita>monocultivos</negrita
> agrícolas, poco moderno y escasamente industrializado. El final
del siglo XX y los inicios del siglo XXI dejaron una fuerte <negrita
>inestabilidad económica y política</negrita>, lo que causó protestas
sociales contra las políticas de ajuste neoliberales que se realizaron
en medio de escándalos de corrupción.</p>
<imagen src="CS_11_03_CO_IMG14_small.jpg">
<p>Rafael Correa lidera en Ecuador la “Revolución Ciudadana”. Un programa
de gobierno encaminado a revertir el modelo económico que había privilegiado
a las empresas multinacionales con la otorgación de derechos y facilidades
tributarias para explotar los recursos naturales. Negocios de agroindustria,
minería e hidrocarburos han pasado al sector estatal o han renegociado
sus términos de concesión.</p>
</imagen>
<p>En el <negrita>2007</negrita>, Rafael Correa asumió la presidencia
y rápidamente entró en sintonía con los gobiernos de izquierda de
la región, prometiendo inclusión social, progreso, control al ingreso
de las transnacionales y contra la corrupción. Este proyecto se inspira
en ideales <negrita>nacionalistas</negrita> y liberales.</p>
<p>En la nueva <negrita>Constitución Política de 2008</negrita>, el
movimiento del presidente Correa “Alianza País” impulsó una nueva
estructura del Estado, con más instituciones de defensa de los derechos
ciudadanos, vigilancia a la función pública y más capacidad para intervenir
y regular la economía.</p>
<recuerda><recuerdaTexto>
<p>La mayor novedad del movimiento de Correa reside en la incorporación
del concepto de <negrita>“buen vivir”</negrita> en reemplazo de la
idea de “desarrollo”. Este cambio tiene un significado profundo, pues
implica abandonar los principios y preceptos característicos del modelo
neoliberal y, en general, de las ideas desarrollistas.</p>
</recuerdaTexto></recuerda>
<table border="1"><caption>Algunos logros y problemas de la “Revolución
Ciudadana” en Ecuador</caption><colgroup><col/><col/></colgroup>
<tbody>
<tr>
<td align="center"><negrita>Logros</negrita></td>
<td align="center"><negrita>Problemas</negrita></td>
</tr>
<tr>
<td>Incorporación del concepto “buen vivir”.</td>
<td></td>
</tr>
<tr>
<td>Estabilidad política a un país en crisis desde 1997.</td>
<td>Oposición de las clases altas, si bien en menor proporción que
en Venezuela, dado que también se han favorecido por la estabilidad
económica y política.</td>
</tr>
<tr>
<td>Inversión estatal en sectores estratégicos.</td>
<td rowspan="2">Dificultades con movimientos indígenas, por falta
de acuerdo en manejo de tierras: redistribución y explotación de recursos.</td>
</tr>
<tr>
<td>Modernización de vías de comunicación y transporte fluvial, terrestre
y aéreo.</td>
</tr>
<tr>
<td>Amplio mejoramiento en calidad de vida: cobertura en educación,
disminución de índices de pobreza, cobertura en servicios públicos
y sanitarios.</td>
<td></td>
</tr>
</tbody>
</table>
<imagen src="CS_11_03_CO_IMG15_small.jpg">
<p>Los avances en la sociedad ecuatoriana se han visto golpeados por
un <negrita>terremoto</negrita> que devastó parte de las ciudades
costeras. El desafío para Rafael Correa será recuperarlas, lo que
implica poner en marcha grandes planes de inversión y, probablemente,
de endeudamiento.</p>
</imagen>
<practica>
<enlace
destino="/LoIdRedirect.aspx?LoId=CS_11_03_CO_Recurso150&amp;IdRecurso=RES-8C14F94DF8C04002B42A32AEC1AB955D"
>Conoce políticas de gobierno de Evo Morales y de Rafael Correa</enlace>
</practica></seccion2Texto></seccion2><seccion2
id="S2_CS_11_03_CO_2B1090F5C4DC46DB893E40444E63BC6E">
<seccion2Titulo>Consolidación</seccion2Titulo>
<seccion2Texto>
<p>Actividades para consolidar lo que has aprendido en esta sección.</p>
<practica>
<enlace
destino="/LoIdRedirect.aspx?LoId=CS_11_03_CO_Recurso160&amp;IdRecurso=RES-E45DA7AE38B6469491F67F21A86B8AB8"
>Refuerza tu aprendizaje: El desencanto con la idea de desarrollo:
el buen vivir</enlace>
</practica></seccion2Texto></seccion2></seccion1Texto></seccion1>
<seccion1 id="S1_CS_11_03_CO_3536DBA5F0324582A1FA185CCC73213D">
<seccion1Titulo>Los gobiernos de centro-izquierda</seccion1Titulo>
<seccion1Texto>
<p>Algunos países de América Latina han optado por modelos de izquierda
moderada. Es el caso de <negrita>Argentina</negrita>, <negrita>Chile</negrita
>, <negrita>Uruguay</negrita>, <negrita>Paraguay</negrita> y <negrita
>Nicaragua</negrita>. Se caracterizan por estar en contra de las políticas
neoliberales, promover algunas reformas sociales y económicas; sin
embargo, mantienen un modelo económico capitalista (<negrita>propiedad
privada</negrita>, negociación con <negrita>multinacionales</negrita
>). Por tal motivo, se los denomina como gobiernos de centro-izquierda.</p>
<profundiza>
<enlace
destino="/LoIdRedirect.aspx?LoId=CS_11_03_CO_Recurso310&amp;IdRecurso=RES-62523CF8861041F89E7B6603DD5B4AE2"
>Gobiernos de centro-izquierda en América Latina</enlace>
</profundiza><seccion2
id="S2_CS_11_03_CO_77CF900E5E124114B9E9B29140A5305F">
<seccion2Titulo>Argentina, de la crisis del “corralito” a las políticas
de centro-izquierda</seccion2Titulo>
<seccion2Texto>
<p>Argentina ha padecido periodos de profundas crisis económicas desde
los años ochenta hasta la primera década del siglo XXI, acompañadas
por crisis sociales y políticas. A principios del siglo XXI (1999-2002)
fue una situación particularmente aguda: una economía hecha trizas
generó una <negrita>crisis institucional</negrita> y la sucesión de <negrita
>cuatro presidentes</negrita> en un término de dos meses.</p>
<imagen src="CS_11_03_CO_IMG16_small.jpg">
<p>Carlos Menem, presidente argentino entre 1989 y 1999, asumió un
país con inflación desbordada; para controlarla aplicó juiciosamente
los programas de ajuste: privatización masiva de empresas estatales,
reducción de aranceles a importaciones, libertad de precios, aumentó
el IVA y estableció una convertibilidad 1 a 1 del peso con el dólar.
Estas medidas condujeron a la profunda crisis del 2001.  En la imagen:
Carlos Saúl Menem, a la derecha, junto a su sucesor Fernando de la
Rúa.</p>
</imagen>
<destacado><destacadoTitulo>Causas de la crisis económica argentina
1999-2002</destacadoTitulo><destacadoTexto>
<listaSinNumerar>
<listaElemento>La caída del PIB.</listaElemento>
<listaElemento>El desempleo desbordado, en todas las áreas.</listaElemento>
<listaElemento>La escasez de alimentos, por la caída de la producción
nacional, debido a los altos precios de insumos y de costos de producción.</listaElemento>
<listaElemento>El aparato productivo casi paralizado, por la baja
en las ventas al consumidor (porque la gente queda desempleada y no
tiene con qué comprar) hace que la producción se frene, ya que hay
inventarios sin vender.</listaElemento>
<listaElemento>La corrupción generalizada.</listaElemento>
<listaElemento>El sistema bancario colapsado, debido al crecimiento
de créditos sin garantía y el posterior incremento de la cartera morosa.
Los deudores no pudieron cumplir con sus obligaciones, al tiempo que
los ahorradores exigían sus ahorros. Los bancos no tenían como responder.</listaElemento>
<listaElemento>Desde inicios de la década de los años noventa, Domingo
Cavallo, ministro de Economía, decretó la paridad del cambio de la
moneda local con el dólar (1 a 1), pero la realidad económica del
país era otra: la moneda argentina no valía lo mismo. Esta medida
buscaba frenar la inflación, que había alcanzado niveles increíbles
de más del 2000% anual, consistía en atar el valor del peso al dólar.
Sin embargo, la combinación de factores arriba descritos, hizo que
la economía argentina no pudiera sostener ese cambio.</listaElemento>
</listaSinNumerar>
</destacadoTexto></destacado>
<p>Ante la crisis económica y el descontento social existentes, en
el 2001 el gobierno de decidió aplicar una medida conocida como <negrita
>el “corralito”</negrita>, que <negrita>limitó</negrita> el uso del <negrita
>dinero</negrita> que los argentinos tenían en los <negrita>bancos</negrita
>. La restricción afectó a la clase media y la furia popular llevó
a la renuncia del presidente sucesor de Menem, Fernando de la Rúa,
a quien le siguió <negrita>Fernando Duhalde</negrita>.</p>
<p>Duhalde convirtió las deudas en dólares a pesos a razón de 1,40
pesos por dólar, pero las consecuencias de este conjunto de medidas
fueron el empobrecimiento de buena parte de la población, el aumento
del desempleo y la devaluación (el dólar triplicó su precio en las
primeras semanas).</p>
<imagen src="CS_11_03_CO_IMG17_small.jpg">
<p>El “corralito” generó una reacción descomunal de la población en
contra del gobierno y de los bancos. Las consecuencias de esta situación
de crisis económica y política, fue un nuevo estallido social de grandes
proporciones. El “corralito” restringió la liquidez monetaria y ahogó
la economía al romper la cadena de pagos, lo que le dio un golpe de
gracia a la economía informal, que depende de ese movimiento de dinero
para subsistir.</p>
</imagen>
<recuerda><recuerdaTexto>
<p>La sucesión de presidentes luego del <negrita>“corralito”</negrita
> financiero fue así:</p>
<listaSinNumerar>
<listaElemento>Fernando de la Rúa (10 dic 1999-21 dic 2001): impuso
la convertibilidad peso-dólar, creó el “corralito”.</listaElemento>
<listaElemento>Federico Ramón Puerta (21-23 dic 2001): presidente
provisional.</listaElemento>
<listaElemento>Alfonso Rodríguez Saá (23-30 dic 2001): declara la
cesación de pagos de la deuda pública, pero no abandona la convertibilidad.</listaElemento>
<listaElemento>Eduardo Camaño (30 dic 2001-2 ene 2002).</listaElemento>
<listaElemento>Eduardo Duhalde (2 ene 2002-25 mayo 2003) promulga
la Ley de Emergencia Pública y Reforma del Régimen Cambiario, que
deroga la convertibilidad.</listaElemento>
</listaSinNumerar>
</recuerdaTexto></recuerda>
<p>El inicio del siglo XXI no era halagüeño para la economía argentina.
Se requería un viraje en la política económica que pusiera su atención
en las necesidades e intereses de la población empobrecida, resurgió
la <negrita>izquierda peronista</negrita>, representada en el 2003
por <negrita>Néstor Kirchner</negrita>.</p>
<recuerda><recuerdaTexto>
<p>El <negrita>peronismo</negrita> en el que se inspiró Néstor Kirchner,
se caracterizó por ser una corriente populista latinoamericana, basada
en una comunicación política cercana a las capas populares urbanas
y un proyecto político nacionalista, que defendió los derechos de
los trabajadores y los sectores sociales empobrecidos, pero al tiempo,
promulgó leyes favorables a los intereses de la burguesía nacional.</p>
</recuerdaTexto></recuerda>
<p>Néstor <negrita>Kirchner</negrita> y su esposa Cristina Fernández
guiaron el gobierno argentino en la última década, hasta el año 2015.
Los esposos Kirchner impulsaron medidas contrarias al modelo neoliberal,
como la <negrita>nacionalización</negrita> de <negrita>empresas</negrita
>, la <negrita>oposición</negrita> a las áreas de <negrita>libre comercio</negrita
> y la <negrita>cesación</negrita> de pagos de la <negrita>deuda externa</negrita
>. No obstante, durante sus mandatos se registraron actos de corrupción
y enriquecimiento que provocaron el nuevo ascenso de la derecha, con <negrita
>Mauricio Macri</negrita>.</p>
<imagen src="CS_11_03_CO_IMG18_small.jpg">
<p>Néstor Kirchner asumió la presidencia de Argentina en 2003, en
representación del peronismo. Como parte de su programa de gobierno,
promovió la devaluación de la moneda, controló la subida de los precios
(inflación) y se concentró en el objetivo de pagar la deuda externa.
Se declaró abiertamente antineoliberal y contrario a la política norteamericana
de un área de libre comercio continental. Estimuló la integración
del Mercosur y se opuso a la firma de tratados de libre comercio.</p>
</imagen>
</seccion2Texto></seccion2><seccion2
id="S2_CS_11_03_CO_386B2D60C84B4636BA1DB2417F7F2902">
<seccion2Titulo>Uruguay sorprende al mundo</seccion2Titulo>
<seccion2Texto>
<p>La República Oriental del Uruguay estuvo a comienzos del siglo
XXI gobernada por el partido <negrita>Frente Amplio</negrita>, una
organización política de izquierda que se define como “antioligárquica
y antiimperialista”, y cuyos militantes provienen de sectores sindicales
e intelectuales. Dos hombres han estado a cargo el gobierno en la
última década: el médico oncólogo <negrita>Tabaré Vázquez</negrita
> (2005-2010 y 2015-2020) y el sindicalista <negrita>José ‘Pepe’ Mujica</negrita
> (2010-2015).</p>
<p>El <negrita>balance</negrita> de los dos primeros periodos de gobierno
del Frente Amplio es contradictorio, en términos <negrita>macroeconómicos</negrita
> es <negrita>satisfactorio</negrita>, al igual que en la imagen internacional
del país, pero en lo interno se observan diferentes críticas.</p>
<p>En lo económico, el país obtuvo un<negrita> crecimiento sostenido</negrita
> por encima del promedio de la región, basado en los buenos precios
de los productos agrícolas. Pero los críticos del gobierno desaprueban
la política de <negrita>rebajas tributarias</negrita> a las <negrita
>empresas extranjeras</negrita> que se instalen en el país; esta política
ha sido impulsada para mantener controlado el <negrita>desempleo</negrita
>, que es de los <negrita>más bajos del continente</negrita>.</p>
<imagen src="CS_11_03_CO_IMG19_small.jpg">
<p>La popularidad del expresidente ‘Pepe’ Mujica fuera de su país
es innegable; su estilo humilde y sus políticas progresistas le han
ganado el respeto de amplios sectores políticos en el mundo. Se hizo
conocer como el <negrita>presidente más pobre</negrita> del mundo,
por su estilo de vida austero y porque no dejó de manejar su viejo
carro particular, además siempre se presentó en público al margen
de los rígidos protocolos tradicionales.</p>
</imagen>
<imagen src="CS_11_03_CO_IMG20_small.jpg">
<p>Aunque Mujica hizo que su país fuera el primero en el mundo en <negrita
>legalizar el uso de la marihuana</negrita>, aprobara una polémica
ley de despenalización del <negrita>aborto</negrita> y el <negrita
>matrimonio</negrita> entre personas del <negrita>mismo sexo</negrita
>, lo cual se consideran medidas bastante progresistas, no pudo evitar
que crecieran problemas como la inseguridad, el déficit fiscal y la
inflación. Hoy en día, Uruguay es uno de los países más costosos de
Suramérica. Esto se convierte en el principal reto de Tabaré Vázquez
en su segundo mandato.</p>
</imagen>
<profundiza>
<enlace
destino="/LoIdRedirect.aspx?LoId=CS_11_03_CO_Recurso190&amp;IdRecurso=RES-0BC507B6BE374E638B78101C9BE53525"
>Reconoce aspectos destacados de los gobiernos de centro-izquierda
en América Latina</enlace>
</profundiza></seccion2Texto></seccion2><seccion2
id="S2_CS_11_03_CO_6DC243CAE5A04C63BFC7B56906EB8E5B">
<seccion2Titulo>En Paraguay hace frente al poder tradicional</seccion2Titulo>
<seccion2Texto>
<p>Paraguay vivió una corta <negrita>primavera progresista</negrita
> (2008-2012) bajo el gobierno del exobispo <negrita>Fernando Lugo</negrita
>. Su triunfo fue toda una hazaña para vencer en un país que ha sido
gobernado por un solo partido político (el Colorado).</p>
<imagen src="CS_11_03_CO_IMG21_small.jpg">
<p>El 22 de junio del 2012 el Congreso de la República, en un juicio
relámpago, destituyó a Fernando Lugo del cargo de presidente. Para
ello, se aprovechó un extraño incidente en el que l fallecieron 11
campesinos y 6 policías durante una supuesta toma de tierras, ante
lo cual el Congreso acusó al presidente por “mal desempeño en sus
funciones”. El poder volvió al partido Colorado; no obstante, Lugo
fue luego electo senador hasta el 2018.</p>
</imagen>
<p>Los comienzos del siglo XXI fueron años difíciles para el país:
sucesivas crisis económicas y políticas, una joven y frágil democracia
(surgida tras la dictadura de <negrita>Alfredo Strossner</negrita
> que gobernó entre 1954 y 1989), instituciones acostumbradas a manejos
unipersonales y pugnas internas en la cúpula política, de las que
no escaparon los militares, sintetizaban un periodo agitado.</p>
<p>En ese contexto, Lugo salió electo como presidente del país. De
familia humilde, Lugo había sido perseguido y exiliado durante la
dictadura de Strossner. En 2008 obtuvo <negrita>permiso papal</negrita
> para dejar el compromiso religioso y asumir la presidencia de su
país al frente de una agrupación política que recogió los reclamos
de los campesinos sin tierra y los sindicatos urbanos.</p>
<imagen src="CS_11_03_CO_IMG22_small.jpg">
<p>El gobierno de Lugo fue conservador en lo económico y liberal en
lo político y social. Mantuvo las medidas económicas de sus antecesores,
acrecentó la deuda externa pero en proporciones responsables, mantuvo
la devaluación de la moneda para darle competitividad a las exportaciones,
pero no modernizó el aparato productivo y <negrita>defendió la industria
nacional</negrita>. Hizo una política de defensa de los derechos humanos
y ampliación de los derechos económicos y sociales, sobre la base
de mejores ingresos fiscales originados en una renegociación de la
venta de energía eléctrica a Brasil.</p>
</imagen>
<p>Lugo, tras ser sometido a un juicio político fue destituido por
el Senado y sustituido por Federico Franco, del Partido Liberal Radical
Auténtico (PLRA). El procedimiento empleado para la destitución de
Lugo suscitó las críticas de la mayoría de los países latinoamericanos
y supuso la suspensión temporal de Paraguay de Mercosur y Unasur.
En abril de 2013, el Partido Colorado recuperó el poder con la victoria
de su candidato, Horacio Cartes, en las elecciones presidenciales.</p>
</seccion2Texto></seccion2><seccion2
id="S2_CS_11_03_CO_B0433849E2B443289D8475D643484C7B">
<seccion2Titulo>Consolidación</seccion2Titulo>
<seccion2Texto>
<p>Actividades para consolidar lo que has aprendido en esta sección.</p>
<practica>
<enlace
destino="/LoIdRedirect.aspx?LoId=CS_11_03_CO_Recurso220&amp;IdRecurso=RES-AE8CADD7FD16433E9C499D416E23DF6B"
>Refuerza tu aprendizaje: Los gobiernos de centro-izquierda</enlace>
</practica></seccion2Texto></seccion2></seccion1Texto></seccion1>
<seccion1 id="S1_CS_11_03_CO_237C7539ED3341DF8F27C46316516BBE">
<seccion1Titulo>Competencias</seccion1Titulo>
<seccion1Texto>
<p>Pon a prueba tus capacidades y aplica lo aprendido con estos recursos.</p>
<practica>
<enlace
destino="/LoIdRedirect.aspx?LoId=CS_11_03_CO_Recurso230&amp;IdRecurso=RES-9B0ADC53C37C4478B0B4E223C8E5A735"
>Competencias: estudio de los organismos de integración de América
Latina</enlace>
<enlace
destino="/LoIdRedirect.aspx?LoId=CS_11_03_CO_Recurso240&amp;IdRecurso=RES-1B67AF0FED7D4BEB83A2C429F2423DA2"
>Proyecto : los efectos de la apertura económica en América Latina</enlace><?Pub
Caret -3?>
</practica></seccion1Texto></seccion1><masinformacion
id="MI_CS_11_03_CO_89BA98D867FC4E9F84B08EB59ADC9F20"><mapaconceptual>
<enlace
destino="/LoIdRedirect.aspx?LoId=CS_11_03_CO_Recurso260&amp;IdRecurso=RES-8A5B779495A1448E8B69E098690C8A40"
>Mapa conceptual del tema América Latina en el siglo XXI</enlace>
</mapaconceptual><autoevaluate><enlace
destino="/LoIdRedirect.aspx?LoId=CS_11_03_CO_Recurso270&amp;IdRecurso=RES-9A0EEA5D008546A6AA418105EF35174E"
>Evalúa tus conocimientos sobre el tema América Latina en el siglo
XXI</enlace></autoevaluate><enlacesreferencia>
<enlace
destino="http://www.cepal.org/es/publicaciones/37626-panorama-social-de-america-latina-2014"
>Página de la Comisión Económica para América Latina y el Caribe.</enlace>
<enlace
destino="http://www.latinamerica.undp.org/content/rblac/es/home.html"
>Página de la Organización de las Naciones Unidas sobre América Latina
y el Caribe.</enlace>
</enlacesreferencia></masinformacion></libro>
