﻿<?xml version="1.0" encoding="utf-8"?>
<motor tipo="101" clase="a" aprid="M101a">
  <plataforma>
    <grado><![CDATA[2]]></grado>
    <titulo>Refuerza tu aprendizaje: El relieve</titulo>
    <area>2</area>
    <nivel>2</nivel>
    <referencia><![CDATA[CS_07_02]]></referencia>
    <idreg><![CDATA[2474]]></idreg>
    <motor><![CDATA[M101A]]></motor>
    <lang>es</lang>
  </plataforma>
  <enunciado><![CDATA[Realiza la siguiente actividad. Cuando termines haz clic en Enviar. Si es necesario, entrega las respuestas por escrito o por email a tu profesor para que pueda evaluarlas.]]></enunciado>
  <masinfo inicio="0" />
  <calc><![CDATA[0]]></calc>
  <preguntas cantidad="7">
    <pregunta>
      <enunciado><![CDATA[Elabora una tabla explicativa de los agentes internos y externos que transforman el relieve; incluye ejemplos significativos. ]]></enunciado>
      <explicacion />
      <nivel><![CDATA[2]]></nivel>
      <tipo><![CDATA[L]]></tipo>
      <imagen />
      <ampliacion />
      <texto />
    </pregunta>
    <pregunta>
      <enunciado><![CDATA[Explica en qué consiste el agente modelador del relieve cuyo efecto se ilustra en la imagen.]]></enunciado>
      <explicacion />
      <nivel><![CDATA[2]]></nivel>
      <tipo><![CDATA[L]]></tipo>
      <imagen><![CDATA[EX_CS_07_02_T1_img1_286X286.jpg]]></imagen>
      <ampliacion><![CDATA[EX_CS_07_02_T1_img1_500X500.jpg]]></ampliacion>
      <texto />
    </pregunta>
    <pregunta>
      <enunciado><![CDATA[Menciona tres ejemplos recientes de modificaciones del relieve debido a agentes internos y cita sus principales consecuencias. ]]></enunciado>
      <explicacion />
      <nivel><![CDATA[2]]></nivel>
      <tipo><![CDATA[L]]></tipo>
      <imagen />
      <ampliacion />
      <texto />
    </pregunta>
    <pregunta>
      <enunciado><![CDATA[Escribe una lista con diez formas de relieve y menciona un ejemplo de nuestro territorio para cada una de ellas. ]]></enunciado>
      <explicacion />
      <nivel><![CDATA[2]]></nivel>
      <tipo><![CDATA[L]]></tipo>
      <imagen />
      <ampliacion />
      <texto />
    </pregunta>
    <pregunta>
      <enunciado><![CDATA[Explica los agentes internos y externos que modifican el relieve de nuestro territorio y presenta ejemplos de cada uno.]]></enunciado>
      <explicacion />
      <nivel><![CDATA[3]]></nivel>
      <tipo><![CDATA[L]]></tipo>
      <imagen />
      <ampliacion />
      <texto />
    </pregunta>
    <pregunta>
      <enunciado><![CDATA[Investiga sobre el último terremoto ocurrido en el mundo y explica sus consecuencias.]]></enunciado>
      <explicacion />
      <nivel><![CDATA[3]]></nivel>
      <tipo><![CDATA[L]]></tipo>
      <imagen />
      <ampliacion />
      <texto />
    </pregunta>
    <pregunta>
      <enunciado><![CDATA[Busca información sobre las formas de relieve más comunes en América y menciona ejemplos de cada una.]]></enunciado>
      <explicacion />
      <nivel><![CDATA[3]]></nivel>
      <tipo><![CDATA[L]]></tipo>
      <imagen />
      <ampliacion />
      <texto />
    </pregunta>
  </preguntas>
</motor>