<?xml version="1.0" encoding="UTF-8"?>
<engine title="Comentario de una obra de arte de la Roma antigua" copy="Editorial Planeta" version="1" aprid="F13">
  <section title="Presentación" path="medias/section0.jpg" image1Text="&lt;TextFlow&gt;&lt;p&gt;&lt;span&gt;Coliseo de Roma.&lt;/span&gt;&lt;/p&gt;&lt;/TextFlow&gt;" zoom1="true" zoom2a="false" zoom2b="false" layout="0"><![CDATA[<TextFlow><p><span>Roma fue una de las principales y más grandes civilizaciones de la Antigüedad. El Imperio romano sometió toda la cuenca mediterránea y extendió sus límites desde las islas británicas hasta Mesopotamia, desde Armenia hasta el Sahara.</span></p><p><span></span></p><p><span>Todos los territorios más allá de la península Itálica fueron romanizados, es decir, sus antiguos habitantes adoptaron la lengua, la cultura, la religión y las costumbres de la metrópolis. También adoptaron su arte, tal y como evidencian los numerosos restos de acueductos, circos, anfiteatros, estatuas o mosaicos hallados.</span></p><p><span></span></p><p><span fontSize="12" fontWeight="bold">El objetivo de esta práctica es realizar el análisis y comentario de una obra de arte de la antigua Roma.</span></p><p><span></span></p><p><span>Como paso previo a la realización de la práctica, te sugerimos repasar algunos conceptos básicos. Para ello, responde a las siguientes preguntas:</span></p><p><span></span></p><p paragraphStartIndent="20" styleName="bullet"><span>¿Cuáles son las principales características del arte romano?</span></p><p paragraphStartIndent="20" styleName="bullet"><span>¿Qué pueblos influyeron en la definición del arte romano?</span></p><p paragraphStartIndent="20" styleName="bullet"><span>¿Qué innovaciones técnicas introdujeron los arquitectos e ingenieros romanos en sus obras?</span></p><p paragraphStartIndent="20" styleName="bullet"><span>¿Cuáles eran los edificios y obras de ingeniería más representativos de época romana?</span></p><p paragraphStartIndent="20" styleName="bullet"><span>¿Qué otros ejemplos de arte de época romano conoces? Menciónalos.</span></p><p><span></span></p></TextFlow>]]></section>
  <section title="Tarea" path2a="medias/2a_section1.jpg" image2aText="&lt;TextFlow&gt;&lt;p&gt;&lt;span&gt;Busto de Marco Ulpio Trajano, siglos I-II (Museos Capitolinos, Roma).&lt;/span&gt;&lt;/p&gt;&lt;/TextFlow&gt;" path2b="medias/2b_section1.jpg" image2bText="&lt;TextFlow&gt;&lt;p&gt;&lt;span fontSize=&quot;12&quot; fontStyle=&quot;italic&quot;&gt;Hipotético retrato de la poetisa Safo&lt;/span&gt;&lt;span&gt;, medallón pintado procedente de Pompeya, hacia 50-60 (Museo Arqueológico Nacional, Nápoles, Italia).&lt;/span&gt;&lt;/p&gt;&lt;/TextFlow&gt;" zoom1="false" zoom2a="true" zoom2b="true" layout="3"><![CDATA[<TextFlow><p><span>Para realizar la práctica, necesitarás el material propuesto y tendrás que seguir los pasos indicados en el procedimiento.</span></p><p><span></span></p><p><span fontSize="12" fontWeight="bold">Material:</span></p><p><span></span></p><p paragraphStartIndent="20" styleName="bullet"><span>La imagen de alguna obra de arte representativa de la antigua Roma.</span></p><p paragraphStartIndent="20" styleName="bullet"><span>Bloc, lápiz, borrador, esfero, etc.</span></p><p paragraphStartIndent="20" styleName="bullet"><span>Cuaderno de estudio, libros de arte, páginas web especializadas, etc.</span></p><p><span></span></p><p><span fontSize="12" fontWeight="bold">Procedimiento:</span></p><p><span></span></p><p><span>1.º Busca una imagen de alguna obra de arte romana. Luego, obsérvala con atención y detenimiento.</span></p><p><span></span></p><p><span>2.º Elabora la ficha técnica. Para ello, además de presentar el tipo de obra (arquitectura, escultura o pintura), deberás indicar:</span></p><p><span></span></p><p paragraphStartIndent="20" styleName="bullet"><span>El nombre o título de la obra.</span></p><p paragraphStartIndent="20" styleName="bullet"><span>El autor.</span></p><p paragraphStartIndent="20" styleName="bullet"><span>La cronología.</span></p><p paragraphStartIndent="20" styleName="bullet"><span>El estilo.</span></p><p paragraphStartIndent="20" styleName="bullet"><span>Las medidas.</span></p><p paragraphStartIndent="20" styleName="bullet"><span>La ubicación (original y actual).</span></p><p><span></span></p><p><span>3.º Indica cuál es el tema (en el caso de la pintura y de la escultura) y la función de la obra comentada.</span></p><p><span></span></p><p><span>4.º Analiza los elementos formales de la obra. Estos varían dependiendo del tipo del que se trate:</span></p><p><span></span></p><p><span fontSize="12" fontWeight="bold">PINTURA</span></p><p><span></span></p><p paragraphStartIndent="20" styleName="bullet"><span>Los materiales.</span></p><p paragraphStartIndent="20" styleName="bullet"><span>El soporte.</span></p><p paragraphStartIndent="20" styleName="bullet"><span>La forma, composición, perspectiva, etc.</span></p><p paragraphStartIndent="20" styleName="bullet"><span>El color, la línea y el dibujo.</span></p><p><span></span></p><p><span fontSize="12" fontWeight="bold">ESCULTURA</span></p><p><span></span></p><p paragraphStartIndent="20" styleName="bullet"><span>Los materiales.</span></p><p paragraphStartIndent="20" styleName="bullet"><span>El tipo.</span></p><p paragraphStartIndent="20" styleName="bullet"><span>El volumen y espacio.</span></p><p paragraphStartIndent="20" styleName="bullet"><span>La composición.</span></p><p><span></span></p><p><span fontSize="12" fontWeight="bold">ARQUITECTURA</span></p><p><span></span></p><p paragraphStartIndent="20" styleName="bullet"><span>Los materiales.</span></p><p paragraphStartIndent="20" styleName="bullet"><span>Los elementos de soporte.</span></p><p paragraphStartIndent="20" styleName="bullet"><span>La cubierta.</span></p><p paragraphStartIndent="20" styleName="bullet"><span>Los elementos decorativos.</span></p><p paragraphStartIndent="20" styleName="bullet"><span>El volumen, espacio y tipo de planta.</span></p><p><span></span></p><p><span>5.º Interpreta el significado de la obra. En este paso debes analizar los siguientes aspectos:</span></p><p><span></span></p><p paragraphStartIndent="20" styleName="bullet"><span>El tema.</span></p><p paragraphStartIndent="20" styleName="bullet"><span>El contenido y el significado.</span></p><p paragraphStartIndent="20" styleName="bullet"><span>La función.</span></p><p paragraphStartIndent="20" styleName="bullet"><span>El contexto histórico. </span></p><p paragraphStartIndent="20" styleName="bullet"><span>Otras informaciones relevantes.</span></p><p><span></span></p><p><span>6.º Expón las conclusiones y tu opinión personal.</span></p><p><span></span></p><p><span>Para acabar, escoge una obra de arte romana y coméntala según los pasos indicados en el procedimiento. </span></p><p><span>Además, puedes hacer una reflexión sobre su estilo y si este perdura en obras artísticas de épocas posteriores.</span></p><p><span></span></p></TextFlow>]]></section>
</engine>
