﻿<?xml version="1.0" encoding="utf-8"?><motor tipo="101" clase="a" aprid="M101a">
  <plataforma>
    <grado><![CDATA[2]]></grado>
    <titulo>Refuerza tu aprendizaje: El cambio climático</titulo>
    <area>2</area>
    <nivel>2</nivel>
    <referencia><![CDATA[CS_07_04]]></referencia>
    <idreg><![CDATA[3488]]></idreg>
    <motor><![CDATA[M101A]]></motor>
    <lang>es</lang>
  </plataforma>
  <enunciado><![CDATA[Realiza la siguiente actividad. Cuando termines haz clic en Enviar. Si es necesario, entrega las respuestas por escrito o por email a tu profesor para que pueda validarlas.]]></enunciado>
  <masinfo inicio="0"/>
  <calc><![CDATA[0]]></calc>
  <preguntas cantidad="2">
    <pregunta>
      <enunciado><![CDATA[Explica cómo la deforestación de la selva amazónica influye en el cambio climático.]]></enunciado>
      <explicacion/>
      <nivel><![CDATA[2]]></nivel>
      <tipo/>
      <imagen/>
      <ampliacion/>
      <texto/>
    </pregunta>
    <pregunta>
      <enunciado><![CDATA[Busca información sobre la capa de ozono. Resume qué es y de qué nos protege. ]]></enunciado>
      <explicacion/>
      <nivel><![CDATA[3]]></nivel>
      <tipo/>
      <imagen/>
      <ampliacion/>
      <texto/>
    </pregunta>
  </preguntas>
</motor>