﻿<?xml version="1.0" encoding="utf-8"?>
<motor tipo="10" clase="a" aprid="m10a">
  <plataforma>
    <grado><![CDATA[1]]></grado>
    <titulo>Identifica los bloques de poder</titulo>
    <area>0</area>
    <nivel>1</nivel>
    <referencia />
    <idreg><![CDATA[0]]></idreg>
    <motor><![CDATA[M10A]]></motor>
    <lang>es</lang>
  </plataforma>
  <enunciado><![CDATA[Identifica a cuál bloque pertenece cada país y arrástralo a donde corresponda.]]></enunciado>
  <masinfo inicio="0" />
  <sinaleatoriedad><![CDATA[0]]></sinaleatoriedad>
  <calc><![CDATA[0]]></calc>
  <textoacategoria cantidad="2">
    <cuestion>
      <categoria><![CDATA[Bloque capitalista]]></categoria>
      <respuestas>
        <respuesta id="1"><![CDATA[Estados Unidos]]></respuesta>
        <respuesta id="2"><![CDATA[Canadá]]></respuesta>
        <respuesta id="3"><![CDATA[Francia ]]></respuesta>
        <respuesta id="4"><![CDATA[Alemania Occidental ]]></respuesta>
      </respuestas>
      <sonido />
    </cuestion>
    <cuestion>
      <categoria><![CDATA[Bloque comunista]]></categoria>
      <respuestas>
        <respuesta id="1"><![CDATA[Unión Soviética]]></respuesta>
        <respuesta id="2"><![CDATA[Polonia]]></respuesta>
        <respuesta id="3"><![CDATA[Checoslovaquia ]]></respuesta>
        <respuesta id="4"><![CDATA[Alemania Oriental ]]></respuesta>
      </respuestas>
      <sonido />
    </cuestion>
  </textoacategoria>
</motor>