﻿<?xml version="1.0" encoding="utf-8"?><engine copy="Editorial Planeta" version="1" aprid="f8"><main title="La Península Ibérica en la Baja Edad Media" bkColor="#FFFFFF" titleColor="#000000" theme="black" buttonsWidth="220" buttonsHeight="" trans=""><default><img path="0.jpg" x="300" y="110" width="" height="480" /></default><buttons><button title="Siglo XI"><img path="1b.gif" x="" y="" width="" height="480" anim="1.gif" /></button><button title="Siglo XII"><img path="2b.gif" x="" y="" width="" height="480" anim="2.gif" /></button><button title="Siglo XIII"><img path="3b.gif" x="" y="" width="" height="480" anim="3.gif" /></button><button title="Siglo XIV-XV"><img path="4b.gif" x="" y="" width="" height="480" anim="4.gif" /></button><button title="Evolución"><img path="1b.gif" x="" y="" width="" height="480" anim="5.gif" /></button></buttons></main></engine>