<?xml version="1.0" encoding="iso-8859-1"?>
<metadata xmlns="urn:InfoRecurso">
  <identificador>RES-2B5139AC660C4FBC920C02F1A83F9568</identificador>
  <loid>CS_07_10_CO_Recurso060</loid>
  <titulo>Formas del Estado en la historia</titulo>
  <descripcion>Interactivo que muestra distintos modelos del Estado de diferentes sociedades y �pocas</descripcion>
  <relacionado>0</relacionado>
  <tiporecurso>Recurso con ficha</tiporecurso>
  <tiempoestimado>50</tiempoestimado>
  <acciondidactica>Exposici�n</acciondidactica>
  <competencia>Competencia para aprender a aprender</competencia>
  <tipomedia pesado="false" matricula="">Interactivo</tipomedia>
  <conceptos>
    <concepto>Estado</concepto>
    <concepto>historia</concepto>
  </conceptos>
  <autonomico>0</autonomico>
</metadata>