<?xml version="1.0" encoding="iso-8859-1"?>
<metadata xmlns="urn:InfoRecurso">
  <identificador>RES-78AC8635EF844B6D979A8856F01F2B9A</identificador>
  <loid>CS_08_01_CO_Recurso040</loid>
  <titulo>El pensamiento ilustrado frente a la idea del poder divino</titulo>
  <descripcion>Actividad sobre el cuestionamiento que hizo El pensamiento ilustrado a la idea de poder divino del absolutismo</descripcion>
  <relacionado>0</relacionado>
  <tiporecurso>Recurso sin ficha</tiporecurso>
  <tiempoestimado>40</tiempoestimado>
  <acciondidactica>Ejercitaci�n</acciondidactica>
  <competencia>Competencia para aprender a aprender</competencia>
  <tipomedia pesado="false" matricula="">Actividad</tipomedia>
  <conceptos>
    <concepto>ilustraci�n</concepto>
    <concepto>poder divino</concepto>
    <concepto>absolutismo</concepto>
    <concepto>Montesquieu</concepto>
    <concepto>rey</concepto>
  </conceptos>
</metadata>