<?xml version='1.0' encoding='UTF-8'?><engine copy="Editorial Planeta" version="1" aprid="f10b">
<main mode="f10b" title="Los climas de Oceanía">
<tf><![CDATA[<p><img alt="" src="data/imagenes/imagendummy_motorf.jpg" style="height:315px; width:550px" /></p>
]]></tf>
</main>
<presentation title="" title2="Profundiza" buttons="false" bkclass="slideLexico">
	<definition>
		<title></title>
		<def><![CDATA[<p><span style="font-size:25px"><strong>Tropical h&uacute;medo</strong></span></p>

<ul>
	<li>
	<p><span style="font-size:25px"><span style="font-family:verdana,geneva,sans-serif">Propio de la regi&oacute;n suroriental del continente.</span></span></p>
	</li>
	<li>
	<p><span style="font-size:25px"><span style="font-family:verdana,geneva,sans-serif">Al norte de Australia el clima es c&aacute;lido casi todo el<br />
	tiempo, y en la zona meridional los inviernos son<br />
	m&aacute;s fr&iacute;os.</span></span></p>
	</li>
	<li>
	<p><span style="font-size:25px"><span style="font-family:verdana,geneva,sans-serif">En la Polinesia y la Micronesia los vientos alisios suavizan las temperaturas (entre 20 y 24 &ordm;C).</span></span></p>
	</li>
</ul>
]]></def>
	</definition>
	<definition>
		<title>Desértico</title>
		<def><![CDATA[<p><span style="font-size:25px"><span style="font-family:verdana,geneva,sans-serif"><strong>Des&eacute;rtico</strong></span></span></p>

<ul>
	<li>
	<p><span style="font-size:25px"><span style="font-family:verdana,geneva,sans-serif">Lluvias escasas.</span></span></p>
	</li>
	<li>
	<p><span style="font-size:25px"><span style="font-family:verdana,geneva,sans-serif">Temperaturas de aproximadamente 30 &ordm;C en los veranos y 10 &ordm;C&nbsp;en los inviernos.</span></span></p>
	</li>
</ul>
]]></def>
	</definition>
	<definition>
		<title>Templado</title>
		<def><![CDATA[<p><span style="font-size:25px"><span style="font-family:verdana,geneva,sans-serif"><strong>Templado</strong></span></span></p>

<ul>
	<li><span style="font-size:25px"><span style="font-family:verdana,geneva,sans-serif">Temperaturas altas que se suavizan con la brisa<br />
	del Pac&iacute;fico.</span></span></li>
</ul>

<div>&nbsp;</div>
]]></def>
	</definition>
	<definition>
		<title>Cálido</title>
		<def><![CDATA[<p><span style="font-size:25px"><span style="font-family:verdana,geneva,sans-serif"><strong>C&aacute;lido</strong></span></span></p>

<ul>
	<li>
	<p><span style="font-size:25px"><span style="font-family:verdana,geneva,sans-serif">Temperaturas altas durante todo el a&ntilde;o.</span></span></p>
	</li>
	<li>
	<p><span style="font-size:25px"><span style="font-family:verdana,geneva,sans-serif">Humedad elevada.</span></span></p>
	</li>
	<li>
	<p><span style="font-size:25px"><span style="font-family:verdana,geneva,sans-serif">Precipitaciones abundantes.</span></span></p>
	</li>
</ul>
]]></def>
	</definition>
	<definition>
		<title>Oceánico</title>
		<def><![CDATA[<p><span style="font-size:25px"><span style="font-family:verdana,geneva,sans-serif"><strong>Oce&aacute;nico</strong></span></span></p>

<ul>
	<li>
	<p><span style="font-size:25px"><span style="font-family:verdana,geneva,sans-serif">Sudeste de Australia y en Nueva Zelanda.</span></span></p>
	</li>
	<li>
	<p><span style="font-size:25px"><span style="font-family:verdana,geneva,sans-serif">Veranos c&aacute;lidos e inviernos frescos.</span></span></p>
	</li>
	<li>
	<p><span style="font-size:25px"><span style="font-family:verdana,geneva,sans-serif">Lluvias uniformes durante todo el a&ntilde;o.&nbsp;</span></span></p>
	</li>
</ul>
]]></def>
	</definition>
	<definition>
		<title>Mediterráneo</title>
		<def><![CDATA[<p><span style="font-size:25px"><span style="font-family:verdana,geneva,sans-serif"><strong>Mediterr&aacute;neo</strong></span></span></p>

<ul>
	<li>
	<p><span style="font-size:25px"><span style="font-family:verdana,geneva,sans-serif">En la zona suroccidental de Australia y en<br />
	los Alpes australianos.</span></span></p>
	</li>
	<li>
	<p><span style="font-size:25px"><span style="font-family:verdana,geneva,sans-serif">Lluvias concentradas en invierno por influencia del mar.</span></span></p>
	</li>
	<li>
	<p><span style="font-size:25px"><span style="font-family:verdana,geneva,sans-serif">Ciclones tropicales.</span></span></p>
	</li>
	<li>
	<p><span style="font-size:25px"><span style="font-family:verdana,geneva,sans-serif">En los veranos pueden presentarse&nbsp;precipitaciones.</span></span></p>
	</li>
</ul>
]]></def>
	</definition>
</presentation>
<presentation title="" title2="Comprensión" buttons="false" bkclass="slideComprension">
	<definition>
		<title></title>
		<def><![CDATA[<p><span style="color:#FF8C00"><span style="font-size:32px"><span style="font-family:verdana,geneva,sans-serif">Comprensi&oacute;n</span></span></span><br />
&nbsp;</p>

<ul>
	<li><span style="font-family:verdana,geneva,sans-serif"><span style="font-size:25px">Explica las diferencias entre el clima tropical h&uacute;medo y el tropical &aacute;rido.</span></span><br />
	&nbsp;</li>
	<li><span style="font-family:verdana,geneva,sans-serif"><span style="font-size:25px">&iquest;De qu&eacute; manera se ve afectado el clima de las islas cercanas al Ecuador?</span></span><br />
	&nbsp;</li>
	<li><span style="font-family:verdana,geneva,sans-serif"><span style="font-size:25px">&iquest;En qu&eacute; lugares se presenta principalmente el clima templado?, &iquest;qu&eacute; caracter&iacute;stica tiene?</span></span></li>
</ul>
]]></def>
	</definition>
	<definition>
		<title></title>
		<def><![CDATA[<p><span style="color:#FF8C00"><span style="font-size:32px"><span style="font-family:verdana,geneva,sans-serif">Comprensi&oacute;n</span></span></span><br />
&nbsp;</p>

<ul>
	<li><span style="font-size:25px"><span style="font-family:verdana,geneva,sans-serif">&iquest;Cu&aacute;les son las caracter&iacute;sticas del clima tropical seco que se extiende por la mayor parte de Australia?</span></span><br />
	&nbsp;</li>
	<li><span style="font-size:25px"><span style="font-family:verdana,geneva,sans-serif">&iquest;Por qu&eacute; en la mayor&iacute;a de las regiones del continente no cae nieve?</span></span><br />
	&nbsp;</li>
	<li><span style="font-size:25px"><span style="font-family:verdana,geneva,sans-serif">&iquest;Qu&eacute; tipo de vegetaci&oacute;n se da en Ocean&iacute;a debido a su variedad de climas?</span></span></li>
</ul>
]]></def>
	</definition>
</presentation>
<presentation title="" title2="Investiga" buttons="false" bkclass="slideInvestiga">
	<definition>
		<title></title>
		<def><![CDATA[<p><span style="color:#FF8C00"><span style="font-size:32px"><span style="font-family:verdana,geneva,sans-serif">Investiga</span></span></span><br />
&nbsp;</p>

<p><span style="font-family:verdana,geneva,sans-serif"><span style="font-size:25px">Para finalizar, te proponemos la siguiente actividad. Busca cu&aacute;les son las razones por las que el clima del continente oce&aacute;nico permiti&oacute; que &uacute;nicamente habiten en esa regi&oacute;n animales marsupiales, como canguros y koalas, y una infinita variedad de peces. Elabora un texto en el que desarrolles los argumentos y lo presentes al resto de<br />
la clase.</span></span></p>
]]></def>
	</definition>
</presentation>
</engine>