﻿<?xml version="1.0" encoding="utf-8"?><motor tipo="5" clase="d" aprid="m5d">
  <plataforma>
    <grado><![CDATA[2]]></grado>
    <titulo>Interpreta argumentos en favor de la paz en Colombia</titulo>
    <area>0</area>
    <nivel>1</nivel>
    <referencia/>
    <idreg><![CDATA[0]]></idreg>
    <motor><![CDATA[M5D]]></motor>
    <lang>es</lang>
  </plataforma>
  <enunciado><![CDATA[Lee los textos y marca las respuestas correctas. Puede haber más de una.]]></enunciado>
  <masinfo inicio="0"/>
  <sinaleatoriedad><![CDATA[0]]></sinaleatoriedad>
  <calc><![CDATA[0]]></calc>
  <respuestaunica><![CDATA[0]]></respuestaunica>
  <test cantidad="9">
    <cuestion>
      <enunciado><![CDATA[¿A qué hace referencia la idea de "espiral de violencia"?]]></enunciado>
      <explicacion><![CDATA[La idea de espiral de violencia hace referencia a la manera como crece la violencia de manera tal, que siempre hay formas y alcances mayores.]]></explicacion>
      <texto><![CDATA[Alcanzar la paz en Colombia es un paso importante para frenar la dinámica de la violencia que se ha venido alimentando y repitiendo desde hace más de 60 años. Las últimas generaciones han crecido en medio de enfrentamientos y acciones armadas, alimentados por el odio y los deseos de venganza, los cuales se reproducen en una "espiral de violencia" que no ha cesado desde entonces. ]]></texto>
      <respuestas>
        <respuesta contestacion="Al carácter de crecimiento continuo de la violencia." correcta="1"/>
        <respuesta contestacion="A la manera como se debe alcanzar la paz." correcta="0"/>
        <respuesta contestacion="A los diferentes tipos de enfrentamiento armado." correcta="0"/>
      </respuestas>
    </cuestion>
    <cuestion>
      <enunciado><![CDATA[¿Por qué la mayoría de las víctimas del conflicto armado en Colombia son civiles?]]></enunciado>
      <explicacion><![CDATA[En los conflictos irregulares algunos de los contendientes no son ejércitos organizados institucionalmente. En la confrontación la población civil queda en medio del fuego. ]]></explicacion>
      <texto><![CDATA[Según el informe del Grupo de Memoria Histórica, entre 1958 y 2012 el conflicto armado generó cerca de 220 000 muertes, de las cuales el 80 % eran civiles. Este ha sido uno de los principales argumentos para que en diferentes oportunidades las organizaciones civiles, algunos partidos y movimientos políticos y líderes sociales, hayan exigido a los gobiernos nacionales y a los grupos armados el cese de la confrontación armada. ]]></texto>
      <respuestas>
        <respuesta contestacion="Porque el conflicto armado es una guerra irregular." correcta="1"/>
        <respuesta contestacion="Porque los grupos armados no se enfrentan entre sí." correcta="0"/>
        <respuesta contestacion="Porque se atacan las bases sociales de sus contendores." correcta="1"/>
        <respuesta contestacion="Porque los civiles forman parte de los bandos armados." correcta="0"/>
      </respuestas>
    </cuestion>
    <cuestion>
      <enunciado><![CDATA[¿Por qué la paz ayudaría a solucionar el problema de los desplazados?]]></enunciado>
      <explicacion><![CDATA[Buena parte de los deplazados en Colombia están relacionados con la confrontación armada, de la cual son víctimas. La mayoría han huido y son despojados de sus propiedades.]]></explicacion>
      <texto><![CDATA[Según Acnur (Alto Comisionado de las Naciones Unidas para los Refugiados), el número de desplazados por la violencia en Colombia llega a cuatro millones de personas (4 000 000), mientras que según el Codhes (Consultoría para los Derechos Humanos y el Desplazamiento) los desplazados suman más de cinco millones de personas (5 000 000). En cualquiera de los dos casos es una cifra alarmante y significaría una tarea descomunal de solución. ]]></texto>
      <respuestas>
        <respuesta contestacion="Porque sería la base para crear nuevas leyes." correcta="0"/>
        <respuesta contestacion="Porque daría más razones para darles educación." correcta="0"/>
        <respuesta contestacion="Porque actualmente la inversión social del Estado es baja." correcta="0"/>
        <respuesta contestacion="Porque les permitiría retornar y recuperar bienes" correcta="1"/>
      </respuestas>
    </cuestion>
    <cuestion>
      <enunciado><![CDATA[¿Por qué un acuerdo de paz facilitaría la implementación de la Ley de víctimas?]]></enunciado>
      <explicacion><![CDATA[Segun el texto, la aplicación de la ley (que le corresponde a la justicia) está limitada por la confrontación armada. Si esta última cesa, se puede impartir mejor justicia. ]]></explicacion>
      <texto><![CDATA[La “Ley de víctimas y de restitución de tierras” promulgada por el gobierno busca resarcir los daños causados a los millones de desplazados despojados de sus tierras y darles un “mejor futuro”. Sin embargo, su aplicación se ha visto limitada por la confrontación armada que dificulta el retorno de los desplazados, así como el ejercicio de una justicia para establecer quiénes son los responsables de los hechos de despojo. ]]></texto>
      <respuestas>
        <respuesta contestacion="Porque los victimarios estarían en la cárcel." correcta="0"/>
        <respuesta contestacion="Porque en paz puede impartirse mejor justicia." correcta="1"/>
        <respuesta contestacion="Porque se acabaría con el desplazamiento forzado." correcta="0"/>
        <respuesta contestacion="Porque el Congreso podría aprobar la ley." correcta="0"/>
      </respuestas>
    </cuestion>
    <cuestion>
      <enunciado><![CDATA[¿Por qué la paz facilitaría un proceso de "reforma agraria"?]]></enunciado>
      <explicacion><![CDATA[Los opositores a la reforma agraria argumentan que la guerrilla busca apoderarse de sus tierras. Luego de un proceso de paz, este argumento no existiría. ]]></explicacion>
      <texto><![CDATA[Un proceso de paz exitoso con la guerrilla facilitaría la implementación de una verdadera "reforma agraria" que solucione algunos de los problemas estructurales del campo, como la profunda inequidad en la tenencia de la tierra y permitiría el acceso a miles de campesinos desposeídos. Los opositores a la reforma agraria se han excusado en la existencia de la guerrilla para justificar su oposición. ]]></texto>
      <respuestas>
        <respuesta contestacion="Porque acabaría con el argumento de los opositores a la reforma." correcta="1"/>
        <respuesta contestacion="Porque la guerrilla se opone a la reforma agraria." correcta="0"/>
        <respuesta contestacion="Porque los paramilitares apoyan la reforma agraria." correcta="0"/>
        <respuesta contestacion="Porque en paz se pueden implementar políticas injustas." correcta="0"/>
      </respuestas>
    </cuestion>
    <cuestion>
      <enunciado><![CDATA[¿Por qué el conflicto armado afecta la inversión extranjera en la economía colombiana?]]></enunciado>
      <explicacion><![CDATA[El conflicto armado pone en riesgo las inversiones extranjeras en el país, por la ineficacia del Estado para ofrecer seguridad y porque las empresas se convierten en blanco de los grupos armados.]]></explicacion>
      <texto><![CDATA[El conflicto armado ha sido uno de los obstáculos más grandes para que Colombia sea un destino seguro para la inversión extranjera y el turismo mundial. Se espera que con la firma de un acuerdo de paz con la guerrilla, el país mejore sustancialmente su reputación y se convierta en un destino preferido de inversiones en distintos renglones de la economía. ]]></texto>
      <respuestas>
        <respuesta contestacion="Porque aumenta los riesgos para los inversionistas." correcta="1"/>
        <respuesta contestacion="Porque ataca exclusivamente a los inversionistas." correcta="0"/>
        <respuesta contestacion="Porque no se avisora una salida a corto plazo." correcta="0"/>
        <respuesta contestacion="Porque el capitalismo no puede desarrollarse plenamente." correcta="0"/>
      </respuestas>
    </cuestion>
    <cuestion>
      <enunciado><![CDATA[¿Por qué es tan importante el tema de la aplicación de justicia en un acuerdo de paz?]]></enunciado>
      <explicacion><![CDATA[Durante la negociación de paz, los ejes de una justicia aceptable son reparar efectivamente a las víctimas y garantizar que los hechos no se repetirán. ]]></explicacion>
      <texto><![CDATA[Una de las discusiones más fuertes acerca del proceso de paz en Colombia tiene que ver con la clase de justicia que se puede aplicar a la guerrilla y al carácter político de su causa. Si el Estado exige mayores castigos y penas de cárcel para los guerrilleros, las negociaciones no tendrían futuro porque la guerrilla no aceptaría esas condiciones. Como las negociaciones no han sido el fruto de una derrota militar, ninguna de las partes puede imponer sus condiciones a la otra. Por ello, llevar a cabo las negociaciones exige una dosis de equilibrio entre justicia e impunidad. Para esto se han buscado mecanismos de "justicia alternativa" que cumplan con criterios de reparación a las víctimas y garantías de no repetición. ]]></texto>
      <respuestas>
        <respuesta contestacion="Porque debe reparar a las víctimas y evitar la repetición." correcta="1"/>
        <respuesta contestacion="Porque debe juzgar los delitos políticos." correcta="0"/>
        <respuesta contestacion="Porque no puede haber amnistías incondicionales." correcta="0"/>
        <respuesta contestacion="Porque debe evitar que surjan nuevas guerrillas." correcta="0"/>
      </respuestas>
    </cuestion>
    <cuestion>
      <enunciado><![CDATA[¿Qué función cumple el plebiscito para la paz?]]></enunciado>
      <explicacion><![CDATA[Al ser un mecanismo de participación ciudadana, el plebiscito busca legitimar los acuerdos (obtener el respaldo popular), aunque ya tendrían un carácter legal.]]></explicacion>
      <texto><![CDATA[El gobierno colombiano ha planteado que luego de firmado el acuerdo de paz debe ser refrendado por los ciudadanos por medio de un plebiscito, en el cual se les preguntará si aceptan o no los acuerdos alcanzados entre el gobierno y la guerrilla. ]]></texto>
      <respuestas>
        <respuesta contestacion="Legitimar los acuerdos." correcta="1"/>
        <respuesta contestacion="Blindar los acuerdos." correcta="0"/>
        <respuesta contestacion="Garantizar los acuerdos." correcta="0"/>
      </respuestas>
    </cuestion>
    <cuestion>
      <enunciado><![CDATA[¿Qué relación existe entre terminación del conflicto y construcción de la paz?]]></enunciado>
      <explicacion><![CDATA[La paz es un concepto complejo que no se alcanza únicamente con la terminación del conflicto armado, implica acciones más profundas. Terminar el conflicto armado es el primer paso.]]></explicacion>
      <texto><![CDATA[Acerca de los acuerdos, el presidente Juan Manuel Santos aclaró: "La idea básica de este proceso es que primero hay que terminar el conflicto para luego abrir una fase de construcción de la paz. Eso fue lo que acordamos con las Farc en el Acuerdo General que firmamos en agosto de 2012: "iniciar conversaciones directas e ininterrumpidas para llegar a un acuerdo final para la terminación del conflicto que contribuya a una paz estable y duradera”. Una idea obvia, pero no en Colombia: paremos el conflicto para poder dedicarnos a construir la paz".]]></texto>
      <respuestas>
        <respuesta contestacion="Terminar el conflicto armado es una etapa de la paz." correcta="1"/>
        <respuesta contestacion="La paz y el conflicto armado son conceptos iguales." correcta="0"/>
        <respuesta contestacion="Conflicto armado y paz son dos elementos diferentes." correcta="0"/>
      </respuestas>
    </cuestion>
  </test>
  <temps>40</temps>
</motor>