﻿<?xml version="1.0" encoding="utf-8"?><engine copy="Editorial Planeta" version="1" aprid="f10">
<main mode="f10" title="Colombia como aliado suramericano&lt;br/&gt;de Estados Unidos">
<tf><![CDATA[<p>A lo largo del <strong>siglo XX</strong> las relaciones entre <strong>Colombia y Estados Unidos</strong> cambiaron sustancialmente. Sin embargo, desde los a&ntilde;os ochenta&nbsp;alcanzar objetivos comunes como la lucha contra el narcotr&aacute;fico y el terrorismo, ha&nbsp;generado nuevas din&aacute;micas que han fortalecido esta relaci&oacute;n, convirtiendo a Colombia en uno de los principales aliados de Estados Unidos en Latinoam&eacute;rica. Esto ha ocasionado que Estados Unidos se involucre en asuntos internos de Colombia a partir de la firma de acuerdos y tratados como el <strong>Plan Colombia </strong>o el<strong> Tratado de Libre Comercio</strong>.<br />
&nbsp;</p>

<p>Existen posiciones contrarias frente a esta alianza. Mientras para&nbsp;algunos esta es una pr&aacute;ctica <strong>imperialista </strong>por parte de Estados Unidos, que atenta contra la <strong>soberan&iacute;a nacional</strong>, para otros esta estrecha relaci&oacute;n conviene a Colombia, sobre todo si se tiene en cuenta que Estados Unidos es el mayor importador de productos colombianos en el mundo.&nbsp;</p>
]]></tf>
</main>
<understanding title="" title2="Comprensión " buttons="false" visible="true" >
	<definition>
		<title></title>
		<def><![CDATA[<p><span style="font-size:25px;"><span style="font-family: verdana,geneva,sans-serif;"><span style="color:#FF8C00;"><span style="font-size: 32px;">Comprensi&oacute;n</span></span></span></span><br />
&nbsp;</p>

<ul>
	<li>
	<p><span style="font-family:verdana,geneva,sans-serif;"><span style="font-size: 25px;">&iquest;Qu&eacute;&nbsp;clase de relaciones establecieron Colombia y Estados Unidos a partir de la d&eacute;cada de los ochenta? &iquest;Por qu&eacute;?</span>&nbsp;</span></p>
	</li>
	<li>
	<p><span style="font-size:25px;"><span style="font-family: verdana,geneva,sans-serif;">&iquest;En qu&eacute; consiste la alianza entre Estados Unidos y Colombia?</span></span></p>
	</li>
	<li>
	<p><span style="font-size:25px;"><span style="font-family: verdana,geneva,sans-serif;">&iquest;Qu&eacute; resultados han obtenido Estados Unidos y Colombia con&nbsp;esta alianza?</span></span></p>
	</li>
</ul>
]]></def>
	</definition>
</understanding>
<definitions title="" title2="Léxico" visible="true" >
	<definition>
		<title>Acuerdo bilateral</title>
		<def><![CDATA[<p><span style="font-size:25px;"><span style="font-family: verdana,geneva,sans-serif;"><strong>Acuerdo bilateral:</strong><br />
este concepto se refiere a un consenso que se realiza entre dos partes buscando que dos gobiernos lleguen a acuerdos con respecto a un fin, intenci&oacute;n u objetivo.</span></span></p>]]></def>
	</definition>
	<definition>
		<title>Imperialismo</title>
		<def><![CDATA[<p><span style="font-size:25px;"><span style="font-family: verdana,geneva,sans-serif;"><strong>Imperialismo:</strong><br />
es la relaci&oacute;n desigual que implica dominio de un pa&iacute;s sobre otro, mediante pol&iacute;ticas que establecen poder econ&oacute;mico o militar.&nbsp;</span></span></p>]]></def>
	</definition>
	<definition>
		<title>Soberanía</title>
		<def><![CDATA[<p><span style="font-size:25px;"><span style="font-family: verdana,geneva,sans-serif;"><strong>Soberan&iacute;a:</strong><br />
este concepto pol&iacute;tico hace referencia al poder de un pueblo y Estado sobre s&iacute; mismo, que ratifica su independencia y autonom&iacute;a.&nbsp;</span></span></p>]]></def>
	</definition>
	<definition>
		<title>Diplomacia</title>
		<def><![CDATA[<p><span style="font-size:25px;"><span style="font-family: verdana,geneva,sans-serif;"><strong>Diplomacia:</strong><br />
se relaciona con la forma como se relacionan los Estados a partir de sus intereses, es decir, la manera&nbsp;como manejan las relaciones internacionales.&nbsp;</span></span></p>]]></def>
	</definition>
</definitions>
<reaserch title="" title2="Investiga " buttons="false" visible="true" >
	<definition>
		<title></title>
		<def><![CDATA[<p><span style="font-family:verdana,geneva,sans-serif;"><span style="color:#FF8C00;"><span style="font-size: 32px;">Investiga</span></span></span><br />
&nbsp;</p>

<ul>
	<li>
	<p><span style="font-size:25px;"><span style="font-family: verdana,geneva,sans-serif;">Si se compara con los dem&aacute;s pa&iacute;ses de la regi&oacute;n latinoamericana,&nbsp;&iquest;cu&aacute;les han sido las consecuencias que para Colombia ha tenido la&nbsp;alianza con Estados Unidos?</span></span></p>
	</li>
	<li>
	<p><span style="font-size:25px;"><span style="font-family: verdana,geneva,sans-serif;">&iquest;C&oacute;mo ha afectado la alianza Colombia-Estados Unidos a las relaciones internacionales de Colombia con otros pa&iacute;ses del mundo?</span></span></p>
	</li>
</ul>]]></def>
	</definition>
	<definition>
		<title></title>
		<def><![CDATA[<p><span style="font-family:verdana,geneva,sans-serif;"><span style="color:#FF8C00;"><span style="font-size: 32px;">Investiga</span></span></span><br />
&nbsp;</p>

<ul>
	<li>
	<p><span style="font-size:25px;"><span style="font-family: verdana,geneva,sans-serif;">&iquest;Qu&eacute;&nbsp;beneficios ha tra&iacute;do para Colombia esta alianza?&nbsp;</span></span></p>
	</li>
	<li>
	<p><span style="font-size:25px;"><span style="font-family: verdana,geneva,sans-serif;">&iquest;En qu&eacute; consisten&nbsp;las &quot;certificaciones&quot;&nbsp;que emite el gobierno estadounidense?, &iquest;c&oacute;mo es su apreciaci&oacute;n para Colombia?</span></span></p>
	</li>
	<li>
	<p><span style="font-size:25px;"><span style="font-family: verdana,geneva,sans-serif;">&iquest;Qu&eacute; es y a qu&eacute;&nbsp;se dedica&nbsp;la Comisi&oacute;n de estudios y evaluaci&oacute;n sobre las relaciones entre Estados Unidos y Colombia?, &iquest;a qu&eacute; conclusiones ha llegado?</span></span></p>
	</li>
</ul>]]></def>
	</definition>
</reaserch>
<activity title2="Actividad" visible="true" path="ejercicio_5_m1c.zip">
</activity></engine>