<?xml version="1.0" encoding="iso-8859-1"?>
<metadata xmlns="urn:InfoRecurso">
  <identificador>RES-084408B151F14174A7BB973B16950D8C</identificador>
  <loid>CS_10_04_CO_Recurso120</loid>
  <titulo>Colombia como aliado suramericano de Estados Unidos</titulo>
  <descripcion>Interactivo sobre la alianza de Colombia y Estados Unidos desde el final del siglo XX </descripcion>
  <relacionado>0</relacionado>
  <tiporecurso>Recurso con ficha</tiporecurso>
  <tiempoestimado>30</tiempoestimado>
  <acciondidactica>Estudio</acciondidactica>
  <competencia>Competencia social y ciudadana</competencia>
  <competencias>
    <descriptor>5_1_3</descriptor>
  </competencias>
  <tipomedia pesado="false" matricula="">Interactivo</tipomedia>
  <conceptos>
    <concepto>alianzas</concepto>
    <concepto>Am�rica Latina</concepto>
    <concepto>Colombia</concepto>
    <concepto>Estados Unidos</concepto>
    <concepto>hemisferio</concepto>
    <concepto>insurgencia</concepto>
    <concepto>seguridad</concepto>
    <concepto>siglo XX</concepto>
    <concepto>territorio</concepto>
  </conceptos>
  <autonomico>0</autonomico>
</metadata>