﻿<?xml version="1.0" encoding="utf-8"?><motor tipo="101" clase="a" aprid="m101a">
  <plataforma>
    <grado>2</grado>
    <titulo>Refuerza tu aprendizaje: La búsqueda de la paz</titulo>
    <volumen/>
    <nivel><![CDATA[1]]></nivel>
    <referencia/>
    <motor/>
    <lang>es</lang>
  </plataforma>
  <enunciado><![CDATA[Realiza la siguiente actividad. Cuando termines da clic en Enviar. Si es necesario, entrégalo por escrito o envíalo por mail al profesor para que lo evalúe. ]]></enunciado>
  <masinfo inicio="0"/>
  <calc><![CDATA[0]]></calc>
  <preguntas cantidad="10">
    <pregunta>
      <enunciado><![CDATA[Colombia inició el siglo XX en medio de una cruenta guerra civil: "La guerra de los Mil Días". ¿Cómo se terminó este conflicto?]]></enunciado>
      <explicacion/>
      <nivel><![CDATA[2]]></nivel>
      <tipo/>
      <imagen/>
      <ampliacion/>
      <texto/>
    </pregunta>
    <pregunta>
      <enunciado><![CDATA[La confrontación entre liberales y conservadores a mediados de siglo suscitó un acuerdo bipartidista en 1957. ¿En qué consistió ese acuerdo que dio inicio al Frente Nacional?]]></enunciado>
      <explicacion/>
      <nivel><![CDATA[3]]></nivel>
      <tipo/>
      <imagen/>
      <ampliacion/>
      <texto/>
    </pregunta>
    <pregunta>
      <enunciado><![CDATA[La primera oferta de amnistía en el siglo XX la hizo Rojas Pinilla a las guerrillas liberales en 1953, ¿cuál fue el resultado de ese proceso?, ¿por qué?]]></enunciado>
      <explicacion/>
      <nivel><![CDATA[2]]></nivel>
      <tipo/>
      <imagen/>
      <ampliacion/>
      <texto/>
    </pregunta>
    <pregunta>
      <enunciado><![CDATA[Belisario Betancur asumió el poder con la consigna de la paz. ¿Cómo se llevó a cabo su proceso?, ¿qué se logró y cómo concluyó?]]></enunciado>
      <explicacion/>
      <nivel><![CDATA[2]]></nivel>
      <tipo/>
      <imagen/>
      <ampliacion/>
      <texto/>
    </pregunta>
    <pregunta>
      <enunciado><![CDATA[¿En qué consiste una amnistía?, ¿en qué casos relacionados con el proceso de paz en Colombia, estarías de acuerdo con su aplicación?, ¿por qué?]]></enunciado>
      <explicacion/>
      <nivel><![CDATA[1]]></nivel>
      <tipo/>
      <imagen/>
      <ampliacion/>
      <texto/>
    </pregunta>
    <pregunta>
      <enunciado><![CDATA[Consulta y explica cómo fue el transcurrir político de la Unión Patriótica (origen, logros y exterminio).]]></enunciado>
      <explicacion/>
      <nivel><![CDATA[2]]></nivel>
      <tipo/>
      <imagen/>
      <ampliacion/>
      <texto/>
    </pregunta>
    <pregunta>
      <enunciado><![CDATA[¿Cómo fue la negociación que llevó al acuerdo de paz con el M-19, el EPL, el PRT y el Quintín Lame en 1990?]]></enunciado>
      <explicacion/>
      <nivel><![CDATA[2]]></nivel>
      <tipo/>
      <imagen/>
      <ampliacion/>
      <texto/>
    </pregunta>
    <pregunta>
      <enunciado><![CDATA[Consulta acerca de los diálogos de Tlaxcala y escribe los resultados de este proceso.]]></enunciado>
      <explicacion/>
      <nivel><![CDATA[2]]></nivel>
      <tipo/>
      <imagen/>
      <ampliacion/>
      <texto/>
    </pregunta>
    <pregunta>
      <enunciado><![CDATA[Consulta sobre los diálogos del Caguán. Explica en qué consistieron y cuáles fueron sus resultados.]]></enunciado>
      <explicacion/>
      <nivel><![CDATA[2]]></nivel>
      <tipo/>
      <imagen/>
      <ampliacion/>
      <texto/>
    </pregunta>
    <pregunta>
      <enunciado><![CDATA[¿Cómo se llegó a los diálogos de La Habana en 2012? Explica cuáles son sus resultados a la fecha.]]></enunciado>
      <explicacion/>
      <nivel><![CDATA[3]]></nivel>
      <tipo/>
      <imagen/>
      <ampliacion/>
      <texto/>
    </pregunta>
  </preguntas>
  <temps>40</temps>
</motor>