﻿<?xml version="1.0" encoding="utf-8"?>
<motor tipo="102" clase="ab" aprid="M102ab">
  <plataforma>
    <grado>1</grado>
    <titulo>Competencias: consecuencias de los movimientos de la Tierra, la Luna y el Sol</titulo>
    <volumen />
    <nivel>3</nivel>
    <referencia />
    <motor />
    <lang>es</lang>
  </plataforma>
  <calc>0</calc>
  <enunciado><![CDATA[Realiza la siguiente actividad. Cuando termines, envíala para que pueda ser validada.]]></enunciado>
  <masinfo inicio="0" />
  <textoupload />
  <adjunto><![CDATA[Principal.html]]></adjunto>
  <url />
  <amano><![CDATA[0]]></amano>
</motor>