<?xml version="1.0" encoding="iso-8859-1"?>
<metadata xmlns="urn:InfoRecurso">
  <identificador>RES-139F5ADD01F64356B5FDC353B5AD7438</identificador>
  <loid>CS_09_06_CO_Recurso020</loid>
  <titulo>Los acontecimientos clave que marcan el inicio del nuevo orden mundial </titulo>
  <descripcion>Actividad para revisar los acontecimientos clave que marcan el inicio del nuevo orden mundial 
</descripcion>
  <relacionado>0</relacionado>
  <tiporecurso>Recurso sin ficha</tiporecurso>
  <tiempoestimado>20</tiempoestimado>
  <acciondidactica>Estudio</acciondidactica>
  <competencia>Competencia para aprender a aprender</competencia>
  <competencias>
    <descriptor>7_1_1</descriptor>
  </competencias>
  <tipomedia pesado="false" matricula="">Actividad</tipomedia>
  <conceptos>
    <concepto>bloques</concepto>
    <concepto>el mundo despu�s de la Segunda Guerra Mundial</concepto>
    <concepto>Guerra Fr�a</concepto>
    <concepto>nuevo orden mundial</concepto>
    <concepto>posguerra</concepto>
  </conceptos>
</metadata>