﻿<?xml version="1.0" encoding="utf-8"?>
<engine copy="Editorial Planeta" version="1" aprid="f10">
  <main mode="f10" title="Las guerras civiles y levantamientos populares en Europa Occidental">
    <tf><![CDATA[<p style="text-align: justify;"></p>
<img alt="" src="http://static0.planetasaber.com/encyclopedia/Data/Imagenes/FOTOS/000K7M01.jpg" style="width: 600px; height: 300px;" />
<p></p>]]></tf>
  </main>
  <understanding title="" title2="Las guerras civiles" buttons="false" visible="true">
    <definition>
      <title>Portugal y la revolución de campesinos y artesanos de 1383.</title>
      <def><![CDATA[<h2 style="font-style:italic;"><strong>Portugal y la revoluci&oacute;n de campesinos y artesanos de 1383.</strong></h2>

<p style="text-align: justify;"><br />
Movimiento antifeudal, liderado por comerciantes aliados transitoriamente con artesanos y campesinos.</p>

<p style="text-align: justify;"><br />
Cont&oacute; con dos fases:</p>

<ul>
	<li style="text-align: justify;">Liderazgo de la burgues&iacute;a contra la nobleza feudal e insurrecciones de artesanos y campesinos.</li>
	<li style="text-align: justify;">Compromiso entre la nobleza terrateniente y la burgues&iacute;a.</li>
</ul>

<p style="text-align: justify;">Las cortes de Coimbra aceptaron las demandas y determinaron la disminuci&oacute;n de los impuestos para los campesinos.</p>

<p style="text-align: justify;">La influencia de la revuelta se traslad&oacute;&nbsp;a Espa&ntilde;a.</p>

<p></p>]]></def>
    </definition>
    <definition>
      <title>
      </title>
      <def><![CDATA[<h2 style="font-style:italic;"><strong>Las guerras de religi&oacute;n en Francia (1562 &ndash; 1598)</strong></h2>

<p>Componentes del conflicto</p>

<ul>
	<li>Conflicto religioso por la expansi&oacute;n de las ideas de la reforma protestante.</li>
	<li>Tensiones pol&iacute;ticas de la dinast&iacute;a de los Valois.</li>
	<li>Proyecto mon&aacute;rquico de concentraci&oacute;n del poder.</li>
	<li>Debilitamiento de la nobleza feudal.</li>
	<li>Presi&oacute;n fiscal sobre los estamentos sociales menos favorecidos.</li>
</ul>

<p></p>

<p>La promulgaci&oacute;n del edicto de Nantes de 1598 pone fin al conflicto.</p>]]></def>
    </definition>
    <definition>
      <title>
      </title>
      <def><![CDATA[<h2 style="font-style:italic;"><strong>Italia: la rebeli&oacute;n de los trabajadores artesanales</strong></h2>

<p style="text-align: justify;"><br />
La pen&iacute;nsula italiana estaba caracterizada por</p>

<ul>
	<li style="text-align: justify;">Desarrollo urbano desde antiguo.</li>
	<li style="text-align: justify;">Industria artesanal.</li>
	<li style="text-align: justify;">Comercio con Oriente y el Levante espa&ntilde;ol.</li>
</ul>

<p style="text-align: justify;">La insurrecci&oacute;n de los Ciompi de Florencia</p>

<ul>
	<li style="text-align: justify;">Enfrent&oacute; a las clases m&aacute;s desfavorecidas: trabajadores no agremiados carentes de derechos pol&iacute;ticos.</li>
	<li style="text-align: justify;">La rebeli&oacute;n fue liderada por los trabajadores de la lana.</li>
	<li style="text-align: justify;">Batalla de monte Zabello, en 1307, derrota de los sublevados.</li>
	<li style="text-align: justify;">Posteriores focos de insurrecci&oacute;n fueron erradicados en G&eacute;nova en 1339, Pav&iacute;a en 1356 y Siena en 1368.</li>
</ul>]]></def>
    </definition>
    <definition>
      <title>
      </title>
      <def><![CDATA[<p style="text-align: justify;"></p>

<p></p>]]></def>
    </definition>
  </understanding>
  <definitions title="" title2="Vocabulario" visible="true">
    <definition>
      <title>impuestos</title>
      <def><![CDATA[<p style="text-align: justify;">Son todos los cobros, directos o indirectos, que hace un Estado para solventar sus gastos y financiar proyectos. La Iglesia contemplaba el cobro del diezmo a todos los propietarios de tierras. Variados sectores de la poblaci&oacute;n pod&iacute;an estar exentos de pagarlos, como la nobleza, el clero y las poblaci&oacute;n pobre de las ciudades. Sin embargo, las circunstancias pod&iacute;an llevar a los monarcas al cobro de estipendios a la nobleza.</p>
]]></def>
    </definition>
    <definition>
      <title>Absolutismo</title>
      <def><![CDATA[<p style="text-align: justify;">El poder absoluto significaba la pretensi&oacute;n del soberano de ser la fuente de la ley. El absolutismo estaba limitado por las leyes de Dios o las leyes b&aacute;sicas del Estado, materializadas en las cartas de derechos o la existencia de las cortes o el parlamento.</p>
]]></def>
    </definition>
    <definition>
      <title>nobleza</title>
      <def><![CDATA[<p style="text-align: justify;">Durante la Edad Media y el transcurso el Antiguo R&eacute;gimen la nobleza era uno de los estamentos constitutivos de la sociedad. Al interior de dicho grupo podr&iacute;an establecerse subdivisiones, vinculadas con el origen noble, el control de la tierra y la cercan&iacute;a con el monarca de turno.&nbsp; La guerra era el mecanismo interno que permit&iacute;a el ascenso dentro de dicho grupo social.</p>
]]></def>
    </definition>
    <definition>
      <title>salario</title>
      <def><![CDATA[<p style="text-align: justify;">Del lat&iacute;n salarium, suma que se daba a los soldados para que se compraran sal y de ah&iacute; la palabra sueldo. Dinero que recibe una persona de la empresa o entidad para la que trabaja en concepto de paga, generalmente de forma peri&oacute;dica.</p>
]]></def>
    </definition>
    <definition>
      <title>ciompi</title>
      <def><![CDATA[Nombre con el cual se denominaba a los cardadores de lana en la Baja Edad Media en la pen&iacute;nsula italiana.]]></def>
    </definition>
    <definition>
      <title>burguesía</title>
      <def><![CDATA[En la Edad Media y el Antiguo R&eacute;gimen, habitante del burgo o la ciudad. Dedicados a las actividades fabriles y luego especializados en el comercio y las actividades financieras. Este segmento contaba en su nivel m&aacute;s alto con grandes comerciantes y financistas, mientras las capas m&aacute;s bajas estar&iacute;an compuestas por artesanos y comerciantes al menudeo.]]></def>
    </definition>
  </definitions>
  <reaserch title="" title2="" buttons="false" visible="true">
    <definition>
      <title>
      </title>
      <def><![CDATA[<ul>
	<li>Determina las causas comunes que podr&iacute;an vincular a los conflictos civiles de Portugal, Italia, Francia y Espa&ntilde;a.</li>
	<li>Consulta mapas hist&oacute;ricos que muestren la situaci&oacute;n de estos reinos o regiones en un momento espec&iacute;fico de la confrontaci&oacute;n.</li>
	<li>Establece soluciones hipot&eacute;ticas a uno de los conflictos expuestos.&nbsp;&iquest;Qu&eacute; habr&iacute;as hecho para evitar la confrontaci&oacute;n?</li>
	<li>&iquest;Que ense&ntilde;anzas nos dejan los conflictos internos de los reinos y ciudades del siglo XIV y XVI?</li>
	<li>&iquest;Conocer estos conflictos nos sirve para comprender otros enfrentamientos civiles en Am&eacute;rica Latina o espec&iacute;ficamente el conflicto en Colombia?</li>
</ul>]]></def>
    </definition>
  </reaserch>
  <activity title2="" visible="false" path="">
  </activity>
</engine>