<?xml version="1.0" encoding="UTF-8"?>
<engine title="Exposición oral sobre un episodio histórico" copy="Editorial Planeta" version="1" aprid="F13">
  <section title="Presentación" path="medias/section0.jpg" image1Text="&lt;TextFlow&gt;&lt;p&gt;&lt;span fontSize=&quot;12&quot;&gt;Alejandro I de Rusia, Francisco II de Austria y Federico Guillermo III de Prusia, integrantes de la Santa Alianza, junto a Luis XVIII de Francia.&lt;/span&gt;&lt;/p&gt;&lt;/TextFlow&gt;" zoom1="true" zoom2a="false" zoom2b="false" layout="0"><![CDATA[<TextFlow><p><span>La Europa de los dos primeros tercios del siglo XIX experimentó importantes transformaciones. Estudiarlas puede resultar pesado, pero si preparamos una exposición oral ante el resto de la clase nos ayudará a asimilar el contenido del tema. </span></p><p><span></span></p><p><span>Hablar en público sobre un tema concreto es un recurso útil para comunicar y transmitir información. A veces nos centramos demasiado en los trabajos escritos y olvidamos el papel clave que tiene la expresión oral en la construcción de nuestro conocimiento.</span></p><p><span></span></p><p><span fontSize="12" fontWeight="bold">El objetivo de esta práctica es preparar una exposición oral sobre algún episodio histórico relevante. </span></p><p><span></span></p><p><span>Como paso previo de la realización de la práctica, te proponemos recordar cuáles han sido los principales conceptos presentados en la unidad </span><span fontSize="12" fontStyle="italic">La Restauración, el liberalismo y los nacionalismos</span><span>: </span></p><p><span></span></p><p paragraphStartIndent="20" styleName="bullet"><span>El Imperio napoleónico.</span></p><p paragraphStartIndent="20" styleName="bullet"><span>La Europa de la Restauración.</span></p><p paragraphStartIndent="20" styleName="bullet"><span>Las revoluciones liberales de 1820, 1830 y 1848.</span></p><p paragraphStartIndent="20" styleName="bullet"><span>La unificación de Italia.</span></p><p paragraphStartIndent="20" styleName="bullet"><span>La unificación de Alemania.</span></p><p paragraphStartIndent="20" styleName="bullet"><span>El liberalismo.</span></p><p paragraphStartIndent="20" styleName="bullet"><span>Los nacionalismos.</span></p><p><span></span></p></TextFlow>]]></section>
  <section title="Tarea" path="medias/section1.jpg" image1Text="&lt;TextFlow&gt;&lt;p&gt;&lt;span fontSize=&quot;12&quot; fontStyle=&quot;italic&quot;&gt;La libertad guiando al pueblo&lt;/span&gt;&lt;span&gt;, 1830, de Eugène Delacroix&lt;/span&gt;&lt;/p&gt;&lt;p&gt;&lt;span&gt;(Museo del Louvre, París).&lt;/span&gt;&lt;/p&gt;&lt;/TextFlow&gt;" zoom1="true" zoom2a="false" zoom2b="false" layout="1"><![CDATA[<TextFlow><p><span>Para realizar la práctica, necesitarás el material propuesto y tendrás que seguir los pasos indicados en el procedimiento.</span></p><p><span></span></p><p><span fontSize="12" fontWeight="bold">Material:</span></p><p><span></span></p><p paragraphStartIndent="20" styleName="bullet"><span>Cuaderno de estudio, libros de texto, atlas históricos, enciclopedias, etc.</span></p><p paragraphStartIndent="20" styleName="bullet"><span>Programa para hacer presentaciones de diapositivas.</span></p><p paragraphStartIndent="20" styleName="bullet"><span>Ordenador y proyector.</span></p><p><span></span></p><p><span fontSize="12" fontWeight="bold">Procedimiento:</span></p><p><span></span></p><p><span>1.º Busca la información sobre el episodio histórico o concepto sobre el que harás tu presentación.</span></p><p><span></span></p><p><span>2.º Sintetiza en un esquema las principales ideas y conceptos del tema y define la estructura que va a tener tu presentación.</span></p><p><span></span></p><p><span>3.º Redacta el guion de tu exposición. Esta debería constar de las siguientes partes:</span></p><p><span></span></p><p paragraphStartIndent="20" styleName="bullet"><span>introducción</span></p><p paragraphStartIndent="20" styleName="bullet"><span>desarrollo</span></p><p paragraphStartIndent="20" styleName="bullet"><span>conclusiones</span></p><p><span></span></p><p><span>4.º Elabora la presentación de diapositivas. Para ello, debes tener en cuenta los siguientes aspectos:</span></p><p><span></span></p><p paragraphStartIndent="20" styleName="bullet"><span>Comenzar con una portada en la que debe aparecer el título de la presentación, un subtítulo (cuando sea necesario) y el nombre de los ponentes.</span></p><p paragraphStartIndent="20" styleName="bullet"><span>Incluir un índice de contenidos.</span></p><p paragraphStartIndent="20" styleName="bullet"><span>Utilizar frases cortas, sencillas y directas para presentar los conceptos e ideas principales. </span></p><p paragraphStartIndent="20" styleName="bullet"><span>Complementar la explicación con imágenes, esquemas, mapas o gráficos.</span></p><p paragraphStartIndent="20" styleName="bullet"><span>Emplear con moderación los efectos sonoros, transición de diapositiva, acciones, etc. </span></p><p paragraphStartIndent="20" styleName="bullet"><span>Limitar el número de diapositivas (en torno a las diez o doce diapositivas).</span></p><p><span></span></p><p><span>5.º Presenta el resultado de tu trabajo al resto de la clase. Para ello, debes tener en cuenta las siguientes fases:</span></p><p><span></span></p><p paragraphStartIndent="20" styleName="bullet"><span fontSize="12" fontWeight="bold">Apertura e introducción</span><span>: saluda al auditorio y explica cuál va a ser el tema sobre el que vas a hablar, así como el orden de exposición de los distintos apartados.</span></p><p paragraphStartIndent="20" styleName="bullet"><span fontSize="12" fontWeight="bold">Desarrollo de la exposición</span><span>: presenta al auditorio la información. Recuerda hablar de forma lenta, modulando el tono de voz (alto y claro) para que el discurso no se vuelva monótono. Mira a público, no leas lo que aparece en pantalla, utiliza gestos para reforzar lo que dices, controla los tiempos y, sobre todo, emplea un lenguaje sencillo.    </span></p><p paragraphStartIndent="20" styleName="bullet"><span fontSize="12" fontWeight="bold">Síntesis y conclusión</span><span>: antes de acabar, resume las ideas principales que has expuesto y expresa tus conclusiones sobre el período o hito estudiado. </span></p><p paragraphStartIndent="20" styleName="bullet"><span fontSize="12" fontWeight="bold">Turno de preguntas</span><span>: una vez acabada tu exposición, invita a tus compañeros a plantear sus posibles dudas.</span></p><p><span></span></p><p><span>Elige alguno de los temas trabajados en la unidad y prepara una exposición siguiendo los pasos expuestos en el procedimiento que acabas de aprender.</span></p><p><span></span></p></TextFlow>]]></section>
</engine>
