﻿<?xml version="1.0" encoding="utf-8"?><motor tipo="15" clase="a" aprid="m15a">
  <plataforma>
    <grado><![CDATA[1]]></grado>
    <titulo>Reconoce inventos chinos en la Edad Antigua</titulo>
    <area>0</area>
    <nivel>1</nivel>
    <referencia/>
    <idreg><![CDATA[0]]></idreg>
    <motor><![CDATA[M15A]]></motor>
    <lang>es</lang>
  </plataforma>
  <enunciado><![CDATA[Busca en la sopa de letras diez inventos de la antigua civilización china]]></enunciado>
  <masinfo inicio="0"/>
  <calc><![CDATA[0]]></calc>
  <sinaleatoriedad><![CDATA[0]]></sinaleatoriedad>
  <tamano><![CDATA[12]]></tamano>
  <mostrarpalabras><![CDATA[1]]></mostrarpalabras>
  <correctas>
    <palabra palabra="BRUJULA" fila="1" columna="2" direccion="90"/>
    <palabra palabra="POLVORA" fila="3" columna="3" direccion="90"/>
    <palabra palabra="PAPEL" fila="4" columna="5" direccion="90"/>
    <palabra palabra="PORCELANA" fila="5" columna="1" direccion="90"/>
    <palabra palabra="TINTA" fila="6" columna="4" direccion="90"/>
    <palabra palabra="ESCRITURA" fila="7" columna="2" direccion="90"/>
    <palabra palabra="SEDA" fila="8" columna="5" direccion="90"/>
    <palabra palabra="ACUPUNTURA" fila="9" columna="1" direccion="90"/>
  </correctas>
  <falsas/>
</motor>