﻿<?xml version="1.0" encoding="utf-8"?><motor tipo="101" clase="a" aprid="m101a">
  <plataforma>
    <grado>2</grado>
    <titulo>Refuerza tu aprendizaje: India en la Antigüedad</titulo>
    <volumen/>
    <nivel><![CDATA[1]]></nivel>
    <referencia/>
    <motor/>
    <lang>es</lang>
  </plataforma>
  <enunciado><![CDATA[Realiza la siguiente actividad. Cuando termines haz click en enviar. Si es necesario, entrega las respuestas por escrito o por email a tu docente para que pueda validarlas.]]></enunciado>
  <masinfo inicio="0"/>
  <calc><![CDATA[0]]></calc>
  <preguntas cantidad="10">
    <pregunta>
      <enunciado><![CDATA[Dibuja un mapa de la India, ubica sus límites, macizos montañosos, llanuras y ríos y traza las rutas que siguieron sus primeros pobladores.]]></enunciado>
      <explicacion/>
      <nivel><![CDATA[3]]></nivel>
      <tipo/>
      <imagen/>
      <ampliacion/>
      <texto/>
    </pregunta>
    <pregunta>
      <enunciado><![CDATA[Los pueblos sedentarios que poblaron el centro de la India tuvieron un destacado desarrollo cultural. Explica las condiciones geográficas que favorecieron estos asentamientos.]]></enunciado>
      <explicacion/>
      <nivel><![CDATA[3]]></nivel>
      <tipo/>
      <imagen/>
      <ampliacion/>
      <texto/>
    </pregunta>
    <pregunta>
      <enunciado><![CDATA[Investiga cómo eran las ciudades de Mohenho-Daro y Harappa y cómo vivían sus habitantes.]]></enunciado>
      <explicacion/>
      <nivel><![CDATA[3]]></nivel>
      <tipo/>
      <imagen/>
      <ampliacion/>
      <texto/>
    </pregunta>
    <pregunta>
      <enunciado><![CDATA[Explica la importancia que tuvo la dinastía Maurya en la organización del gobierno y la sociedad de India en la Antigüedad.]]></enunciado>
      <explicacion/>
      <nivel><![CDATA[3]]></nivel>
      <tipo/>
      <imagen/>
      <ampliacion/>
      <texto/>
    </pregunta>
    <pregunta>
      <enunciado><![CDATA[¿Por qué el gobierno de los brahmanes tuvo una importante connotación religiosa?]]></enunciado>
      <explicacion/>
      <nivel><![CDATA[3]]></nivel>
      <tipo/>
      <imagen/>
      <ampliacion/>
      <texto/>
    </pregunta>
    <pregunta>
      <enunciado><![CDATA[Dibuja una pirámide de la organización de la sociedad de la India en la Antigüedad y explica las funciones desempeñadas por cada clase.]]></enunciado>
      <explicacion/>
      <nivel><![CDATA[3]]></nivel>
      <tipo/>
      <imagen/>
      <ampliacion/>
      <texto/>
    </pregunta>
    <pregunta>
      <enunciado><![CDATA[Explica la importancia del sistema de castas en India durante la Antigüedad.]]></enunciado>
      <explicacion/>
      <nivel><![CDATA[3]]></nivel>
      <tipo/>
      <imagen/>
      <ampliacion/>
      <texto/>
    </pregunta>
    <pregunta>
      <enunciado><![CDATA[Menciona las principales actividades económicas de India en la Antigüedad y las clases sociales encargadas de realizarlas.]]></enunciado>
      <explicacion/>
      <nivel><![CDATA[3]]></nivel>
      <tipo/>
      <imagen/>
      <ampliacion/>
      <texto/>
    </pregunta>
    <pregunta>
      <enunciado><![CDATA[Consulta acerca de los principios básicos del hinduismo y del budismo y explica cómo influyeron en la sociedad de India antigua.]]></enunciado>
      <explicacion/>
      <nivel><![CDATA[3]]></nivel>
      <tipo/>
      <imagen/>
      <ampliacion/>
      <texto/>
    </pregunta>
    <pregunta>
      <enunciado><![CDATA[Menciona los principales aportes culturales de India y destaca los que permanecen vigentes.]]></enunciado>
      <explicacion/>
      <nivel><![CDATA[3]]></nivel>
      <tipo/>
      <imagen/>
      <ampliacion/>
      <texto/>
    </pregunta>
  </preguntas>
</motor>