<?xml version='1.0' encoding='UTF-8'?><engine copy="Editorial Planeta" version="1" aprid="f13" title="Los efectos de la apertura económica en América Latina" >
<section title="Presentación" path="" pathAmp="" image1Text="" zoom1="false" zoom2a="false" zoom2b="false" layout="2" >
<![CDATA[<p style="text-align:center"><img src="data/imagenes/0.png" style="height:255px; width:826px" /></p>

<p style="text-align:center"><span style="font-size:25px"><span style="font-family:verdana,geneva,sans-serif">&iquest;Cu&aacute;les fueron los efectos de la apertura econ&oacute;mica<br />
en Am&eacute;rica Latina?</span></span></p>
]]></section>
<section title="Conceptos" path="2a_section1.jpg" pathAmp="" image1Text="" zoom1="false" zoom2a="false" zoom2b="false" layout="1" >
<![CDATA[<p>Antes de empezar la actividad es conveniente que repases algunos conceptos cuya comprensi&oacute;n te facilitar&aacute; la consulta y manejo de la informaci&oacute;n.</p>

<ul>
	<li>
	<p><strong>Proteccionismo</strong>: es la pol&iacute;tica econ&oacute;mica que protege la producci&oacute;n nacional imponiendo restricciones a las importaciones a trav&eacute;s de aranceles e impuestos, produciendo el encarecimiento de los productos importados, esto hace que las importaciones no sean rentables.</p>
	</li>
	<li>
	<p><strong>Apertura econ&oacute;mica:</strong> es el proceso mediante el cual la econom&iacute;a se ajusta a las realidades del mercado mundial, que requiere fortalecer la inversi&oacute;n privada e incentivar la extranjera eliminando las regulaciones y restricciones en los campos financieros fiscales y comerciales.</p>
	</li>
	<li>
	<p><strong>Globalizaci&oacute;n:</strong> es el proceso de la libre circulaci&oacute;n de mercanc&iacute;as, capitales y factores de producci&oacute;n entre los pa&iacute;ses.</p>
	</li>
</ul>
]]></section>
<section title="Objetivos " path="section2.jpg" pathAmp="" image1Text="" zoom1="false" zoom2a="false" zoom2b="false" layout="1" >
<![CDATA[<p><strong>Objetivos:</strong></p>

<ul>
	<li>Identificar las causas de la apertura econ&oacute;mica en Am&eacute;rica Latina.</li>
	<li>Analizar los efectos de la apertura econ&oacute;mica en Am&eacute;rica Latina.</li>
</ul>

<p><strong>Organizaci&oacute;n</strong>: el proyecto se puede realizar en grupos de tres o cuatro estudiantes.</p>

<p><strong>Presentaci&oacute;n:</strong> debe realizarse una infograf&iacute;a en en Power Point u otro programa que conozcas.</p>

<p><strong>Plazo:</strong> tres semanas</p>

<p><strong>Punto de partida:</strong> antes de iniciar el desarrollo del proyecto, y como punto de partida, es necesario que tengas presente el contexto latinoamericano en las dos &uacute;ltimas d&eacute;cadas del siglo XX y que te informes sobre las pol&iacute;ticas econ&oacute;micas&nbsp; de Latinoam&eacute;rica y la globalizaci&oacute;n mundial, de igual manera las caracter&iacute;sticas de la econom&iacute;a de los bloques capitalista y socialista. Para esto puedes revisar la informaci&oacute;n consignada en Aula Planeta, la Enciclopedia Planeta y consultar las siguientes p&aacute;ginas:</p>

<ul>
	<li>Apertura econ&oacute;mica [<a href="http://www.banrepcultural.org/blaavirtual/ayudadetareas/economia/apertura-economica" target="_blank">VER</a>], [<a href="http://www.colombialink.com/01_INDEX/index_finanzas/19_acuerdos.html" target="_blank">VER</a>] y [<a href="http://www.banrepcultural.org/blaavirtual/ayudadetareas/poli/poli69.htm" target="_blank">VER</a>].</li>
	<li>Los bloques econ&oacute;micos y su influencia en la integraci&oacute;n de Am&eacute;rica [<a href="http://sisbib.unmsm.edu.pe/bibvirtual/publicaciones/quipukamayoc/1998/primer/econ%C3%B3micos.htm" target="_blank">VER</a>].</li>
</ul>

<p>Y observar videos como [<a href="https://www.youtube.com/watch?v=k9GUO1am3M4" target="_blank">VER</a>].</p>

<p>Es importante plantear preguntas que se resolver&aacute;n a lo largo de la investigaci&oacute;n como por ejemplo:</p>

<ul>
	<li>&iquest;En qu&eacute; consiste la apertura econ&oacute;mica?</li>
	<li>&iquest;Cu&aacute;les son los bloques econ&oacute;micos de la econom&iacute;a mundial?</li>
	<li>&iquest;D&oacute;nde surge el inter&eacute;s por expandir la econom&iacute;a capitalista al mundo?</li>
	<li>&iquest;En qu&eacute; consiste el proteccionismo econ&oacute;mico?</li>
	<li>&iquest;Por qu&eacute; Am&eacute;rica Latina ha sido un escenario favorable para las pol&iacute;ticas de la apertura econ&oacute;mica?</li>
	<li>&iquest;Cu&aacute;les eran las condiciones econ&oacute;micas de Am&eacute;rica Latina en las d&eacute;cadas de los 80 y 90?</li>
	<li>&iquest;Cu&aacute;l fue el impacto econ&oacute;mico y social de la apertura econ&oacute;mica en Am&eacute;rica Latina?</li>
</ul>

<p>Finalmente, plantea una pregunta inicial del proyecto.</p>
]]></section>
<section title="Planificación" path2a="2a_section3.jpg" path2b="2b_section3.jpg" path2aAmp="2a_section3_big.jpg" path2bAmp="2b_section3_big.jpg" image2aText="&lt;p&gt;Ejemplo de tabla que les ayudar&amp;aacute; a realizar la planificaci&amp;oacute;n.&lt;/p&gt; " image2bText="&lt;p&gt;Ejemplo de planificaci&amp;oacute;n que les puede ayudar a organizar el proyecto.&lt;/p&gt; " zoom1="true" zoom2a="true" zoom2b="true" layout="4" >
<![CDATA[<p>Para comenzar la pr&aacute;ctica, te proponemos iniciar por organizar el trabajo de la siguiente manera.</p>

<p>1.&deg; Identificar los <strong>objetivos</strong> del proyecto.</p>

<p>2.&deg; Realizar una lista de <strong>las tareas </strong>que se deben desarrollar a lo largo del proyecto.</p>

<p>3.&deg; Definir <strong>qui&eacute;n</strong> se va a encargar de cada tarea.</p>

<p>4.&deg; Establecer <strong>el tiempo</strong> que te tomar&aacute; ampliar cada tarea.</p>

<p>5.&deg; Determinar <strong>cu&aacute;ndo y</strong> <strong>c&oacute;mo</strong> se <strong>socializar&aacute;n</strong> y organizar&aacute;n las tareas en el grupo o equipo de trabajo.</p>

<p>Para que la organizaci&oacute;n y seguimiento sea m&aacute;s sencilla, se recomienda realizar una hoja de c&aacute;lculo en la que se establezca cu&aacute;les son las tareas por realizar, el responsable y la fecha o tiempo en que debe realizarse.</p>

<p>Puedes guiarte por el cuadro imagen.</p>
]]></section>
<section title="Investigación" path="section4.jpg" pathAmp="" image1Text="" zoom1="false" zoom2a="false" zoom2b="false" layout="1" >
<![CDATA[

<p>Cuando se realiza un ejercicio de investigaci&oacute;n es importante revisar, discutir y definir cu&aacute;les ser&aacute;n los recursos y fuentes de informaci&oacute;n que pueden ser &uacute;tiles para alcanzar el objetivo. Te recomendamos las siguientes:</p>

<ul>
	<li>Consultar La Gran Enciclopedia Planeta, p&aacute;ginas web y publicaciones sobre temas hist&oacute;ricos relacionados.</li>
	<li>Es importante consultar diferentes fuentes y no quedarse solo con datos de una sola, esto complementa y ampl&iacute;a la informaci&oacute;n.</li>
	<li>La b&uacute;squeda de informaci&oacute;n se debe enfocar en la pregunta que se intenta resolver. Descarta informaci&oacute;n que no se relaciona directamente con el tema o que no es relevante.</li>
	<li>Realizar un listado de las fuentes consultadas.</li>
	<li>Resumir con tus palabras la informaci&oacute;n encontrada.</li>
</ul>

<p>Recuerda que no se debe copiar. Si vas a hacer citas textuales, estas deben ir entre comillas y con la fuente de donde se toma.</p>
]]></section>
<section title="Análisis" path="section5.jpg" pathAmp="" image1Text="" zoom1="false" zoom2a="false" zoom2b="false" layout="1" >
<![CDATA[<p>Para preparar la presentaci&oacute;n es importante resolver preguntas como las siguientes:</p>

<ul>
	<li>&iquest;Cu&aacute;les eran las condiciones econ&oacute;micas de Am&eacute;rica Latina en las d&eacute;cadas de los 80 y 90?</li>
	<li>&iquest;Qu&eacute; se entiende por Apertura econ&oacute;mica?</li>
	<li>&iquest;A qui&eacute;nes benefici&oacute; la apertura econ&oacute;mica?</li>
	<li>&iquest;C&oacute;mo se afectaron los sectores econ&oacute;micos de los pa&iacute;ses de Am&eacute;rica Latina con la apertura econ&oacute;mica?</li>
	<li>&iquest;Cu&aacute;les fueron las reformas o leyes que se impusieron en los pa&iacute;ses de Am&eacute;rica Latina para favorecer la apertura econ&oacute;mica?</li>
	<li>&iquest;Qu&eacute; repercusiones sociales, econ&oacute;micas y pol&iacute;ticas han tenido en los pa&iacute;ses de Am&eacute;rica Latina&nbsp; las pol&iacute;ticas de apertura econ&oacute;mica?</li>
	<li>Presenta por lo menos dos ejemplos de pa&iacute;ses donde se realiz&oacute; la apertura econ&oacute;mica y destaca los aspectos positivos y negativos que trajo para sus naciones esta pol&iacute;tica econ&oacute;mica.</li>
	<li>&iquest;Qu&eacute; es la globalizaci&oacute;n?</li>
	<li>Relaciona la apertura econ&oacute;mica y la globalizaci&oacute;n.</li>
	<li>&iquest;En qu&eacute; consiste el neoliberalismo?</li>
</ul>
]]></section>
<section title="Síntesis" path="section6.jpg" pathAmp="" image1Text="" zoom1="false" zoom2a="false" zoom2b="false" layout="1" >
<![CDATA[<p>Con el desarrollo de la investigaci&oacute;n han reunido informaci&oacute;n pertinente para preparar y organizar la presentaci&oacute;n sobre los efectos de la apertura econ&oacute;mica en Am&eacute;rica Latina. Para esto resulta &uacute;til revisar la presentaci&oacute;n, responder preguntas o tener en cuenta aspectos como:</p>

<ul>
	<li>&iquest;Qu&eacute; empresas nacionales&nbsp; de Am&eacute;rica Latina quebraron a ra&iacute;z de la apertura econ&oacute;mica?</li>
	<li>&iquest;Cu&aacute;les productos extranjeros invadieron los mercados nacionales en Am&eacute;rica Latina?</li>
	<li>&iquest;Qui&eacute;nes&nbsp; o qu&eacute; empresas o sectores de la econom&iacute;a se ven favorecidos con la apertura econ&oacute;mica? &iquest;Por qu&eacute; razones?</li>
	<li>&iquest;Por qu&eacute; las empresas p&uacute;blicas pierden importancia frente a las privadas?</li>
	<li>&iquest;Cu&aacute;les sectores sociales se beneficiaron y cu&aacute;les se perjudicaron con la apertura econ&oacute;mica en los pa&iacute;ses de Am&eacute;rica Latina?</li>
	<li>&iquest;Cu&aacute;les son los perjuicios y beneficios de la globalizaci&oacute;n para Am&eacute;rica Latina?</li>
	<li>&iquest;C&oacute;mo se han expresado la sociedad civil y los sectores sociales&nbsp; empobrecidos y sin oportunidades de las naciones de Am&eacute;rica Latina frente a la pol&iacute;tica de la apertura econ&oacute;mica?</li>
</ul>

<p>Por &uacute;ltimo, es importante hacer un trabajo escrito en el que se organice toda la informaci&oacute;n encontrada y planteen sus opiniones, posiciones, puntos de vista y conclusiones sobre el tema. Adem&aacute;s deben buscar im&aacute;genes, fotograf&iacute;as o ilustraciones sobre los diferentes temas para que la presentaci&oacute;n sea ilustrada y motivante para los dem&aacute;s estudiantes al momento de la exposici&oacute;n.</p>

<p>El documento debe reunir lo siguiente:</p>

<ul>
	<li>Portada</li>
	<li>&Iacute;ndice</li>
	<li>Introducci&oacute;n</li>
	<li>Desarrollo</li>
	<li>Conclusiones</li>
	<li>Bibliograf&iacute;a</li>
	<li>Anexos</li>
</ul>

<p>Es importante que incluyan los anexos la tabla en que planearon y organizaron las actividades. Pueden incluir fotograf&iacute;as, im&aacute;genes, esquemas y mapas conceptuales para dar mayor claridad al tema.</p>

<p>Recuerden revisar la ortograf&iacute;a y redacci&oacute;n del documento y preparar muy bien la presentaci&oacute;n y exposici&oacute;n del proyecto.</p>
]]></section>
<section title="Evaluación" path="" pathAmp="" image1Text="" zoom1="false" zoom2a="false" zoom2b="false" layout="2" >
<![CDATA[<p>Al finalizar el trabajo es importante analizar aspectos frente a tu desempe&ntilde;o para identificar las tareas mejor realizadas y las que debes mejorar para la pr&oacute;xima ocasi&oacute;n.</p>

<p><em><span style="font-family:verdana,sans-serif">Valora de 1 a 5, siendo 1 muy mal y 5 muy bien.</span></em></p>

<p><strong>&Iacute;TEMS DE VALORACI&Oacute;N&nbsp;&nbsp;&nbsp;&nbsp;&nbsp;&nbsp;&nbsp;&nbsp;&nbsp;&nbsp;&nbsp;</strong></p>

<p>________________________________________________________________________&nbsp;&nbsp;&nbsp;&nbsp;&nbsp;&nbsp;&nbsp;&nbsp;&nbsp;&nbsp;&nbsp;&nbsp;&nbsp;&nbsp;&nbsp;&nbsp;&nbsp;&nbsp;&nbsp;&nbsp;&nbsp;&nbsp;&nbsp;&nbsp;&nbsp;&nbsp;&nbsp;&nbsp;&nbsp;&nbsp;&nbsp;&nbsp;&nbsp;&nbsp;&nbsp;&nbsp;&nbsp;&nbsp;&nbsp;&nbsp;&nbsp;&nbsp;&nbsp;&nbsp;&nbsp;&nbsp;&nbsp;&nbsp;&nbsp;&nbsp;&nbsp;&nbsp;&nbsp;&nbsp;&nbsp;&nbsp;&nbsp;&nbsp;&nbsp;&nbsp;&nbsp;&nbsp;&nbsp;&nbsp;&nbsp;&nbsp;</p>

<p><strong>&nbsp;&nbsp;&nbsp;&nbsp;&nbsp;&nbsp;&nbsp;&nbsp;&nbsp;&nbsp;&nbsp;&nbsp;&nbsp;&nbsp;&nbsp;&nbsp;&nbsp;&nbsp;&nbsp;&nbsp;&nbsp;&nbsp;&nbsp;&nbsp;&nbsp;&nbsp;&nbsp;&nbsp;&nbsp;&nbsp;&nbsp;&nbsp;&nbsp;&nbsp;&nbsp;&nbsp;&nbsp;&nbsp;&nbsp;&nbsp;&nbsp;&nbsp;&nbsp;&nbsp;&nbsp;&nbsp;&nbsp;&nbsp;&nbsp;&nbsp;&nbsp;&nbsp;&nbsp;&nbsp;&nbsp;&nbsp;&nbsp;&nbsp;&nbsp;&nbsp;&nbsp;&nbsp;&nbsp;&nbsp;&nbsp;&nbsp;&nbsp;&nbsp;&nbsp;&nbsp;&nbsp;&nbsp;&nbsp;&nbsp;&nbsp;&nbsp;&nbsp;1&nbsp;&nbsp;&nbsp;&nbsp;&nbsp;&nbsp;&nbsp;&nbsp;&nbsp;&nbsp;&nbsp;2&nbsp;&nbsp;&nbsp;&nbsp;&nbsp;&nbsp;&nbsp;&nbsp;&nbsp;&nbsp;&nbsp;3&nbsp;&nbsp;&nbsp;&nbsp;&nbsp;&nbsp;&nbsp;&nbsp;&nbsp;&nbsp;&nbsp;4&nbsp;&nbsp;&nbsp;&nbsp;&nbsp;&nbsp;&nbsp;&nbsp;&nbsp;&nbsp;&nbsp;5</strong>&nbsp;&nbsp;&nbsp;&nbsp;&nbsp;&nbsp;&nbsp;&nbsp;&nbsp;&nbsp;&nbsp;</p>

<p><strong>Objetivos</strong>&nbsp;&nbsp;&nbsp;&nbsp;&nbsp;&nbsp;&nbsp;&nbsp;&nbsp;&nbsp;&nbsp;&nbsp;&nbsp;&nbsp;&nbsp;&nbsp;&nbsp;&nbsp;&nbsp;&nbsp;&nbsp;&nbsp;&nbsp;&nbsp;&nbsp;&nbsp;&nbsp;&nbsp;&nbsp;&nbsp;&nbsp;&nbsp;&nbsp;&nbsp;&nbsp;&nbsp;&nbsp;&nbsp;&nbsp;&nbsp;&nbsp;&nbsp;&nbsp;&nbsp;</p>

<p><strong>&middot;</strong> Han comprendido el objetivo del proyecto.</p>

<p><strong>&middot;</strong> Han participado activamente en<br />
&nbsp; la lluvia de ideas.</p>

<p><strong>&middot;</strong> Han propuesto posibles hip&oacute;tesis.</p>

<p><strong>&middot;</strong> Han previsto aspectos necesarios para<br />
&nbsp; el desarrollo de la investigaci&oacute;n.</p>

<p>________________________________________________________________________&nbsp;&nbsp;&nbsp;&nbsp;&nbsp;&nbsp;&nbsp;&nbsp;&nbsp;&nbsp;&nbsp;&nbsp;&nbsp;&nbsp;&nbsp;&nbsp;&nbsp;&nbsp;&nbsp;&nbsp;&nbsp;&nbsp;&nbsp;&nbsp;&nbsp;&nbsp;&nbsp;&nbsp;&nbsp;&nbsp;&nbsp;&nbsp;&nbsp;&nbsp;&nbsp;&nbsp;&nbsp;&nbsp;&nbsp;&nbsp;&nbsp;&nbsp;&nbsp;&nbsp;&nbsp;&nbsp;&nbsp;&nbsp;&nbsp;&nbsp;&nbsp;&nbsp;&nbsp;&nbsp;&nbsp;&nbsp;&nbsp;&nbsp;&nbsp;&nbsp;&nbsp;&nbsp;&nbsp;&nbsp;&nbsp;&nbsp;</p>

<p><strong>&nbsp;&nbsp;&nbsp;&nbsp;&nbsp;&nbsp;&nbsp;&nbsp;&nbsp;&nbsp;&nbsp;&nbsp;&nbsp;&nbsp;&nbsp;&nbsp;&nbsp;&nbsp;&nbsp;&nbsp;&nbsp;&nbsp;&nbsp;&nbsp;&nbsp;&nbsp;&nbsp;&nbsp;&nbsp;&nbsp;&nbsp;&nbsp;&nbsp;&nbsp;&nbsp;&nbsp;&nbsp;&nbsp;&nbsp;&nbsp;&nbsp;&nbsp;&nbsp;&nbsp;&nbsp;&nbsp;&nbsp;&nbsp;&nbsp;&nbsp;&nbsp;&nbsp;&nbsp;&nbsp;&nbsp;&nbsp;&nbsp;&nbsp;&nbsp;&nbsp;&nbsp;&nbsp;&nbsp;&nbsp;&nbsp;&nbsp;&nbsp;&nbsp;&nbsp;&nbsp;&nbsp;&nbsp;&nbsp;&nbsp;&nbsp;&nbsp;&nbsp;1&nbsp;&nbsp;&nbsp;&nbsp;&nbsp;&nbsp;&nbsp;&nbsp;&nbsp;&nbsp;&nbsp;2&nbsp;&nbsp;&nbsp;&nbsp;&nbsp;&nbsp;&nbsp;&nbsp;&nbsp;&nbsp;&nbsp;3&nbsp;&nbsp;&nbsp;&nbsp;&nbsp;&nbsp;&nbsp;&nbsp;&nbsp;&nbsp;&nbsp;4&nbsp;&nbsp;&nbsp;&nbsp;&nbsp;&nbsp;&nbsp;&nbsp;&nbsp;&nbsp;&nbsp;5</strong>&nbsp;&nbsp;&nbsp;&nbsp;&nbsp;&nbsp;&nbsp;&nbsp;&nbsp;&nbsp;&nbsp;</p>

<p><strong>Planificaci&oacute;n del proyecto&nbsp;&nbsp;&nbsp;&nbsp;&nbsp;&nbsp;&nbsp;&nbsp;&nbsp;&nbsp;&nbsp;</strong>&nbsp;&nbsp;&nbsp;&nbsp;&nbsp;&nbsp;&nbsp;&nbsp;&nbsp;&nbsp;&nbsp;&nbsp;&nbsp;&nbsp;&nbsp;&nbsp;&nbsp;&nbsp;&nbsp;&nbsp;&nbsp;&nbsp;&nbsp;&nbsp;&nbsp;&nbsp;&nbsp;&nbsp;&nbsp;&nbsp;&nbsp;&nbsp;&nbsp;&nbsp;&nbsp;&nbsp;&nbsp;&nbsp;&nbsp;&nbsp;&nbsp;&nbsp;&nbsp;&nbsp;&nbsp;&nbsp;&nbsp;&nbsp;&nbsp;&nbsp;&nbsp;&nbsp;&nbsp;&nbsp;&nbsp;&nbsp;&nbsp;&nbsp;&nbsp;&nbsp;&nbsp;&nbsp;&nbsp;&nbsp;&nbsp;&nbsp;&nbsp;&nbsp;&nbsp;&nbsp;&nbsp;&nbsp;&nbsp;&nbsp;&nbsp;&nbsp;&nbsp;&nbsp;&nbsp;&nbsp;&nbsp;&nbsp;&nbsp;&nbsp;&nbsp;&nbsp;&nbsp;&nbsp;</p>

<p><strong>&middot;</strong> Han participado en la planificaci&oacute;n del proyecto.</p>

<p><strong>&middot;</strong> Han contribuido a la distribuci&oacute;n de las tareas.</p>

<p><strong>&middot;</strong> Han calculado correctamente el tiempo<br />
&nbsp; para cada una de las tareas.</p>

<p><strong>&middot;</strong> Han desempe&ntilde;ado correctamente<br />
&nbsp; las tareas asignadas.</p>

<p><strong>&middot;</strong> Han distribuido de manera equitativa las tareas<br />
&nbsp; entre los integrantes del grupo.</p>

<p><strong>&middot;</strong> Han realizado las tareas asignadas<br />
&nbsp; en el tiempo previsto.</p>

<p><strong>&middot;</strong> Todos los miembros del grupo participaron.</p>

<p>________________________________________________________________________&nbsp;&nbsp;&nbsp;&nbsp;&nbsp;&nbsp;&nbsp;&nbsp;&nbsp;&nbsp;&nbsp;&nbsp;&nbsp;&nbsp;&nbsp;&nbsp;&nbsp;&nbsp;&nbsp;&nbsp;&nbsp;&nbsp;&nbsp;&nbsp;&nbsp;&nbsp;&nbsp;&nbsp;&nbsp;&nbsp;&nbsp;&nbsp;&nbsp;&nbsp;&nbsp;&nbsp;&nbsp;&nbsp;&nbsp;&nbsp;&nbsp;&nbsp;&nbsp;&nbsp;&nbsp;&nbsp;&nbsp;&nbsp;&nbsp;&nbsp;&nbsp;&nbsp;&nbsp;&nbsp;&nbsp;&nbsp;&nbsp;&nbsp;&nbsp;&nbsp;&nbsp;&nbsp;&nbsp;&nbsp;&nbsp;&nbsp;</p>

<p><strong>&nbsp;&nbsp;&nbsp;&nbsp;&nbsp;&nbsp;&nbsp;&nbsp;&nbsp;&nbsp;&nbsp;&nbsp;&nbsp;&nbsp;&nbsp;&nbsp;&nbsp;&nbsp;&nbsp;&nbsp;&nbsp;&nbsp;&nbsp;&nbsp;&nbsp;&nbsp;&nbsp;&nbsp;&nbsp;&nbsp;&nbsp;&nbsp;&nbsp;&nbsp;&nbsp;&nbsp;&nbsp;&nbsp;&nbsp;&nbsp;&nbsp;&nbsp;&nbsp;&nbsp;&nbsp;&nbsp;&nbsp;&nbsp;&nbsp;&nbsp;&nbsp;&nbsp;&nbsp;&nbsp;&nbsp;&nbsp;&nbsp;&nbsp;&nbsp;&nbsp;&nbsp;&nbsp;&nbsp;&nbsp;&nbsp;&nbsp;&nbsp;&nbsp;&nbsp;&nbsp;&nbsp;&nbsp;&nbsp;&nbsp;&nbsp;&nbsp;&nbsp;1&nbsp;&nbsp;&nbsp;&nbsp;&nbsp;&nbsp;&nbsp;&nbsp;&nbsp;&nbsp;&nbsp;2&nbsp;&nbsp;&nbsp;&nbsp;&nbsp;&nbsp;&nbsp;&nbsp;&nbsp;&nbsp;&nbsp;3&nbsp;&nbsp;&nbsp;&nbsp;&nbsp;&nbsp;&nbsp;&nbsp;&nbsp;&nbsp;&nbsp;4&nbsp;&nbsp;&nbsp;&nbsp;&nbsp;&nbsp;&nbsp;&nbsp;&nbsp;&nbsp;&nbsp;5</strong>&nbsp;&nbsp;&nbsp;&nbsp;&nbsp;&nbsp;&nbsp;&nbsp;&nbsp;&nbsp;&nbsp;</p>

<p><strong>Investigaci&oacute;n&nbsp;&nbsp;&nbsp;&nbsp;&nbsp;&nbsp;&nbsp;&nbsp;&nbsp;&nbsp;&nbsp;</strong>&nbsp;&nbsp;&nbsp;&nbsp;&nbsp;&nbsp;&nbsp;&nbsp;&nbsp;&nbsp;&nbsp;&nbsp;&nbsp;&nbsp;&nbsp;&nbsp;&nbsp;&nbsp;&nbsp;&nbsp;&nbsp;&nbsp;&nbsp;&nbsp;&nbsp;&nbsp;&nbsp;&nbsp;&nbsp;&nbsp;&nbsp;&nbsp;&nbsp;&nbsp;&nbsp;&nbsp;&nbsp;&nbsp;&nbsp;&nbsp;&nbsp;&nbsp;&nbsp;&nbsp;&nbsp;&nbsp;&nbsp;&nbsp;&nbsp;&nbsp;&nbsp;&nbsp;&nbsp;&nbsp;&nbsp;</p>

<p><strong>&middot;</strong> Han propuesto fuentes en las que se encontr&oacute;<br />
&nbsp; la informaci&oacute;n necesaria.</p>

<p><strong>&middot;</strong> Han propuesto una metodolog&iacute;a con la que<br />
&nbsp; lograron conseguir el objetivo.</p>

<p><strong>&middot;</strong> Han participado activamente en la consecuci&oacute;n<br />
&nbsp; de informaci&oacute;n y su an&aacute;lisis.</p>

<p><strong>&middot;</strong> Han hecho uso de distintas fuentes de informaci&oacute;n<br />
&nbsp; (libros, textos, p&aacute;ginas web, art&iacute;culos de prensa,<br />
&nbsp; videos, etc.)</p>

<p>________________________________________________________________________&nbsp;&nbsp;&nbsp;&nbsp;&nbsp;&nbsp;&nbsp;&nbsp;&nbsp;&nbsp;&nbsp;&nbsp;&nbsp;&nbsp;&nbsp;&nbsp;&nbsp;&nbsp;&nbsp;&nbsp;&nbsp;&nbsp;&nbsp;&nbsp;&nbsp;&nbsp;&nbsp;&nbsp;&nbsp;&nbsp;&nbsp;&nbsp;&nbsp;&nbsp;&nbsp;&nbsp;&nbsp;&nbsp;&nbsp;&nbsp;&nbsp;&nbsp;&nbsp;&nbsp;&nbsp;&nbsp;&nbsp;&nbsp;&nbsp;&nbsp;&nbsp;&nbsp;&nbsp;&nbsp;&nbsp;&nbsp;&nbsp;&nbsp;&nbsp;&nbsp;&nbsp;&nbsp;&nbsp;&nbsp;&nbsp;&nbsp;</p>

<p><strong>&nbsp;&nbsp;&nbsp;&nbsp;&nbsp;&nbsp;&nbsp;&nbsp;&nbsp;&nbsp;&nbsp;&nbsp;&nbsp;&nbsp;&nbsp;&nbsp;&nbsp;&nbsp;&nbsp;&nbsp;&nbsp;&nbsp;&nbsp;&nbsp;&nbsp;&nbsp;&nbsp;&nbsp;&nbsp;&nbsp;&nbsp;&nbsp;&nbsp;&nbsp;&nbsp;&nbsp;&nbsp;&nbsp;&nbsp;&nbsp;&nbsp;&nbsp;&nbsp;&nbsp;&nbsp;&nbsp;&nbsp;&nbsp;&nbsp;&nbsp;&nbsp;&nbsp;&nbsp;&nbsp;&nbsp;&nbsp;&nbsp;&nbsp;&nbsp;&nbsp;&nbsp;&nbsp;&nbsp;&nbsp;&nbsp;&nbsp;&nbsp;&nbsp;&nbsp;&nbsp;&nbsp;&nbsp;&nbsp;&nbsp;&nbsp;&nbsp;&nbsp;1&nbsp;&nbsp;&nbsp;&nbsp;&nbsp;&nbsp;&nbsp;&nbsp;&nbsp;&nbsp;&nbsp;2&nbsp;&nbsp;&nbsp;&nbsp;&nbsp;&nbsp;&nbsp;&nbsp;&nbsp;&nbsp;&nbsp;3&nbsp;&nbsp;&nbsp;&nbsp;&nbsp;&nbsp;&nbsp;&nbsp;&nbsp;&nbsp;&nbsp;4&nbsp;&nbsp;&nbsp;&nbsp;&nbsp;&nbsp;&nbsp;&nbsp;&nbsp;&nbsp;&nbsp;5</strong>&nbsp;&nbsp;&nbsp;&nbsp;&nbsp;&nbsp;&nbsp;&nbsp;&nbsp;&nbsp;&nbsp;</p>

<p><strong>An&aacute;lisis de la informaci&oacute;n&nbsp;&nbsp;&nbsp;&nbsp;&nbsp;&nbsp;&nbsp;&nbsp;&nbsp;&nbsp;&nbsp;</strong>&nbsp;&nbsp;&nbsp;&nbsp;&nbsp;&nbsp;&nbsp;&nbsp;&nbsp;&nbsp;&nbsp;&nbsp;&nbsp;&nbsp;&nbsp;&nbsp;&nbsp;&nbsp;&nbsp;&nbsp;&nbsp;&nbsp;&nbsp;&nbsp;&nbsp;&nbsp;&nbsp;&nbsp;&nbsp;&nbsp;&nbsp;&nbsp;&nbsp;&nbsp;&nbsp;&nbsp;&nbsp;&nbsp;&nbsp;&nbsp;&nbsp;&nbsp;&nbsp;&nbsp;&nbsp;&nbsp;&nbsp;&nbsp;&nbsp;&nbsp;&nbsp;&nbsp;&nbsp;&nbsp;&nbsp;</p>

<p><strong>&middot;</strong> Han sabido clasificar la informaci&oacute;n<br />
&nbsp; en importante e innecesaria.</p>

<p><strong>&middot;</strong> Han ordenado todos los datos antes<br />
&nbsp; de utilizarlos.</p>

<p><strong>&middot;</strong> Han utilizado los datos correctamente</p>

<p>________________________________________________________________________&nbsp;&nbsp;&nbsp;&nbsp;&nbsp;&nbsp;&nbsp;&nbsp;&nbsp;&nbsp;&nbsp;&nbsp;&nbsp;&nbsp;&nbsp;&nbsp;&nbsp;&nbsp;&nbsp;&nbsp;&nbsp;&nbsp;&nbsp;&nbsp;&nbsp;&nbsp;&nbsp;&nbsp;&nbsp;&nbsp;&nbsp;&nbsp;&nbsp;&nbsp;&nbsp;&nbsp;&nbsp;&nbsp;&nbsp;&nbsp;&nbsp;&nbsp;&nbsp;&nbsp;&nbsp;&nbsp;&nbsp;&nbsp;&nbsp;&nbsp;&nbsp;&nbsp;&nbsp;&nbsp;&nbsp;&nbsp;&nbsp;&nbsp;&nbsp;&nbsp;&nbsp;&nbsp;&nbsp;&nbsp;&nbsp;&nbsp;</p>

<p><strong>&nbsp;&nbsp;&nbsp;&nbsp;&nbsp;&nbsp;&nbsp;&nbsp;&nbsp;&nbsp;&nbsp;&nbsp;&nbsp;&nbsp;&nbsp;&nbsp;&nbsp;&nbsp;&nbsp;&nbsp;&nbsp;&nbsp;&nbsp;&nbsp;&nbsp;&nbsp;&nbsp;&nbsp;&nbsp;&nbsp;&nbsp;&nbsp;&nbsp;&nbsp;&nbsp;&nbsp;&nbsp;&nbsp;&nbsp;&nbsp;&nbsp;&nbsp;&nbsp;&nbsp;&nbsp;&nbsp;&nbsp;&nbsp;&nbsp;&nbsp;&nbsp;&nbsp;&nbsp;&nbsp;&nbsp;&nbsp;&nbsp;&nbsp;&nbsp;&nbsp;&nbsp;&nbsp;&nbsp;&nbsp;&nbsp;&nbsp;&nbsp;&nbsp;&nbsp;&nbsp;&nbsp;&nbsp;&nbsp;&nbsp;&nbsp;&nbsp;&nbsp;1&nbsp;&nbsp;&nbsp;&nbsp;&nbsp;&nbsp;&nbsp;&nbsp;&nbsp;&nbsp;&nbsp;2&nbsp;&nbsp;&nbsp;&nbsp;&nbsp;&nbsp;&nbsp;&nbsp;&nbsp;&nbsp;&nbsp;3&nbsp;&nbsp;&nbsp;&nbsp;&nbsp;&nbsp;&nbsp;&nbsp;&nbsp;&nbsp;&nbsp;4&nbsp;&nbsp;&nbsp;&nbsp;&nbsp;&nbsp;&nbsp;&nbsp;&nbsp;&nbsp;&nbsp;5</strong>&nbsp;&nbsp;&nbsp;&nbsp;&nbsp;&nbsp;&nbsp;&nbsp;&nbsp;&nbsp;&nbsp;</p>

<p><strong>S&iacute;ntesis</strong>&nbsp;&nbsp;&nbsp;&nbsp;&nbsp;&nbsp;&nbsp;&nbsp;&nbsp;&nbsp;&nbsp;&nbsp;&nbsp;&nbsp;&nbsp;&nbsp;&nbsp;&nbsp;&nbsp;&nbsp;&nbsp;&nbsp;&nbsp;&nbsp;&nbsp;&nbsp;&nbsp;&nbsp;&nbsp;&nbsp;&nbsp;&nbsp;&nbsp;</p>

<p><strong>&middot;</strong> Han dado respuesta a la pregunta principal.</p>

<p><strong>&middot;</strong> Han logrado deducir conclusiones correctas.</p>

<p><strong>&middot;</strong> Han logrado una presentaci&oacute;n comprensible.</p>

<p><strong>&middot;</strong> Han hecho una exposici&oacute;n correcta y completa.</p>

<p><strong>&middot;</strong> Han respondido las preguntas del auditorio.</p>

<p><strong>&middot;</strong> Han incorporado el contenido audiovisual<br />
&nbsp; de manera adecuada.</p>

<p><strong>&middot;</strong> Han sido creativos.&nbsp;&nbsp;&nbsp;&nbsp;&nbsp;</p>

<p>________________________________________________________________________&nbsp;&nbsp;&nbsp;&nbsp;&nbsp;&nbsp;&nbsp;&nbsp;&nbsp;&nbsp;&nbsp;&nbsp;&nbsp;&nbsp;&nbsp;&nbsp;&nbsp;&nbsp;&nbsp;&nbsp;&nbsp;&nbsp;&nbsp;&nbsp;&nbsp;&nbsp;&nbsp;&nbsp;&nbsp;&nbsp;&nbsp;&nbsp;&nbsp;&nbsp;&nbsp;&nbsp;&nbsp;&nbsp;&nbsp;&nbsp;&nbsp;&nbsp;&nbsp;&nbsp;&nbsp;&nbsp;&nbsp;&nbsp;&nbsp;&nbsp;&nbsp;&nbsp;&nbsp;&nbsp;&nbsp;&nbsp;&nbsp;&nbsp;&nbsp;&nbsp;&nbsp;&nbsp;&nbsp;&nbsp;&nbsp;&nbsp;</p>

<p><strong>&nbsp;&nbsp;&nbsp;&nbsp;&nbsp;&nbsp;&nbsp;&nbsp;&nbsp;&nbsp;&nbsp;&nbsp;&nbsp;&nbsp;&nbsp;&nbsp;&nbsp;&nbsp;&nbsp;&nbsp;&nbsp;&nbsp;&nbsp;&nbsp;&nbsp;&nbsp;&nbsp;&nbsp;&nbsp;&nbsp;&nbsp;&nbsp;&nbsp;&nbsp;&nbsp;&nbsp;&nbsp;&nbsp;&nbsp;&nbsp;&nbsp;&nbsp;&nbsp;&nbsp;&nbsp;&nbsp;&nbsp;&nbsp;&nbsp;&nbsp;&nbsp;&nbsp;&nbsp;&nbsp;&nbsp;&nbsp;&nbsp;&nbsp;&nbsp;&nbsp;&nbsp;&nbsp;&nbsp;&nbsp;&nbsp;&nbsp;&nbsp;&nbsp;&nbsp;&nbsp;&nbsp;&nbsp;&nbsp;&nbsp;&nbsp;&nbsp;&nbsp;1&nbsp;&nbsp;&nbsp;&nbsp;&nbsp;&nbsp;&nbsp;&nbsp;&nbsp;&nbsp;&nbsp;2&nbsp;&nbsp;&nbsp;&nbsp;&nbsp;&nbsp;&nbsp;&nbsp;&nbsp;&nbsp;&nbsp;3&nbsp;&nbsp;&nbsp;&nbsp;&nbsp;&nbsp;&nbsp;&nbsp;&nbsp;&nbsp;&nbsp;4&nbsp;&nbsp;&nbsp;&nbsp;&nbsp;&nbsp;&nbsp;&nbsp;&nbsp;&nbsp;&nbsp;5</strong>&nbsp;&nbsp;&nbsp;&nbsp;&nbsp;&nbsp;&nbsp;&nbsp;&nbsp;&nbsp;&nbsp;</p>

<p><strong>VALORACI&Oacute;N GLOBAL</strong></p>

<p><strong>&middot;</strong> Del trabajo realizado.</p>

<p><strong>&middot;</strong> Del documento entregado.</p>

<p><strong>&middot;</strong> Del trabajo en equipo.</p>

<p><strong>&middot;</strong> De la presentaci&oacute;n.&nbsp;&nbsp;&nbsp;&nbsp;&nbsp;&nbsp;&nbsp;&nbsp;&nbsp;&nbsp;&nbsp;&nbsp;&nbsp;&nbsp;&nbsp;&nbsp;&nbsp;&nbsp;&nbsp;&nbsp;</p>
]]></section>
</engine>