<?xml version="1.0" encoding="iso-8859-1"?>
<metadata xmlns="urn:InfoRecurso">
  <identificador>RES-5224FB267A4F4BB2AEEBD64D8B6B6D28</identificador>
  <loid>CS_09_01_CO_Recurso180</loid>
  <titulo>Causas y consecuencias de la Primera Guerra Mundial</titulo>
  <descripcion>Interactivo con video que aborda las principales causas, desarrollo y consecuencias de la primera gran contienda del �mbito mundial</descripcion>
  <relacionado>0</relacionado>
  <tiporecurso>Recurso sin ficha</tiporecurso>
  <tiempoestimado>30</tiempoestimado>
  <acciondidactica>Ejercitaci�n</acciondidactica>
  <competencia>Competencia para aprender a aprender</competencia>
  <tipomedia pesado="false" matricula="">Interactivo</tipomedia>
  <conceptos>
    <concepto>Primera Guerra mundial</concepto>
    <concepto>imperialismo</concepto>
    <concepto>Europa</concepto>
    <concepto>potencias</concepto>
    <concepto>causas</concepto>
    <concepto>consecuencias</concepto>
  </conceptos>
</metadata>