<?xml version="1.0" encoding="iso-8859-1"?>
<metadata xmlns="urn:InfoRecurso">
  <identificador>RES-37624E02CC9A4781A283BCE197992E09</identificador>
  <loid>CS_08_12_CO_Recurso200</loid>
  <titulo>Mapa conceptual</titulo>
  <descripcion>Mapa conceptual del tema La democracia</descripcion>
  <relacionado>0</relacionado>
  <tiporecurso>Recurso sin ficha</tiporecurso>
  <tiempoestimado>20</tiempoestimado>
  <acciondidactica>Exposici�n</acciondidactica>
  <competencia>Competencia para aprender a aprender</competencia>
  <tipomedia pesado="false" matricula="">Mapa conceptual</tipomedia>
  <conceptos>
    <concepto>
    </concepto>
  </conceptos>
  <autonomico>0</autonomico>
</metadata>