﻿<?xml version="1.0" encoding="utf-8"?><motor tipo="5" clase="a" aprid="m5a">
  <plataforma>
    <grado><![CDATA[2]]></grado>
    <titulo>La participación ciudadana directa e indirecta</titulo>
    <area>0</area>
    <nivel>2</nivel>
    <referencia/>
    <idreg><![CDATA[0]]></idreg>
    <motor><![CDATA[M5A]]></motor>
    <lang>es</lang>
  </plataforma>
  <enunciado><![CDATA[Lee el encunciado y selecciona la opción correcta.]]></enunciado>
  <masinfo inicio="0"/>
  <sinaleatoriedad><![CDATA[0]]></sinaleatoriedad>
  <calc><![CDATA[0]]></calc>
  <respuestaunica><![CDATA[0]]></respuestaunica>
  <test cantidad="10">
    <cuestion>
      <enunciado><![CDATA[Los dos tipos de participación de la ciudadanía en los asuntos de interés colectivo son]]></enunciado>
      <explicacion/>
      <imagen><![CDATA[CS_08_12_REC130_IMG01n.png]]></imagen>
      <ampliacion><![CDATA[CS_08_12_REC130_IMG01a.png]]></ampliacion>
      <respuestas>
        <respuesta contestacion="directa e indirecta." correcta="1"/>
        <respuesta contestacion="directa y deliberativa." correcta="0"/>
        <respuesta contestacion="indirecta y deliberativa." correcta="0"/>
        <respuesta contestacion="democrática e indirecta." correcta="0"/>
      </respuestas>
    </cuestion>
    <cuestion>
      <enunciado><![CDATA[En la participación directa los ciudadanos]]></enunciado>
      <explicacion/>
      <imagen><![CDATA[CS_08_12_REC130_IMG02n.png]]></imagen>
      <ampliacion><![CDATA[CS_08_12_REC130_IMG02a.png]]></ampliacion>
      <respuestas>
        <respuesta contestacion="toman directamente las decisiones." correcta="1"/>
        <respuesta contestacion="delegan las decisiones en otras personas." correcta="0"/>
        <respuesta contestacion="votan por sus representantes." correcta="0"/>
        <respuesta contestacion="no pueden tomar decisiones." correcta="0"/>
      </respuestas>
    </cuestion>
    <cuestion>
      <enunciado><![CDATA[El ejemplo más antiguo de participación ciudadana directa es el de]]></enunciado>
      <explicacion/>
      <imagen><![CDATA[CS_08_12_REC130_IMG03n.png]]></imagen>
      <ampliacion><![CDATA[CS_08_12_REC130_IMG03a.png]]></ampliacion>
      <respuestas>
        <respuesta contestacion="los griegos en el ágora." correcta="1"/>
        <respuesta contestacion="los legisladores en el Congreso." correcta="0"/>
        <respuesta contestacion="los reyes en la Edad Media." correcta="0"/>
        <respuesta contestacion="las elecciones posteriores a las revoluciones liberales." correcta="0"/>
      </respuestas>
    </cuestion>
    <cuestion>
      <enunciado><![CDATA[Cuando los ciudadanos eligen a otros para que los representen en el gobierno, se trata del tipo de participación]]></enunciado>
      <explicacion/>
      <imagen><![CDATA[CS_08_12_REC130_IMG04n.png]]></imagen>
      <ampliacion><![CDATA[CS_08_12_REC130_IMG04a.png]]></ampliacion>
      <respuestas>
        <respuesta contestacion="directo." correcta="0"/>
        <respuesta contestacion="indirecto." correcta="1"/>
        <respuesta contestacion="representativo." correcta="0"/>
        <respuesta contestacion="ciudadano." correcta="0"/>
      </respuestas>
    </cuestion>
    <cuestion>
      <enunciado><![CDATA[No es un ejemplo de participación directa:]]></enunciado>
      <explicacion/>
      <imagen><![CDATA[CS_08_12_REC130_IMG05n.png]]></imagen>
      <ampliacion><![CDATA[CS_08_12_REC130_IMG05a.png]]></ampliacion>
      <respuestas>
        <respuesta contestacion="El voto por el alcalde." correcta="1"/>
        <respuesta contestacion="Una manifestación en contra de un impuesto." correcta="0"/>
        <respuesta contestacion="El voto por una reforma constitucional." correcta="0"/>
        <respuesta contestacion="Un plantón pacífico frente a un Ministerio." correcta="0"/>
      </respuestas>
    </cuestion>
    <cuestion>
      <enunciado><![CDATA[Una forma de participación directa en la que los ciudadanos vigilan que los procedimientos de los funcionarios y organismos públicos sean claros, correctos y justos es]]></enunciado>
      <explicacion/>
      <imagen><![CDATA[CS_08_12_REC130_IMG06n.png]]></imagen>
      <ampliacion><![CDATA[CS_08_12_REC130_IMG06a.png]]></ampliacion>
      <respuestas>
        <respuesta contestacion="el voto programático." correcta="0"/>
        <respuesta contestacion="la veeduría ciudadana." correcta="1"/>
        <respuesta contestacion="el sufragio universal." correcta="0"/>
        <respuesta contestacion="la soberanía popular." correcta="0"/>
      </respuestas>
    </cuestion>
    <cuestion>
      <enunciado><![CDATA[Para que se desarrolle plenamente la soberanía popular en una democracia, los dos tipos de participación ciudadana]]></enunciado>
      <explicacion/>
      <imagen><![CDATA[CS_08_12_REC130_IMG07n.png]]></imagen>
      <ampliacion><![CDATA[CS_08_12_REC130_IMG07a.png]]></ampliacion>
      <respuestas>
        <respuesta contestacion="deben ser excluyentes." correcta="0"/>
        <respuesta contestacion="deben complementarse." correcta="1"/>
        <respuesta contestacion="deben eliminarse mutuamente." correcta="0"/>
        <respuesta contestacion="deben modificarse." correcta="0"/>
      </respuestas>
    </cuestion>
    <cuestion>
      <enunciado><![CDATA[La participación indirecta es útil cuando no todos los ciudadanos]]></enunciado>
      <explicacion/>
      <imagen><![CDATA[CS_08_12_REC130_IMG08n.png]]></imagen>
      <ampliacion><![CDATA[CS_08_12_REC130_IMG08a.png]]></ampliacion>
      <respuestas>
        <respuesta contestacion="pueden reunirse para tomar decisiones." correcta="1"/>
        <respuesta contestacion="pueden votar por sus representantes." correcta="0"/>
        <respuesta contestacion="pueden expresarse libremente." correcta="0"/>
        <respuesta contestacion="están de acuerdo en las ideas sobre un asunto colectivo." correcta="0"/>
      </respuestas>
    </cuestion>
    <cuestion>
      <enunciado><![CDATA[Es una acción que no se hace mediante la participación directa.]]></enunciado>
      <explicacion/>
      <imagen><![CDATA[CS_08_12_REC130_IMG09n.png]]></imagen>
      <ampliacion><![CDATA[CS_08_12_REC130_IMG09a.png]]></ampliacion>
      <respuestas>
        <respuesta contestacion="Tomar decisiones sobre asuntos de interés público." correcta="0"/>
        <respuesta contestacion="Hacer control político." correcta="0"/>
        <respuesta contestacion="Designar a un intermediario frente al Estado." correcta="1"/>
        <respuesta contestacion="Presentarles las iniciativas o necesidades a los gobernantes." correcta="0"/>
      </respuestas>
    </cuestion>
    <cuestion>
      <enunciado><![CDATA[¿Qué colectivo encarna la participación indirecta?]]></enunciado>
      <explicacion/>
      <imagen><![CDATA[CS_08_12_REC130_IMG10n.png]]></imagen>
      <ampliacion><![CDATA[CS_08_12_REC130_IMG10a.png]]></ampliacion>
      <respuestas>
        <respuesta contestacion="Partido político" correcta="1"/>
        <respuesta contestacion="Movimiento social" correcta="0"/>
        <respuesta contestacion="Asamblea estudiantil" correcta="0"/>
        <respuesta contestacion="Sindicato de trabajadores" correcta="0"/>
      </respuestas>
    </cuestion>
  </test>
</motor>