<?xml version='1.0' encoding='UTF-8'?><diaporama autoplay="false" diapoDefaultTimeOut="false" effectDefaultTimeOut="1500" textDefaultTimeOut="1000" toolbarAlign="LeftBottom" toolbarColor="White" toolbarCounter="false" toolbarCounterColor="White" toolbarMargin="40,40,40,40" fotoMargin="0,0,0,0" textMargin="40,40,40,80" aprid="diaporama"><diapo foto="fondoNegro.jpg" ><texto type="Verdana" size="54" style="Normal" color="White" align="CenterCenter" effect="normal" >Las aguas oceánicas y continentales</texto></diapo><diapo foto="CS_06_10_REC110_IMG01.jpg" ><texto type="Verdana" size="41" style="Normal" color="Black" align="CenterCenter" effect="normal" >Los
cuerpos de aguas oceánicas#y mares ocupan el 97%#del agua del planeta.  </texto></diapo><diapo foto="CS_06_10_REC110_IMG02.jpg" ><texto type="Verdana" size="32" style="Normal" color="White" align="LeftTop" effect="normal" >Los
atolones de coral#tienen gran importancia#económica, social y#cultural debido a
que#sustentan innumerables# comunidades costeras. </texto></diapo><diapo foto="CS_06_10_REC110_IMG03.jpg" ><texto type="Verdana" size="32" style="Normal" color="White" align="LeftTop" effect="normal" >

Algunas de las aguas#continentales son:#ríos, lagos,
lagunas,# humedales, glaciares#y aguas subterráneas.#Ocupan el 3% del agua#del
planeta. Es el agua#dulce del planeta.

</texto></diapo><diapo foto="CS_06_10_REC110_IMG04.jpg" ><texto type="Verdana" size="32" style="Normal" color="White" align="LeftTop" effect="normal" >

El mar muerto es#un lago  salado situado#en Cisjordania. Se# encuentra al borde de#la desaparición debido#a que su nivel
de agua#desciende al ritmo de#un
metro por año.

</texto></diapo><diapo foto="CS_06_10_REC110_IMG05.jpg" ><texto type="Verdana" size="32" style="Normal" color="White" align="LeftTop" effect="normal" >

Los humedales son puntos#estratégicos dentro de#los procesos de migración#de las aves. Algunos#están muriendo por la#contaminación de basuras#o por intervención de#obras como avenidas#o carreteras.</texto></diapo><diapo foto="CS_06_10_REC110_IMG06.jpg" ><texto type="Verdana" size="32" style="Normal" color="White" align="LeftTop" effect="normal" >

El vertimiento de aguas#contaminadas, por#ejemplo: las cloacas y#descargas industriales.#Ésto repercute en la#salud, en el bienestar#de las personas y en#el medio ambiente.</texto></diapo><diapo foto="CS_06_10_REC110_IMG07.jpg" ><texto type="Verdana" size="32" style="Normal" color="White" align="LeftTop" effect="normal" >

Las costas continentales#reciben los desechos que#se arrojan a los océanos#y mares. Los desechos#plásticos son un problema#ambiental ya que afecta#la vida marina. </texto></diapo><diapo foto="CS_06_10_REC110_IMG08.jpg" ><texto type="Verdana" size="32" style="Normal" color="White" align="LeftTop" effect="normal" >Los
gigantescos parches#de basura en los océanos#tardan cientos o miles#de años en degradarse.#La basura o desechos#provienen de los#contaminantes sólidos#arrojados en los ríos,#arrastrados hasta sus#desembocaduras y de allí#a los océanos y mares.</texto></diapo><diapo foto="CS_06_10_REC110_IMG09.jpg" ><texto type="Verdana" size="32" style="Normal" color="White" align="LeftTop" effect="normal" >

La contaminación de las#aguas fluviales disminuye#las posibilidades de tener#agua potable para los#seres humanos.

</texto></diapo><diapo foto="CS_06_10_REC110_IMG10.jpg" ><texto type="Verdana" size="32" style="Normal" color="White" align="LeftTop" effect="normal" >

Se han implementado#jornadas de limpieza#voluntaria,
buscando#disminuir la contaminación#en los mares y playas.

</texto></diapo></diaporama>