﻿<?xml version="1.0" encoding="utf-8"?>
<motor tipo="8" clase="a" aprid="m8a">
  <plataforma>
    <grado><![CDATA[2]]></grado>
    <titulo>La Ilustración en Hispanoamérica</titulo>
    <area>0</area>
    <nivel>1</nivel>
    <referencia />
    <idreg><![CDATA[0]]></idreg>
    <motor><![CDATA[M8A]]></motor>
    <lang>es</lang>
  </plataforma>
  <enunciado><![CDATA[Responde estas preguntas sobre la influencia de las ideas de la ilustración en Hispanoamérica.]]></enunciado>
  <masinfo inicio="0" />
  <sinaleatoriedad><![CDATA[0]]></sinaleatoriedad>
  <calc><![CDATA[0]]></calc>
  <respuestaunica><![CDATA[0]]></respuestaunica>
  <test cantidad="7">
    <cuestion>
      <enunciado><![CDATA[¿Las reformas de Carlos III y Fernando VI, que tienen una fuerte influencia de la ilustración son parte de cuál modelo de gobierno europeo?]]></enunciado>
      <imagen><![CDATA[Carlos3.jpg]]></imagen>
      <ampliacion><![CDATA[Carlos3.jpg]]></ampliacion>
      <explicacion><![CDATA[Estas reformas hacen parte de los cambios introducidos por el despotismo ilustrado. ]]></explicacion>
      <respuestas>
        <respuesta contestacion="Monarquía" correcta="0" />
        <respuesta contestacion="Despotismo ilustrado" correcta="on" />
        <respuesta contestacion="Democracia" correcta="0" />
        <respuesta contestacion="Mercantilismo" correcta="0" />
        <respuesta contestacion="Burguesía" correcta="0" />
      </respuestas>
    </cuestion>
    <cuestion>
      <enunciado><![CDATA[¿Cual es la casta colonial que, inspirada por las ideas de la Ilustración, busca nuevos espacios políticos dentro del imperio español?]]></enunciado>
      <imagen><![CDATA[americalatina.jpg]]></imagen>
      <ampliacion><![CDATA[americalatina.jpg]]></ampliacion>
      <explicacion><![CDATA[Los líderes de la independencia, muchos de ellos educados en Europa bajo las ideas de la ilustración eran hijos de Españoles nacidos en América: los criollos.]]></explicacion>
      <respuestas>
        <respuesta contestacion="Esclavos" correcta="0" />
        <respuesta contestacion="Indígenas" correcta="0" />
        <respuesta contestacion="Mulatos" correcta="0" />
        <respuesta contestacion="Criollos" correcta="on" />
        <respuesta contestacion="Españoles" correcta="0" />
      </respuestas>
    </cuestion>
    <cuestion>
      <enunciado><![CDATA[¿Cuál es el proyecto económico-científico, promovido por la corona española en el marco del naturalismo de la ilustración?]]></enunciado>
      <imagen><![CDATA[coronaespñola.jpg]]></imagen>
      <ampliacion><![CDATA[coronaespñola.jpg]]></ampliacion>
      <explicacion><![CDATA[En su interés por optimizar la explotación de sus colonias, los borbones promueven las expediciones botánicas para conocer mejor los recursos de sus colonias.]]></explicacion>
      <respuestas>
        <respuesta contestacion="Trata de esclavos" correcta="0" />
        <respuesta contestacion="Creación vierreinatos" correcta="0" />
        <respuesta contestacion="Evangelización" correcta="0" />
        <respuesta contestacion="Fundación Ciudades" correcta="0" />
        <respuesta contestacion="Expedición botánica" correcta="on" />
      </respuestas>
    </cuestion>
    <cuestion>
      <enunciado><![CDATA[¿Cómo se llamaba el experto encargado de la expedición botánica en el Nuevo Reino de Granada?]]></enunciado>
      <imagen><![CDATA[stock-photo-spain-circa-jose-celestino-mutis-on-pesos-oro-banknote-from-colombia-99219710.jpg]]></imagen>
      <ampliacion><![CDATA[stock-photo-spain-circa-jose-celestino-mutis-on-pesos-oro-banknote-from-colombia-99219710.jpg]]></ampliacion>
      <explicacion><![CDATA[Mutis lideró la expedición botánica. Los otros nombres son líderes de la independencia en América Latina]]></explicacion>
      <respuestas>
        <respuesta contestacion="Francisco de Paula Santander" correcta="0" />
        <respuesta contestacion="Simón Bolivar" correcta="0" />
        <respuesta contestacion="Antonio Nariño" correcta="0" />
        <respuesta contestacion="Sebastián de Belalcázar" correcta="0" />
        <respuesta contestacion="José Celestion Mutis" correcta="on" />
      </respuestas>
    </cuestion>
    <cuestion>
      <enunciado><![CDATA[¿Cuáles de estos hechos históricos influenciados por la ilustración sirvieron a su vez como modelo para las independencias de América Latina?]]></enunciado>
      <imagen><![CDATA[C.jpg]]></imagen>
      <ampliacion><![CDATA[C.jpg]]></ampliacion>
      <explicacion><![CDATA[Los procesos que sirvieron de modelo a las independencia fueron las exitosas revoluciones contra la corona Inglesa y Francesa.]]></explicacion>
      <respuestas>
        <respuesta contestacion="Revolución Francesa" correcta="on" />
        <respuesta contestacion="Descubrimiento del Telescopio" correcta="0" />
        <respuesta contestacion="Arte renacentista" correcta="0" />
        <respuesta contestacion="Independencia de Estados Unidos" correcta="on" />
        <respuesta contestacion="Reforma Protestante" correcta="0" />
      </respuestas>
    </cuestion>
    <cuestion>
      <enunciado><![CDATA[¿Cuáles pueden ser considerados como objetivos originales de las reformas influenciadas por la Ilustración impulsadas por la corona española?]]></enunciado>
      <imagen><![CDATA[simonB.jpg]]></imagen>
      <ampliacion><![CDATA[simonB.jpg]]></ampliacion>
      <explicacion><![CDATA[Todas las reformas borbonicas iban orientadas a reonvar el dominio de la corona sobre las colonias. ]]></explicacion>
      <respuestas>
        <respuesta contestacion="Controlar a los criollos" correcta="on" />
        <respuesta contestacion="Dominar los indígenas" correcta="0" />
        <respuesta contestacion="Aumentar el número de esclavos" correcta="0" />
        <respuesta contestacion="Darle participación a los criollos" correcta="0" />
        <respuesta contestacion="Afirmar el gobierno del rey" correcta="on" />
      </respuestas>
    </cuestion>
    <cuestion>
      <enunciado><![CDATA[¿Cuales de estos conceptos pueden mencionarse como influencia ideológica de la Ilustración en América Latina?]]></enunciado>
      <imagen><![CDATA[mapacolonias1.jpg]]></imagen>
      <ampliacion><![CDATA[mapacolonias1.jpg]]></ampliacion>
      <explicacion><![CDATA[Ni la esclavitud ni la independencia son influencias de la ilustración. Las otras tuvieron en alguna influencia sobre el pensamiento independentista en América Latina.]]></explicacion>
      <respuestas>
        <respuesta contestacion="La Independencia" correcta="0" />
        <respuesta contestacion="La Revolución Científica" correcta="on" />
        <respuesta contestacion="Los Derechos del Hombre" correcta="on" />
        <respuesta contestacion="Cuestionamiento de la Iglesia" correcta="on" />
        <respuesta contestacion="Esclavitud" correcta="0" />
      </respuestas>
    </cuestion>
  </test>
</motor>