<?xml version='1.0' encoding='UTF-8'?><engine copy="Editorial Planeta" version="1" aprid="f13" title="Comentario de un avance cultural de las comunidades precolombinas de Colombia" >
<section title="Presentación" path="IMG01.jpg" pathAmp="" image1Text="" zoom1="false" zoom2a="false" zoom2b="false" layout="0" >
<![CDATA[
<p>Teniendo en cuenta la imagen que encuentras a continuaci&oacute;n realiza un escrito donde puedas valorar el avance cultural de las comunidades precolombinas que incluya:</p>

<ul>
	<li>
	<p>T&iacute;tulo. Puede ser una frase o una pregunta.</p>
	</li>
	<li>
	<p>Introducci&oacute;n. Un p&aacute;rrafo donde expongas que buscaba representar cultura de San Agust&iacute;n con estas figuras, como evidencian el avance cultural que ten&iacute;a esta sociedad.</p>
	</li>
	<li>
	<p>Argumentos. Tres p&aacute;rrafos y en cada uno exponer una idea sobre los elementos puntuales de las figuras representadas. Realizar argumentos que apoyen esta idea central o ejemplos que fortalezcan la idea planteada. Si necesitas referenciar p&aacute;ginas o autores en los que te apoyaste para este ejercicio, no olvides referenciarlos en la bibliograf&iacute;a o trabajos citados.</p>
	</li>
	<li>
	<p>Conclusi&oacute;n. En el cierre de tu escrito plasma una conclusi&oacute;n del trabajo que has realizado y de la relaci&oacute;n que pudiste hallar entre la estatuaria y la cultura de San Agust&iacute;n para mostar los diferentes avances culturales de los pueblos precolombinos.</p>
	</li>
	<li>
	<p>Referencias bibliogr&aacute;ficas. Debes escribir las fuentes en las que basaste esta consulta.</p>
	</li>
</ul>
]]></section>
<section title="Tarea" path="IMG02.jpg" pathAmp="" image1Text="" zoom1="false" zoom2a="false" zoom2b="false" layout="1" >
<![CDATA[
]]></section>
</engine>