<mapa>
  <copyright>(c) Editorial Planeta</copyright>
  <version>1.0</version>
  <objeto>
    <ref>00</ref>
    <texto>LA PREHISTORIA</texto>
    <hijos>10</hijos>
    <padre/>
    <siz>0</siz>
    <negcur>00000000000000</negcur>
    <cen>1</cen>
    <img/>
  </objeto>
  <objeto>
    <ref>10</ref>
    <texto>comprende los periodos</texto>
    <hijos>20,21,22,23</hijos>
    <padre>00</padre>
    <siz>14</siz>
    <negcur>0000000000000000000000</negcur>
    <cen>1</cen>
    <img/>
  </objeto>
  <objeto>
    <ref>20</ref>
    <texto>Edad de los Metales</texto>
    <hijos>34,35</hijos>
    <padre>10</padre>
    <siz>0</siz>
    <negcur>0000000000000000000</negcur>
    <cen>1</cen>
    <img/>
  </objeto>
  <objeto>
    <ref>21</ref>
    <texto>Neolítico</texto>
    <hijos>33</hijos>
    <padre>10</padre>
    <siz>0</siz>
    <negcur>000000000</negcur>
    <cen>1</cen>
    <img/>
  </objeto>
  <objeto>
    <ref>22</ref>
    <texto>Mesolítico</texto>
    <hijos>32</hijos>
    <padre>10</padre>
    <siz>0</siz>
    <negcur>0000000000</negcur>
    <cen>1</cen>
    <img/>
  </objeto>
  <objeto>
    <ref>23</ref>
    <texto>Paleolítico</texto>
    <hijos>30,31</hijos>
    <padre>10</padre>
    <siz>0</siz>
    <negcur>00000000000</negcur>
    <cen>1</cen>
    <img/>
  </objeto>
  <objeto>
    <ref>30</ref>
    <texto>los</texto>
    <hijos>40</hijos>
    <padre>23</padre>
    <siz>0</siz>
    <negcur>000</negcur>
    <cen>1</cen>
    <img/>
  </objeto>
  <objeto>
    <ref>40</ref>
    <texto>primeros humanos</texto>
    <hijos>51</hijos>
    <padre>30</padre>
    <siz>0</siz>
    <negcur>0000000000000000</negcur>
    <cen>1</cen>
    <img/>
  </objeto>
  <objeto>
    <ref>31</ref>
    <texto>se inicia el</texto>
    <hijos>41</hijos>
    <padre>23</padre>
    <siz>0</siz>
    <negcur>000000000000</negcur>
    <cen>1</cen>
    <img/>
  </objeto>
  <objeto>
    <ref>41</ref>
    <texto>proceso de hominización</texto>
    <hijos>50</hijos>
    <padre>31</padre>
    <siz>0</siz>
    <negcur>00000000000000000000000</negcur>
    <cen>1</cen>
    <img/>
  </objeto>
  <objeto>
    <ref>50</ref>
    <texto>basado en la</texto>
    <hijos>60</hijos>
    <padre>41</padre>
    <siz>0</siz>
    <negcur>0000000000000</negcur>
    <cen>1</cen>
    <img/>
  </objeto>
  <objeto>
    <ref>60</ref>
    <texto>evolución</texto>
    <hijos>70</hijos>
    <padre>50</padre>
    <siz>0</siz>
    <negcur>000000000</negcur>
    <cen>1</cen>
    <img/>
  </objeto>
  <objeto>
    <ref>70</ref>
    <texto>de los</texto>
    <hijos>80</hijos>
    <padre>60</padre>
    <siz>0</siz>
    <negcur>000000</negcur>
    <cen>1</cen>
    <img/>
  </objeto>
  <objeto>
    <ref>80</ref>
    <texto>homínidos</texto>
    <hijos>90</hijos>
    <padre>70</padre>
    <siz>0</siz>
    <negcur>000000000</negcur>
    <cen>1</cen>
    <img/>
  </objeto>
  <objeto>
    <ref>90</ref>
    <texto>como el</texto>
    <hijos>a0,a1,a2,a3</hijos>
    <padre>80</padre>
    <siz>0</siz>
    <negcur>0000000</negcur>
    <cen>1</cen>
    <img/>
  </objeto>
  <objeto>
    <ref>a0</ref>
    <texto>Homo sapiens</texto>
    <hijos/>
    <padre>90</padre>
    <siz>0</siz>
    <negcur>111111111111</negcur>
    <cen>1</cen>
    <img/>
  </objeto>
  <objeto>
    <ref>a1</ref>
    <texto>Homo neanderthalensis</texto>
    <hijos/>
    <padre>90</padre>
    <siz>0</siz>
    <negcur>111111111111111111111</negcur>
    <cen>1</cen>
    <img/>
  </objeto>
  <objeto>
    <ref>a2</ref>
    <texto>Homo habilis</texto>
    <hijos/>
    <padre>90</padre>
    <siz>0</siz>
    <negcur>111111111111</negcur>
    <cen>1</cen>
    <img/>
  </objeto>
  <objeto>
    <ref>a3</ref>
    <texto>Australopithecus</texto>
    <hijos/>
    <padre>90</padre>
    <siz>0</siz>
    <negcur>1111111111111111</negcur>
    <cen>1</cen>
    <img/>
  </objeto>
  <objeto>
    <ref>51</ref>
    <texto>forman</texto>
    <hijos>61</hijos>
    <padre>40</padre>
    <siz>0</siz>
    <negcur>000000</negcur>
    <cen>1</cen>
    <img/>
  </objeto>
  <objeto>
    <ref>61</ref>
    <texto>pequeños grupos nómadas</texto>
    <hijos>71,72</hijos>
    <padre>51</padre>
    <siz>0</siz>
    <negcur>00000000000000000000000</negcur>
    <cen>1</cen>
    <img/>
  </objeto>
  <objeto>
    <ref>71</ref>
    <texto>que habitan en</texto>
    <hijos>81</hijos>
    <padre>61</padre>
    <siz>0</siz>
    <negcur>00000000000000</negcur>
    <cen>1</cen>
    <img/>
  </objeto>
  <objeto>
    <ref>81</ref>
    <texto>- Abrigos naturales- Cuevas</texto>
    <hijos>91</hijos>
    <padre>71</padre>
    <siz>0</siz>
    <negcur>0000000000000000000000000000</negcur>
    <cen>0</cen>
    <img/>
  </objeto>
  <objeto>
    <ref>72</ref>
    <texto>que viven de la</texto>
    <hijos>82,83,84</hijos>
    <padre>61</padre>
    <siz>0</siz>
    <negcur>000000000000000</negcur>
    <cen>1</cen>
    <img/>
  </objeto>
  <objeto>
    <ref>82</ref>
    <texto>pezca</texto>
    <hijos/>
    <padre>72</padre>
    <siz>0</siz>
    <negcur>00000</negcur>
    <cen>1</cen>
    <img/>
  </objeto>
  <objeto>
    <ref>83</ref>
    <texto>caza</texto>
    <hijos/>
    <padre>72</padre>
    <siz>0</siz>
    <negcur>0000</negcur>
    <cen>1</cen>
    <img/>
  </objeto>
  <objeto>
    <ref>84</ref>
    <texto>recolección</texto>
    <hijos/>
    <padre>72</padre>
    <siz>0</siz>
    <negcur>00000000000</negcur>
    <cen>1</cen>
    <img/>
  </objeto>
  <objeto>
    <ref>91</ref>
    <texto>donde realizan</texto>
    <hijos>a4,a5</hijos>
    <padre>81</padre>
    <siz>0</siz>
    <negcur>00000000000000</negcur>
    <cen>1</cen>
    <img/>
  </objeto>
  <objeto>
    <ref>a4</ref>
    <texto>pinturas rupestes</texto>
    <hijos/>
    <padre>91</padre>
    <siz>0</siz>
    <negcur>00000000000000000</negcur>
    <cen>1</cen>
    <img/>
  </objeto>
  <objeto>
    <ref>a5</ref>
    <texto>utensilios de piedra tallada</texto>
    <hijos/>
    <padre>91</padre>
    <siz>0</siz>
    <negcur>0000000000000000000000000000</negcur>
    <cen>1</cen>
    <img/>
  </objeto>
  <objeto>
    <ref>32</ref>
    <texto>es el</texto>
    <hijos>42</hijos>
    <padre>22</padre>
    <siz>0</siz>
    <negcur>00000</negcur>
    <cen>1</cen>
    <img/>
  </objeto>
  <objeto>
    <ref>42</ref>
    <texto>periodo de transición</texto>
    <hijos>52</hijos>
    <padre>32</padre>
    <siz>0</siz>
    <negcur>000000000000000000000</negcur>
    <cen>1</cen>
    <img/>
  </objeto>
  <objeto>
    <ref>52</ref>
    <texto>que comprende</texto>
    <hijos>62</hijos>
    <padre>42</padre>
    <siz>0</siz>
    <negcur>0000000000000</negcur>
    <cen>1</cen>
    <img/>
  </objeto>
  <objeto>
    <ref>62</ref>
    <texto>1.000 años aproximadamente (10 000 - 9 000 a.n.e.)</texto>
    <hijos/>
    <padre>52</padre>
    <siz>0</siz>
    <negcur>00000000000000000000000000000000000000000000000000</negcur>
    <cen>1</cen>
    <img/>
  </objeto>
  <objeto>
    <ref>33</ref>
    <texto>se derrolla la</texto>
    <hijos>43</hijos>
    <padre>21</padre>
    <siz>0</siz>
    <negcur>00000000000000</negcur>
    <cen>1</cen>
    <img/>
  </objeto>
  <objeto>
    <ref>43</ref>
    <texto>agricultura y ganadería</texto>
    <hijos>53</hijos>
    <padre>33</padre>
    <siz>0</siz>
    <negcur>00000000000000000000000</negcur>
    <cen>1</cen>
    <img/>
  </objeto>
  <objeto>
    <ref>53</ref>
    <texto>lo que posibilita la</texto>
    <hijos>63</hijos>
    <padre>43</padre>
    <siz>0</siz>
    <negcur>00000000000000000000</negcur>
    <cen>1</cen>
    <img/>
  </objeto>
  <objeto>
    <ref>63</ref>
    <texto>vida sedentaria</texto>
    <hijos>73</hijos>
    <padre>53</padre>
    <siz>0</siz>
    <negcur>000000000000000</negcur>
    <cen>1</cen>
    <img/>
  </objeto>
  <objeto>
    <ref>73</ref>
    <texto>así que surgen</texto>
    <hijos>85</hijos>
    <padre>63</padre>
    <siz>0</siz>
    <negcur>00000000000000</negcur>
    <cen>1</cen>
    <img/>
  </objeto>
  <objeto>
    <ref>85</ref>
    <texto>poblados estables</texto>
    <hijos>92,93</hijos>
    <padre>73</padre>
    <siz>0</siz>
    <negcur>00000000000000000</negcur>
    <cen>1</cen>
    <img/>
  </objeto>
  <objeto>
    <ref>92</ref>
    <texto>que implementan el</texto>
    <hijos>a6</hijos>
    <padre>85</padre>
    <siz>0</siz>
    <negcur>000000000000000000</negcur>
    <cen>1</cen>
    <img/>
  </objeto>
  <objeto>
    <ref>a6</ref>
    <texto>trabajo</texto>
    <hijos>b0</hijos>
    <padre>92</padre>
    <siz>0</siz>
    <negcur>0000000</negcur>
    <cen>1</cen>
    <img/>
  </objeto>
  <objeto>
    <ref>93</ref>
    <texto>que implementan la</texto>
    <hijos>a7</hijos>
    <padre>85</padre>
    <siz>0</siz>
    <negcur>000000000000000000</negcur>
    <cen>1</cen>
    <img/>
  </objeto>
  <objeto>
    <ref>a7</ref>
    <texto>división social del trabajo</texto>
    <hijos>b1</hijos>
    <padre>93</padre>
    <siz>0</siz>
    <negcur>000000000000000000000000000</negcur>
    <cen>1</cen>
    <img/>
  </objeto>
  <objeto>
    <ref>b0</ref>
    <texto>en</texto>
    <hijos>c0,c1,c2</hijos>
    <padre>a6</padre>
    <siz>0</siz>
    <negcur>00</negcur>
    <cen>1</cen>
    <img/>
  </objeto>
  <objeto>
    <ref>c0</ref>
    <texto>tejido</texto>
    <hijos/>
    <padre>b0</padre>
    <siz>0</siz>
    <negcur>000000</negcur>
    <cen>1</cen>
    <img/>
  </objeto>
  <objeto>
    <ref>c1</ref>
    <texto>cerámica</texto>
    <hijos/>
    <padre>b0</padre>
    <siz>0</siz>
    <negcur>00000000</negcur>
    <cen>1</cen>
    <img/>
  </objeto>
  <objeto>
    <ref>c2</ref>
    <texto>piedra pulida</texto>
    <hijos/>
    <padre>b0</padre>
    <siz>0</siz>
    <negcur>0000000000000</negcur>
    <cen>1</cen>
    <img/>
  </objeto>
  <objeto>
    <ref>b1</ref>
    <texto>dada por los</texto>
    <hijos>c3,c4,c5</hijos>
    <padre>a7</padre>
    <siz>0</siz>
    <negcur>000000000000</negcur>
    <cen>1</cen>
    <img/>
  </objeto>
  <objeto>
    <ref>c3</ref>
    <texto>agricultores</texto>
    <hijos/>
    <padre>b1</padre>
    <siz>0</siz>
    <negcur>000000000000</negcur>
    <cen>1</cen>
    <img/>
  </objeto>
  <objeto>
    <ref>c4</ref>
    <texto>ganaderos</texto>
    <hijos/>
    <padre>b1</padre>
    <siz>0</siz>
    <negcur>000000000</negcur>
    <cen>1</cen>
    <img/>
  </objeto>
  <objeto>
    <ref>c5</ref>
    <texto>artesanos</texto>
    <hijos/>
    <padre>b1</padre>
    <siz>0</siz>
    <negcur>000000000</negcur>
    <cen>1</cen>
    <img/>
  </objeto>
  <objeto>
    <ref>34</ref>
    <texto>se desarrolla la</texto>
    <hijos>44</hijos>
    <padre>20</padre>
    <siz>0</siz>
    <negcur>0000000000000000</negcur>
    <cen>1</cen>
    <img/>
  </objeto>
  <objeto>
    <ref>44</ref>
    <texto>metalurgia</texto>
    <hijos>54,55</hijos>
    <padre>34</padre>
    <siz>0</siz>
    <negcur>0000000000</negcur>
    <cen>1</cen>
    <img/>
  </objeto>
  <objeto>
    <ref>35</ref>
    <texto>se descubre el</texto>
    <hijos>45,46,47</hijos>
    <padre>20</padre>
    <siz>0</siz>
    <negcur>00000000000000</negcur>
    <cen>1</cen>
    <img/>
  </objeto>
  <objeto>
    <ref>45</ref>
    <texto>hierro</texto>
    <hijos/>
    <padre>35</padre>
    <siz>0</siz>
    <negcur>000000</negcur>
    <cen>1</cen>
    <img/>
  </objeto>
  <objeto>
    <ref>46</ref>
    <texto>bronce</texto>
    <hijos/>
    <padre>35</padre>
    <siz>0</siz>
    <negcur>000000</negcur>
    <cen>1</cen>
    <img/>
  </objeto>
  <objeto>
    <ref>47</ref>
    <texto>cobre</texto>
    <hijos/>
    <padre>35</padre>
    <siz>0</siz>
    <negcur>00000</negcur>
    <cen>1</cen>
    <img/>
  </objeto>
  <objeto>
    <ref>54</ref>
    <texto>y se construyen</texto>
    <hijos>64</hijos>
    <padre>44</padre>
    <siz>0</siz>
    <negcur>000000000000000</negcur>
    <cen>1</cen>
    <img/>
  </objeto>
  <objeto>
    <ref>64</ref>
    <texto>megalitos</texto>
    <hijos>75</hijos>
    <padre>54</padre>
    <siz>0</siz>
    <negcur>000000000</negcur>
    <cen>1</cen>
    <img/>
  </objeto>
  <objeto>
    <ref>55</ref>
    <texto>y se fabrican</texto>
    <hijos>65</hijos>
    <padre>44</padre>
    <siz>0</siz>
    <negcur>0000000000000</negcur>
    <cen>1</cen>
    <img/>
  </objeto>
  <objeto>
    <ref>65</ref>
    <texto>- Herramientas- Armas</texto>
    <hijos>74</hijos>
    <padre>55</padre>
    <siz>0</siz>
    <negcur>0000000000000000000000</negcur>
    <cen>0</cen>
    <img/>
  </objeto>
  <objeto>
    <ref>74</ref>
    <texto>por</texto>
    <hijos>86</hijos>
    <padre>65</padre>
    <siz>0</siz>
    <negcur>000</negcur>
    <cen>1</cen>
    <img/>
  </objeto>
  <objeto>
    <ref>86</ref>
    <texto>artesanos especializados</texto>
    <hijos/>
    <padre>74</padre>
    <siz>0</siz>
    <negcur>000000000000000000000000</negcur>
    <cen>1</cen>
    <img/>
  </objeto>
  <objeto>
    <ref>75</ref>
    <texto>como</texto>
    <hijos>87,88,89</hijos>
    <padre>64</padre>
    <siz>0</siz>
    <negcur>0000</negcur>
    <cen>1</cen>
    <img/>
  </objeto>
  <objeto>
    <ref>87</ref>
    <texto>dolmen</texto>
    <hijos/>
    <padre>75</padre>
    <siz>0</siz>
    <negcur>000000</negcur>
    <cen>1</cen>
    <img/>
  </objeto>
  <objeto>
    <ref>88</ref>
    <texto>cromlech</texto>
    <hijos/>
    <padre>75</padre>
    <siz>0</siz>
    <negcur>00000000</negcur>
    <cen>1</cen>
    <img/>
  </objeto>
  <objeto>
    <ref>89</ref>
    <texto>menhir</texto>
    <hijos/>
    <padre>75</padre>
    <siz>0</siz>
    <negcur>000000</negcur>
    <cen>1</cen>
    <img/>
  </objeto>
</mapa>