<?xml version="1.0" encoding="UTF-8"?>
<engine title="Análisis de un sitio web como fuente de información" copy="Editorial Planeta" version="1" aprid="F13">
  <section title="Presentación" path="medias/section0.jpg" image1Text="" zoom1="false" zoom2a="false" zoom2b="false" layout="1"><![CDATA[<TextFlow><p><span>Internet se ha convertido en una herramienta fundamental para el día a día de la sociedad del siglo XXI. Se trata de un elemento clave en el proceso de globalización, pues ha contribuido de forma decisiva al intercambio de información y conocimientos en todo el mundo. Al mismo tiempo, se ha convertido en una pieza de gran importancia en el engranaje de la economía global.</span></p><p><span></span></p><p><span fontSize="12" fontWeight="bold">El objetivo de esta práctica es valorar la utilidad de un sitio web como recurso para la transmisión de información y conocimiento.</span></p><p><span></span></p><p><span>Como paso previo a la realización de la práctica, te sugerimos repasar algunos conceptos clave. Para ello, puedes tratar de responder a las siguientes preguntas:</span></p><p><span></span></p><p paragraphStartIndent="20" styleName="bullet"><span>¿Qué es Internet? ¿Cuál era su función original?</span></p><p paragraphStartIndent="20" styleName="bullet"><span>¿Cuál es la importancia de Internet en el mundo globalizado?</span></p><p paragraphStartIndent="20" styleName="bullet"><span>¿Qué tipos de sitios web conoces? Pon ejemplos.</span></p><p paragraphStartIndent="20" styleName="bullet"><span>¿A través de qué medios podemos acceder a Internet en la actualidad?</span></p><p paragraphStartIndent="20" styleName="bullet"><span>¿Cómo crees que ha influido Internet en la transformación de la sociedad en las dos últimas décadas?</span></p><p paragraphStartIndent="20" styleName="bullet"><span>¿Puedes explicar con tus palabras qué es la “web 2.0”?</span></p><p><span></span></p></TextFlow>]]></section>
  <section title="Tarea" path="medias/section1.jpg" image1Text="" zoom1="true" zoom2a="true" zoom2b="true" layout="1"><![CDATA[<TextFlow><p><span>Para la realización de la práctica, utiliza el material propuesto y sigue los pasos indicados en el procedimiento.</span></p><p><span></span></p><p><span fontSize="12" fontWeight="bold">Material:</span></p><p><span></span></p><p paragraphStartIndent="20" styleName="bullet"><span>Bloc, lápiz, goma, bolígrafo, etc. </span></p><p paragraphStartIndent="20" styleName="bullet"><span>Acceso a Internet.</span></p><p paragraphStartIndent="20" styleName="bullet"><span>Procesador de texto.</span></p><p><span></span></p><p><span fontSize="12" fontWeight="bold">Procedimiento:</span></p><p><span></span></p><p><span>1º. Busca un sitio web en Internet, explóralo con atención y anota aquellos aspectos que más te llamen la atención.</span></p><p><span></span></p><p><span>2.º Presenta el sitio web. Para ello, debes hacer referencia al título, a la dirección url, a su tipología (portal, prensa electrónica, tienda virtual, página institucional, etc), al tema, al autor, al tipo de usuario al que puede ir dirigida, el idioma principal, a la dirección de contacto, al número de visitantes, etc.</span></p><p><span></span></p><p><span>3.º Describe la web a nivel formal. Para ello, debes tener en cuenta algunos elementos:</span></p><p><span></span></p><p paragraphStartIndent="20" styleName="bullet"><span>El acceso (libre o no).</span></p><p paragraphStartIndent="20" styleName="bullet"><span>La estructura de presentación de los contenidos.</span></p><p paragraphStartIndent="20" styleName="bullet"><span>El diseño gráfico (estático y dinámico).</span></p><p paragraphStartIndent="20" styleName="bullet"><span>La navegabilidad (facilidad de uso).</span></p><p paragraphStartIndent="20" styleName="bullet"><span>La interactividad (grado de interacción con el usuario).</span></p><p paragraphStartIndent="20" styleName="bullet"><span>La accesibilidad (idiomas, lector de pantalla, etc.).</span></p><p paragraphStartIndent="20" styleName="bullet"><span>Los requisitos técnicos (permisos, programas, plug-ins, etc.).</span></p><p paragraphStartIndent="20" styleName="bullet"><span>La publicidad (tiene o no, de qué tipo, etc.).</span></p><p><span></span></p><p><span>4.º Analiza los contenidos presentados teniendo en cuenta la calidad de la información que aportan, así como el valor de la misma.</span></p><p><span></span></p><p><span>5.º Expón tus conclusiones a partir del análisis realizado, valora si el sitio web cumple sus objetivos (en qué medida) y si se puede considerar una buena fuente de información. No olvides aportar tu opinión personal.</span></p><p><span></span></p><p><span>Para acabar y en base al procedimiento expuesto, busca alguna página o portal web y realiza un análisis del mismo siguiendo los pasos presentados.</span></p><p><span></span></p></TextFlow>]]></section>
</engine>
