<?xml version="1.0" encoding="UTF-8"?>
<engine title="Estudio sobre la vida en la Tierra" copy="Editorial Planeta" version="1" aprid="F13">
  <section title="Presentación" zoom1="false" zoom2a="false" zoom2b="false" layout="2"><![CDATA[<TextFlow><p textAlign="center"><img fontSize="20" height="171" width="551" source="medias/0.swf"/><span fontSize="20"></span></p><p textAlign="center"><span fontSize="20">¿Cuáles son las características que hacen </span></p><p textAlign="center"><span fontSize="20">que la Tierra sea apta para la vida?</span></p></TextFlow>]]></section>
  <section title="Conceptos" path="medias/section1.jpg" image1Text="" zoom1="false" zoom2a="true" zoom2b="true" layout="1"><![CDATA[<TextFlow><p><span>Antes de preparar el proyecto es importante que repases algunos de los conceptos que has visto en clase y que te resultarán útiles para realizar el trabajo: </span></p><p><span fontSize="12" fontWeight="bold"></span></p><p><span fontSize="12" fontWeight="bold">El Sol:</span></p><p><span fontSize="12" fontWeight="bold"></span></p><p paragraphStartIndent="20" styleName="bullet"><span fontSize="12">Sistema solar</span></p><p><span></span></p><p><span fontSize="12" fontWeight="bold">La Tierra:</span></p><p><span></span></p><p paragraphStartIndent="20" styleName="bullet"><span>Características</span></p><p><span></span></p><p><span fontSize="12" fontWeight="bold">Las capas terrestres:</span></p><p><span></span></p><p paragraphStartIndent="20" styleName="bullet"><span>Atmósfera</span></p><p paragraphStartIndent="20" styleName="bullet"><span>Hidrosfera</span></p><p paragraphStartIndent="20" styleName="bullet"><span fontSize="12">Geosfera</span></p><p><span></span></p><p><span>Para revisar los conceptos relacionados con el Sol y el sistema solar, consulta la unidad</span><span fontSize="12" fontStyle="italic"> El universo.</span></p></TextFlow>]]></section>
  <section title="Objetivos " path="medias/section2.jpg" image1Text="" zoom1="false" zoom2a="false" zoom2b="false" layout="1"><![CDATA[<TextFlow><p><span fontSize="12" fontWeight="bold">Objetivo:</span><span> identificar las características de la Tierra que hacen posible la vida.</span></p><p><span fontSize="12" fontWeight="bold">Organización:</span><span> grupos de máximo cinco personas.</span></p><p><span fontSize="12" fontWeight="bold">Presentación:</span><span> póster y exposición oral.</span></p><p><span fontSize="12" fontWeight="bold">Plazo:</span><span> tres semanas.</span></p><p><span></span></p><p><span fontSize="12" fontWeight="bold">Punto de partida:</span><span fontSize="12"> para responder a la pregunta propuesta e identificar qué características de nuestro planeta permiten la vida en él, piensa en aquello que se necesita para vivir e intenta relacionarlo con las</span><span> propiedades o elementos de la Tierra que ayudan a cubrir estas necesidades. Por ejemplo, si necesitamos protección frente a las radiaciones solares, piensa cuál es la característica terrestre que nos otorga esta protección.</span></p><p><span></span></p><p><span>Una fase importante de cualquier investigación es el planteamiento de una respuesta provisional a la pregunta del proyecto. En este caso, trata de enumerar las características de la Tierra que permiten que vivamos en ella. Cuando realices la investigación comprobarás si la respuesta era correcta.</span></p></TextFlow>]]></section>
  <section title="Planificación" path2a="medias/2a_section3.jpg" image2aText="&lt;TextFlow&gt;&lt;p&gt;&lt;span&gt;Modelo de tabla que les ayudará a realizar la planificación.&lt;/span&gt;&lt;/p&gt;&lt;/TextFlow&gt;" path2b="medias/2b_section3.jpg" image2bText="&lt;TextFlow&gt;&lt;p&gt;&lt;span&gt;Ejemplo de planificación que les puede ayudar a organizar el proyecto.&lt;/span&gt;&lt;/p&gt;&lt;/TextFlow&gt;" zoom1="true" zoom2a="true" zoom2b="true" layout="4"><![CDATA[<TextFlow><p><span>Para realizar la tarea, es necesario organizar el trabajo. Para ello pueden seguir estos pasos:</span></p><p><span></span></p><p><span>1.º Identificar el </span><span fontSize="12" fontWeight="bold">objetivo</span><span> del proyecto y tenerlo presente durante todo el desarrollo del trabajo.</span></p><p><span></span></p><p><span>2.º Enumerar las </span><span fontSize="12" fontWeight="bold">tareas</span><span> que realizarán a lo largo del proyecto. Para ello, deben tener en cuenta todos los pasos del proyecto. Por ejemplo, en la investigación tendrán que establecer los conceptos sobre los que buscarán información, elegir las fuentes, hacer la búsqueda, recopilar la información, seleccionarla y resumirla. </span></p><p><span></span></p><p><span>3.º Definir </span><span fontSize="12" fontWeight="bold">quién</span><span> va a realizar cada tarea y el </span><span fontSize="12" fontWeight="bold">tiempo</span><span> que van a dedicar a cada una de ellas.</span></p><p><span></span></p><p><span>4.º Decidir </span><span fontSize="12" fontWeight="bold">cuándo</span><span> pondrán en común la información, elaborarán el póster y prepararán la exposición oral.</span></p><p><span></span></p><p><span>Para planificar el proyecto puede resultar útil organizar las tareas en una tabla como la que adjuntamos. La primera imagen es un modelo de tabla en blanco que pueden aplicar, y la segunda imagen es un ejemplo de tabla completa utilizada en un proyecto similar y que puede servir de ayuda para rellenar la de ustedes.</span></p></TextFlow>]]></section>
  <section title="Investigación" path="medias/section4.jpg" image1Text="" zoom1="false" zoom2a="false" zoom2b="false" layout="1"><![CDATA[<TextFlow><p><span>Para realizar la investigación es importante que piensen qué recursos y fuentes de información pueden resultar útiles. Les recomendamos:</span></p><p><span></span></p><p paragraphStartIndent="20" styleName="bullet"><span>Consultar diferentes fuentes bibliográficas, ya sea yendo a la biblioteca o navegando por internet. Para buscar información en la Red es importante que tengan claras las palabras clave que deben buscar. Hagan un listado con conceptos como: características, Tierra, vida, agua, atmósfera, oxígeno, etc.</span></p><p paragraphStartIndent="20" styleName="bullet"><span>Listar todas las fuentes utilizadas.</span></p><p paragraphStartIndent="20" styleName="bullet"><span>Comprobar que la información es fiable. Para ello es importante que contrasten las fuentes y utilicen datos que procedan de organismos oficiales o científicos.</span></p><p paragraphStartIndent="20" styleName="bullet"><span>Seleccionar la información recogida según unos criterios claros. Por ejemplo, pueden comprobar si responde a preguntas como:</span></p><p><span><tab/>- ¿Trata de las características de la Tierra?</span></p><p><span><tab/>- ¿Relaciona las características del planeta con </span></p><p><span><tab/>la vida?</span></p><p><span><tab/>- ¿Indica las necesidades para la vida?</span></p><p><span><tab/>- ¿Aporta información sobre cómo se desarrolló </span></p><p><span><tab/>la vida en nuestro planeta?</span></p><p><span><tab/>- ¿Compara las características de nuestro planeta </span></p><p><span><tab/>con las de otro planeta sin vida?</span></p><p><span></span></p><p><span fontSize="12" fontWeight="bold">¡Atención!</span><span> Recuerda que no debes copiar ni utilizar la información que encuentres como si fuera tuya: debes elaborar las ideas con tus propias palabras. Puedes usar partes literales de un texto, pero debes ponerlas entre comillas y citar la fuente de la que proceden. Recuerda, además, utilizar el diccionario cuando no comprendas el significado de una palabra.</span></p></TextFlow>]]></section>
  <section title="Análisis" path="medias/section5.jpg" image1Text="" zoom1="false" zoom2a="false" zoom2b="false" layout="1"><![CDATA[<TextFlow><p><span>Con toda la información recopilada, elaboren una</span><span fontSize="12" fontWeight="bold"> tabla </span><span>donde relacionen de forma ordenada los siguientes dos grupos de datos:</span></p><p><span></span></p><p paragraphStartIndent="20" styleName="bullet"><span>Elementos que necesitamos para sobrevivir.</span></p><p paragraphStartIndent="20" styleName="bullet"><span>Características de la Tierra que permiten nuestra supervivencia. </span></p><p><span></span></p><p><span>Unan cada elemento necesario para la vida con la característica de la Tierra que lo permite, de modo que vean claramente la relación entre ambos. </span></p></TextFlow>]]></section>
  <section title="Exposición" path="medias/section6.jpg" image1Text="" zoom1="false" zoom2a="false" zoom2b="false" layout="1"><![CDATA[<TextFlow><p><span>Con la información recopilada y la tabla en la que ordenaron los datos tendrán que elaborar el </span><span fontSize="12" fontWeight="bold">póster</span><span> y preparar la</span><span fontSize="12" fontWeight="bold"> exposición oral </span><span>que respondan a la pregunta del proyecto.</span></p><p><span></span></p><p><span>Para ello, primero </span><span fontSize="12">redacten un</span><span fontSize="12" fontWeight="bold"> texto</span><span> donde resuman la información y las conclusiones a las que llegaron sobre las características de la Tierra que permiten la vida. Usen las ideas más importantes del texto para </span><span fontSize="12">elaborar</span><span fontSize="12" fontWeight="bold"> </span><span fontSize="12">la</span><span fontSize="12" fontWeight="bold"> exposición oral</span><span>. Recuerden que deben exponer los datos de forma clara y ordenada para que los compañeros comprendan su razonamiento y el resultado del estudio. </span></p><p><span></span></p><p><span>Elaboren también el </span><span fontSize="12" fontWeight="bold">póster, </span><span fontSize="12">donde</span><span fontSize="12" fontWeight="bold"> </span><span>deben reflejar de manera visual las características terrestres que definieron como imprescindibles para la vida. Pueden realizar el póster en una cartulina, pegando fotografías o haciendo dibujos. O, si lo prefieren, pueden elaborarlo en formato digital con algún programa como </span><a href="http://www.glogster.com/" target="_blank"><span>Glogster</span></a><span>, que también permite añadir imágenes en movimiento o video.</span></p><p><span></span></p><p><span>Finalmente, </span><span fontSize="12" fontWeight="bold">expongan</span><span> su trabajo usando el póster como ayuda. Distribuyan los apartados de la exposición entre los miembros del grupo, para que todos participen. Por ejemplo, cada uno puede encargarse de explicar una de las características de la Tierra esenciales para la vida. </span></p><p><span></span></p><p><span>Recuerden que, además del póster, deben entregar al profesor el </span><span fontSize="12" fontWeight="bold">texto</span><span> resumen, la </span><span fontSize="12" fontWeight="bold">tabla</span><span> elaborada en el análisis y el</span><span fontSize="12"> </span><span fontSize="12" fontWeight="bold">listado de fuentes</span><span fontSize="12"> consultadas en la investigación.</span></p></TextFlow>]]></section>
  <section title="Evaluación" zoom1="false" zoom2a="false" zoom2b="false" layout="2"><![CDATA[<TextFlow><p><span>Al acabar el proyecto, pueden hacer una autoevaluación para comprobar el desempeño en las diferentes tareas a cargo y si realizaron de forma correcta el proyecto.</span></p><p><span></span></p><p><span fontSize="12" fontStyle="italic">Valora de 1 a 5, siendo 1 muy mal y 5 muy bien. </span></p><p><span></span></p><p><span></span></p><p><span fontSize="12" fontWeight="bold">ÍTEMS DE VALORACIÓN<tab/></span></p><p><span fontSize="12">________________________________________________________________________<tab/><tab/><tab/><tab/><tab/><tab/></span></p><p><span fontSize="12" fontWeight="bold"><tab/><tab/><tab/><tab/><tab/><tab/><tab/>1<tab/>2<tab/>3<tab/>4<tab/>5</span><span><tab/></span></p><p><span fontSize="12" fontWeight="bold">Objetivos</span><span><tab/><tab/><tab/><tab/></span></p><p><span fontSize="12" fontWeight="bold">· </span><span>Has comprendido el objetivo del proyecto.<tab/></span></p><p><span fontSize="12" fontWeight="bold">· </span><span>Has propuesto posibles respuestas a la pregunta.<tab/><tab/><tab/><tab/><tab/></span></p><p><span fontSize="12" fontWeight="bold">· </span><span>Has previsto aspectos que después has</span></p><p><span color="#ffffff" fontSize="12" fontWeight="bold">· </span><span>necesitado para el desarrollo de la investigación.</span></p><p><span fontSize="12">________________________________________________________________________<tab/><tab/><tab/><tab/><tab/><tab/></span></p><p><span fontSize="12" fontWeight="bold"><tab/><tab/><tab/><tab/><tab/><tab/><tab/>1<tab/>2<tab/>3<tab/>4<tab/>5</span><span><tab/></span></p><p><span fontSize="12" fontWeight="bold">Planificación del proyecto<tab/></span><span><tab/><tab/><tab/><tab/><tab/><tab/><tab/><tab/></span></p><p><span fontSize="12" fontWeight="bold">·</span><span fontSize="12"> Has participado en la planificación del proyecto.</span></p><p><span fontSize="12" fontWeight="bold">·</span><span> Has contribuido en la distribución de tareas.</span></p><p><span fontSize="12" fontWeight="bold">·</span><span> Has calculado correctamente el tiempo</span></p><p><span color="#ffffff" fontSize="12" fontWeight="bold">· </span><span>necesario para desarrollar cada tarea.<tab/><tab/></span></p><p><span fontSize="12" fontWeight="bold">· </span><span fontSize="12">H</span><span>as desempeñado correctamente las tareas que </span></p><p><span color="#ffffff" fontSize="12" fontWeight="bold">· </span><span>te han sido asignadas.<tab/><tab/><tab/><tab/><tab/><tab/><tab/><tab/></span></p><p><span fontSize="12" fontWeight="bold">· </span><span>Has distribuido de forma equitativa las tareas</span></p><p><span color="#ffffff" fontSize="12" fontWeight="bold">· </span><span>entre los miembros del grupo.</span></p><p><span fontSize="12" fontWeight="bold">· </span><span fontSize="12">Has realizado las tareas asignadas en el tiempo</span></p><p><span color="#ffffff" fontSize="12" fontWeight="bold">· </span><span fontSize="12">previsto.</span></p><p><span fontSize="12" fontWeight="bold">· </span><span fontSize="12">Todos los miembros del grupo han participado</span></p><p><span color="#ffffff" fontSize="12" fontWeight="bold">· </span><span fontSize="12">según lo previsto.</span></p><p><span fontSize="12">________________________________________________________________________<tab/><tab/><tab/><tab/><tab/><tab/></span></p><p><span fontSize="12" fontWeight="bold"><tab/><tab/><tab/><tab/><tab/><tab/><tab/>1<tab/>2<tab/>3<tab/>4<tab/>5</span><span><tab/></span></p><p><span fontSize="12" fontWeight="bold">Investigación<tab/></span><span><tab/><tab/><tab/><tab/><tab/></span></p><p><span fontSize="12" fontWeight="bold">· </span><span>Has propuesto fuentes de información en</span></p><p><span color="#ffffff" fontSize="12" fontWeight="bold">· </span><span>las que encontrar los datos necesarios.<tab/><tab/><tab/><tab/><tab/></span></p><p><span fontSize="12" fontWeight="bold">· </span><span fontSize="12">L</span><span>a metodología propuesta ha</span><span color="#ffffff" fontSize="12" fontWeight="bold"> </span><span>sido la adecuada </span></p><p><span color="#ffffff" fontSize="12" fontWeight="bold">· </span><span>para recabar la información que hacía falta.<tab/><tab/><tab/><tab/><tab/></span></p><p><span fontSize="12" fontWeight="bold">· </span><span>Has valorado los criterios necesarios para </span></p><p><span color="#ffffff" fontSize="12" fontWeight="bold">· </span><span>seleccionar la información.</span></p><p><span fontSize="12" fontWeight="bold">· </span><span>Has participado activamente en la búsqueda</span></p><p><span color="#ffffff" fontSize="12" fontWeight="bold">· </span><span>de información.</span></p><p><span fontSize="12" fontWeight="bold">· </span><span fontSize="12">Has hecho uso de diferentes fuentes y tipos </span></p><p><span color="#ffffff" fontSize="12" fontWeight="bold">· </span><span fontSize="12">de información.</span><span><tab/><tab/><tab/><tab/></span></p><p><span fontSize="12">________________________________________________________________________<tab/><tab/><tab/><tab/><tab/><tab/></span></p><p><span fontSize="12" fontWeight="bold"><tab/><tab/><tab/><tab/><tab/><tab/><tab/>1<tab/>2<tab/>3<tab/>4<tab/>5</span><span><tab/></span></p><p><span fontSize="12" fontWeight="bold">Análisis de la información<tab/></span><span><tab/><tab/><tab/><tab/><tab/></span></p><p><span fontSize="12" fontWeight="bold">· </span><span fontSize="12">Has sabido distinguir la información importante </span></p><p><span color="#ffffff" fontSize="12" fontWeight="bold">· </span><span fontSize="12">de la superflua.<tab/></span><span><tab/><tab/><tab/><tab/><tab/></span></p><p><span fontSize="12" fontWeight="bold">· </span><span fontSize="12">Has ordenado todos los datos antes de analizarlos.</span></p><p><span fontSize="12" fontWeight="bold">· </span><span fontSize="12">Has sabido trasladar los datos en la tabla como </span></p><p><span color="#ffffff" fontSize="12" fontWeight="bold">· </span><span fontSize="12">se requería.</span></p><p><span fontSize="12">________________________________________________________________________<tab/><tab/><tab/><tab/><tab/><tab/></span></p><p><span fontSize="12" fontWeight="bold"><tab/><tab/><tab/><tab/><tab/><tab/><tab/>1<tab/>2<tab/>3<tab/>4<tab/>5</span><span><tab/></span></p><p><span fontSize="12" fontWeight="bold">Exposición</span><span><tab/><tab/><tab/></span></p><p><span fontSize="12" fontWeight="bold">·</span><span fontSize="12"> Has dado respuesta a la pregunta principal</span></p><p><span color="#ffffff" fontSize="12" fontWeight="bold">· </span><span fontSize="12">del proyecto.</span></p><p><span fontSize="12" fontWeight="bold">·</span><span fontSize="12"> </span><span>Has sabido interpretar la tabla.<tab/><tab/><tab/><tab/><tab/></span></p><p><span fontSize="12" fontWeight="bold">· </span><span>Has participado en la extracción de </span></p><p><span color="#ffffff" fontSize="12" fontWeight="bold">· </span><span>conclusiones.</span></p><p><span fontSize="12" fontWeight="bold">· </span><span>Has sabido estructurar la información</span></p><p><span color="#ffffff" fontSize="12" fontWeight="bold">· </span><span>correctamente en el texto.</span></p><p><span fontSize="12" fontWeight="bold">· </span><span>Has participado en la preparación de </span></p><p><span color="#ffffff" fontSize="12" fontWeight="bold">· </span><span>la exposición oral.</span></p><p><span fontSize="12" fontWeight="bold">· </span><span fontSize="12">Has contribuido a elaborar </span><span>el póster.</span></p><p><span fontSize="12" fontWeight="bold">· </span><span fontSize="12">Has incorporado el contenido visual adecuado.</span></p><p><span fontSize="12" fontWeight="bold">· </span><span fontSize="12">Has sido creativo.<tab/></span><span><tab/><tab/><tab/><tab/><tab/></span></p><p><span fontSize="12" fontWeight="bold">· </span><span fontSize="12">Has presentado oralmente correctamente.</span></p><p><span fontSize="12" fontWeight="bold">· </span><span fontSize="12">Ha quedado clara la información expuesta.</span></p><p><span fontSize="12" fontWeight="bold">· </span><span fontSize="12">Has sabido argumentar las afirmaciones y</span></p><p><span color="#ffffff" fontSize="12" fontWeight="bold">· </span><span fontSize="12">responder a las preguntas tras la exposición.</span></p><p><span fontSize="12">________________________________________________________________________<tab/><tab/><tab/><tab/><tab/><tab/></span></p><p><span fontSize="12" fontWeight="bold"><tab/><tab/><tab/><tab/><tab/><tab/><tab/>1<tab/>2<tab/>3<tab/>4<tab/>5</span><span><tab/></span></p><p><span fontSize="12" fontWeight="bold">VALORACIÓN GLOBAL</span></p><p><span fontSize="12" fontWeight="bold">·</span><span fontSize="12"> Del trabajo desarrollado.</span></p><p><span fontSize="12" fontWeight="bold">·</span><span fontSize="12"> De los documentos entregados.</span></p><p><span fontSize="12" fontWeight="bold">·</span><span fontSize="12"> Del trabajo en equipo.</span></p><p><span fontSize="12" fontWeight="bold">·</span><span fontSize="12"> De la exposición y defensa del trabajo.</span><span><tab/><tab/> <tab/><tab/><tab/><tab/></span></p><p><span fontSize="8"></span></p></TextFlow>]]></section>
</engine>
