﻿<?xml version="1.0" encoding="utf-8"?><engine copy="Editorial Planeta" version="1" aprid="f13" title="" >
<section title="Presentación" path="stock_photo_tree_extending_out_over_the_caribbean_sea_in_san_andres_y_providencia_colombia_125651810.jpg" pathAmp="" image1Text="" zoom1="false" zoom2a="false" zoom2b="false" layout="1" >
<![CDATA[


<p>Estudio los retos actuales de mi pa&iacute;s</p>

<p>&iquest;Cu&aacute;les son los retos actuales de mi pa&iacute;s?</p>
]]></section>
<section title="Conceptos" path="stock_photo_young_people_having_fun_in_the_beach_231750067.jpg" pathAmp="" image1Text="" zoom1="false" zoom2a="false" zoom2b="false" layout="1" >
<![CDATA[




<p>Antes de empezar la actividad es conveniente que repases algunos conceptos vistos en clase y que ser&aacute;n de gran utilidad para realizar el trabajo.</p>

<p>Desarrollo integral</p>

<p>Sociedad&nbsp; equitativa</p>

<p>Sistema de protecci&oacute;n social</p>

<p>Formaci&oacute;n de capital humano</p>

<p>Pol&iacute;ticas p&uacute;blicas</p>
]]></section>
<section title="Objetivos" path="" pathAmp="" image1Text="" zoom1="false" zoom2a="false" zoom2b="false" layout="1" >
<![CDATA[




<p><strong>Objetivos</strong></p>

<p>Identificar los problemas sociales y econ&oacute;micos m&aacute;s relevantes de Colombia y plantear posibles retos para la superaci&oacute;n de las desigualdades.</p>

<p><strong><em>Organizaci&oacute;n</em></strong></p>

<p>El proyecto se puede realizar en grupos de tres o cuatro estudiantes</p>

<p><strong><em>Presentaci&oacute;n</em></strong></p>

<p>Debe realizarse una exposici&oacute;n con soporte visual y escrito sobre los retos actuales que enfrenta nuestro pa&iacute;s. Te sugerimos una presentaci&oacute;n en Power Point, infograf&iacute;a u otro programa que conozcas.</p>

<p><strong><em>Plazo</em></strong></p>

<p>Tres semanas</p>

<p>&nbsp;</p>

<p><strong><em>Punto de partida</em></strong></p>

<p>Antes de iniciar el desarrollo del proyecto, y como punto de partida, es necesario que tengas presente el contexto colombiano actual, que te informes sobre las pol&iacute;ticas econ&oacute;micas y sociales, y el plan de desarrollo nacional. Puedes organizar una lluvia de ideas con tu grupo sobre los problemas sociales y econ&oacute;micos m&aacute;s sentidos en nuestro pa&iacute;s. Por ejemplo:</p>

<table border="1" cellpadding="0" cellspacing="0">
	<tbody>
		<tr>
			<td style="width:310px">
			<p><strong>Problema</strong></p>
			</td>
			<td style="width:85px">
			<p><strong>Causas</strong></p>
			</td>
			<td style="width:113px">
			<p><strong>Consecuencias</strong></p>
			</td>
			<td style="width:90px">
			<p><strong>Reto </strong></p>
			</td>
		</tr>
		<tr>
			<td style="width:310px">
			<p>Humanitario: hambre, pobreza, desplazamiento forzado, violencia social.</p>
			</td>
			<td style="width:85px">
			<p>&nbsp;</p>
			</td>
			<td style="width:113px">
			<p>&nbsp;</p>
			</td>
			<td style="width:90px">
			<p>&nbsp;</p>
			</td>
		</tr>
		<tr>
			<td style="width:310px">
			<p>Explotaci&oacute;n laboral y derechos laborales.</p>
			</td>
			<td style="width:85px">
			<p>&nbsp;</p>
			</td>
			<td style="width:113px">
			<p>&nbsp;</p>
			</td>
			<td style="width:90px">
			<p>&nbsp;</p>
			</td>
		</tr>
		<tr>
			<td style="width:310px">
			<p>Atenci&oacute;n en salud y protecci&oacute;n social.</p>
			</td>
			<td style="width:85px">
			<p>&nbsp;</p>
			</td>
			<td style="width:113px">
			<p>&nbsp;</p>
			</td>
			<td style="width:90px">
			<p>&nbsp;</p>
			</td>
		</tr>
		<tr>
			<td style="width:310px">
			<p>Ambientales: sobre explotaci&oacute;n de los recursos naturales, contaminaci&oacute;n.</p>
			</td>
			<td style="width:85px">
			<p>&nbsp;</p>
			</td>
			<td style="width:113px">
			<p>&nbsp;</p>
			</td>
			<td style="width:90px">
			<p>&nbsp;</p>
			</td>
		</tr>
		<tr>
			<td style="width:310px">
			<p>Crisis financiera, econom&iacute;a dependiente, producci&oacute;n y productividad.</p>
			</td>
			<td style="width:85px">
			<p>&nbsp;</p>
			</td>
			<td style="width:113px">
			<p>&nbsp;</p>
			</td>
			<td style="width:90px">
			<p>&nbsp;</p>
			</td>
		</tr>
	</tbody>
</table>

<p>Para esto puedes revisar la informaci&oacute;n consignada en aulaPlaneta, la Enciclopedia Planeta y consultar las siguientes p&aacute;ginas:</p>

<p><a href="http://www.cepal.org/publicaciones/xml/4/6194/colombiafuturo2.pdf">http://www.cepal.org/publicaciones/xml/4/6194/colombiafuturo2.pdf</a></p>

<p><a href="http://www.dinero.com/economia/articulo/los-tres-mayores-problemas-del-pais/74025">http://www.dinero.com/economia/articulo/los-tres-mayores-problemas-del-pais/74025</a></p>

<p><a href="http://www.ideaspaz.org/publications/posts/538">http://www.ideaspaz.org/publications/posts/538</a></p>

<p><a href="http://www.ideaspaz.org/publications/posts/1289">http://www.ideaspaz.org/publications/posts/1289</a></p>

<p>&nbsp;</p>
]]></section>
<section title="Planificación" path="" pathAmp="" image1Text="" zoom1="false" zoom2a="false" zoom2b="false" layout="1" >
<![CDATA[




<p>Para realizar el proyecto, el primer punto de partida consiste en organizar el trabajo. Se sugieren estos pasos:</p>

<p>1.&deg; Identificar el <strong>objetivo</strong> del proyecto.</p>

<p>2.&deg; Listar las <strong>tareas</strong> que deben completar a lo largo del proyecto.</p>

<p>3.&deg; Definir <strong>qui&eacute;n</strong> (o <strong>qui&eacute;nes</strong>) va a realizar cada una de las tareas o actividades que deben desarrollarse para llegar al objetivo.</p>

<p>4.&deg; Establecer el <strong>tiempo</strong> que deber&aacute;n dedicar a cada tarea.</p>

<p>5.&deg; Definir <strong>c&oacute;mo</strong> y <strong>cu&aacute;ndo</strong> se entregar&aacute; el trabajo escrito, se preparar&aacute; el soporte visual y se har&aacute; la exposici&oacute;n.</p>

<p>Cuando se requiere planificar una tarea, es de gran ayuda utilizar una tabla o una hoja de c&aacute;lculo en la que se registren datos como por ejemplo, los nombres de los miembros del grupo, las tareas a cargo de cada persona, el tiempo que se dedicar&aacute; a cada tarea, las fechas de entrega de cada parte del proyecto, del trabajo final y de la socializaci&oacute;n, entre otras.</p>

<p>En la primera imagen adjunta pueden observar un ejemplo de estructura de la tabla que les ayudar&aacute; a orientar su planificaci&oacute;n.</p>

<p>En la segunda imagen se muestra un ejemplo de planificaci&oacute;n de un proyecto similar que les puede servir de ayuda.</p>
]]></section>
<section title="Investigación" path="" pathAmp="" image1Text="" zoom1="false" zoom2a="false" zoom2b="false" layout="1" >
<![CDATA[




<p>A la hora de realizar la investigaci&oacute;n, es importante que piensen y discutan sobre los recursos y fuentes de informaci&oacute;n que pueden resultar de utilidad. Se recomienda:</p>

<ul>
	<li>Buscar posibles fuentes a partir de un listado de palabras y conceptos clave.</li>
	<li>Consultar publicaciones y sitios webs confiables, como el Departamento Nacional de&nbsp; Planeaci&oacute;n. <a href="https://colaboracion.dnp.gov.co/CDT/Desarrollo%20Social/CARTILLA_SOCIAL_septiembre_2012%20%282%29.pdf">https://colaboracion.dnp.gov.co/CDT/Desarrollo%20Social/CARTILLA_SOCIAL_septiembre_2012%20%282%29.pdf</a></li>
	<li>Acudir a instituciones que pueden ofrecer informaci&oacute;n &uacute;til como bibliotecas, o entidades p&uacute;blicas. En este caso deben preparar las preguntas que gu&iacute;an la investigaci&oacute;n, de tal forma que la visita resulte productiva.</li>
	<li>Estudiar la informaci&oacute;n de prensa y revistas especializadas como: <a href="http://www.portafolio.co/">www.portafolio.co/</a><cite> &nbsp;</cite><a href="http://www.dinero.com/">www.dinero.com/</a>&nbsp; <a href="http://www.semana.com/seccion/economia/4-1">www.semana.com/seccion/economia/4-1</a>&nbsp; <a href="http://www.revistas.unal.edu.co/index.php/ceconomia">www.<strong>revistas</strong>.unal.edu.co/index.php/ceconomia</a>&nbsp; <a href="http://www.ceconomia.unal.edu.co/">www.ceconomia.unal.edu.co/</a></li>
	<li>Comparar la informaci&oacute;n recopilada y comprobar si es correcta.</li>
	<li>Utilizar s&oacute;lo la informaci&oacute;n que sea de utilidad y descartar la que no se requiera.</li>
	<li>Estudiar la informaci&oacute;n, clasificarla seg&uacute;n los subtemas y elaborar una s&iacute;ntesis de cada uno.</li>
	<li>Elaborar una lista con las fuentes consultadas: libros, webs, prensa, etc.</li>
	<li>Resumir la informaci&oacute;n y formular conclusiones.</li>
</ul>

<p><strong>&iexcl;Atenci&oacute;n! </strong>Bajo ninguna circunstancia deber&aacute;n copiar el material y utilizarlo como si fuera propio. Su trabajo consiste en estudiar la informaci&oacute;n, hacer s&iacute;ntesis con sus propias palabras y formular sus conclusiones. Si precisan recuperar un texto de manera literal, este debe ir entre comillas y con la respectiva fuente.</p>

<p>&nbsp;</p>
]]></section>
<section title="Análisis" path="" pathAmp="" image1Text="" zoom1="false" zoom2a="false" zoom2b="false" layout="1" >
<![CDATA[




<p>A partir de la informaci&oacute;n recopilada deben seleccionar los datos m&aacute;s relevantes sobre los problemas y retos que tiene nuestro pa&iacute;s en la actualidad, que permitan alcanzar el objetivo:</p>

<ul>
	<li>Identificar el problema.</li>
	<li>Identificar las causas y las consecuencias del problema.</li>
	<li>Plantear los retos o estrategias para la superaci&oacute;n del problema.</li>
</ul>

<p>A partir del an&aacute;lisis de esta informaci&oacute;n se proceder&aacute; a elaborar el <strong>trabajo escrito</strong> en el que se deben detallar los pasos que siguieron en la investigaci&oacute;n y plasmar los resultados, el an&aacute;lisis, la respuesta a la pregunta central y las conclusiones a las que llegaron.</p>

<p>El documento se organizar&aacute; de la siguiente manera:</p>

<ul>
	<li>portada</li>
	<li>&iacute;ndice</li>
	<li>introducci&oacute;n</li>
	<li>desarrollo</li>
	<li>conclusiones</li>
	<li>bibliograf&iacute;a</li>
</ul>

<p>El trabajo se puede ilustrar con dibujos, fotograf&iacute;as o esquemas como mapas conceptuales por problema, que apoyen la investigaci&oacute;n. Recuerden revisar y corregir la ortograf&iacute;a y la redacci&oacute;n.</p>
]]></section>
<section title="Síntesis" path="" pathAmp="" image1Text="" zoom1="false" zoom2a="false" zoom2b="false" layout="1" >
<![CDATA[




<p>A partir de la investigaci&oacute;n realizada, obtuvieron una informaci&oacute;n que les permiti&oacute; elaborar el trabajo escrito que debe servir como base para elaborar conclusiones en las que incorporen informaci&oacute;n como:</p>

<ul>
	<li>Una s&iacute;ntesis de los principales problemas sociales y econ&oacute;micos.</li>
	<li>Un planteamiento de los retos para la superaci&oacute;n de los problemas.</li>
	<li>Gr&aacute;ficas estad&iacute;sticas que condensen la informaci&oacute;n sobre cada uno de los problemas investigados.</li>
	<li>Respuesta a la pregunta inicial.</li>
	<li>Conclusiones.</li>
</ul>

<p>Para finalizar, se debe preparar la exposici&oacute;n del tema. Para que resulte interesante y motive a los compa&ntilde;eros, pueden recurrir a presentar las ideas principales y las im&aacute;genes de apoyo con fotograf&iacute;as, titulares de prensa, videos cortos sobre notas period&iacute;sticas.</p>

<p>Se sugiere repartir los temas a exponer entre todos los miembros del grupo y elaborar s&iacute;ntesis en fichas que podr&aacute;n utilizar mientras se dirigen al p&uacute;blico.</p>
]]></section>
<section title="Evaluación" path="" pathAmp="" image1Text="" zoom1="false" zoom2a="false" zoom2b="false" layout="2" >
<![CDATA[




]]></section>
</engine>