﻿<?xml version="1.0" encoding="utf-8"?>
<motor tipo="2" clase="a" aprid="m2a">
  <plataforma>
    <grado><![CDATA[1]]></grado>
    <titulo>Analiza condiciones de vida del proletariado</titulo>
    <area>0</area>
    <nivel>2</nivel>
    <referencia />
    <idreg><![CDATA[0]]></idreg>
    <motor><![CDATA[M2A]]></motor>
    <lang>es</lang>
  </plataforma>
  <enunciado><![CDATA[Completa los espacios en blanco del texto, con las palabras que se encuentran en la parte inferior. ]]></enunciado>
  <masinfo inicio="0" />
  <calc><![CDATA[0]]></calc>
  <sonido />
  <textoacategoria>
    <cuestion>
      <pregunta><![CDATA[Si hubo un factor que determinó las vidas de los obreros del siglo XIX, ese fue la [*]. Al comienzo de la semana no sabían cuánto [*] podrían llevar a sus casas cuando finalizara. No sabían cuánto iba a durar su [*] o, si lo perdían, cuándo podrían conseguir otro empleo, o bajo qué [*]. No tenían seguridad [*] y, aunque eran conscientes de que en un cierto momento de su vida, en la edad [*] serían incapaces de llevar a cabo, en toda su extensión, el trabajo físico de un [*], no sabían qué les pasaría entre ese momento y la muerte. La clase obrera se hallaba a un paso de la [*], porque la inseguridad era constante y real. Los que podían vivir de sus ahorros por algunas pocas semanas o meses, constituían una clase rara.]]></pregunta>
      <respuestas>
        <respuesta orden="1"><![CDATA[inseguridad]]></respuesta>
        <respuesta orden="2"><![CDATA[dinero]]></respuesta>
        <respuesta orden="3"><![CDATA[trabajo]]></respuesta>
        <respuesta orden="4"><![CDATA[condiciones]]></respuesta>
        <respuesta orden="5"><![CDATA[social]]></respuesta>
        <respuesta orden="6"><![CDATA[madura]]></respuesta>
        <respuesta orden="7"><![CDATA[adulto]]></respuesta>
        <respuesta orden="8"><![CDATA[inopia]]></respuesta>
      </respuestas>
    </cuestion>
  </textoacategoria>
  <textofalso cantidad="0" />
</motor>