<?xml version="1.0" encoding="iso-8859-1"?>
<metadata xmlns="urn:InfoRecurso">
  <identificador>RES-D5609C22B2954D36BDD9A67B65F85BF1</identificador>
  <loid>CS_09_04_CO_Recurso200</loid>
  <titulo>El gobierno militar</titulo>
  <descripcion>Actividad para revisar hechos relacionados con el gobierno militar</descripcion>
  <relacionado>0</relacionado>
  <tiporecurso>Recurso sin ficha</tiporecurso>
  <tiempoestimado>20</tiempoestimado>
  <acciondidactica>Estudio</acciondidactica>
  <competencia>Competencia social y ciudadana</competencia>
  <tipomedia pesado="false" matricula="">Actividad</tipomedia>
  <conceptos>
    <concepto>gobiernos militares</concepto>
    <concepto>Gustavo Rojas Pinilla</concepto>
    <concepto>Junta militar</concepto>
    <concepto>Sendas</concepto>
  </conceptos>
</metadata>