<?xml version="1.0" encoding="iso-8859-1"?>
<metadata xmlns="urn:InfoRecurso">
  <identificador>RES-486A81C70C9F4406B5085A72B64E5660</identificador>
  <loid>CS_08_06_CO_Recurso180</loid>
  <titulo>Banco de actividades: La sociedad industrial y sus ideolog�as</titulo>
  <descripcion>Motor que incluye actividades de respuesta abierta del tema La sociedad industrial y sus ideolog�as</descripcion>
  <relacionado>0</relacionado>
  <tiporecurso>Recurso sin ficha</tiporecurso>
  <tiempoestimado>30</tiempoestimado>
  <acciondidactica>Generador de actividades</acciondidactica>
  <competencia>Competencia social y ciudadana</competencia>
  <tipomedia pesado="false" matricula="">Actividad</tipomedia>
  <conceptos>
    <concepto>
    </concepto>
  </conceptos>
</metadata>