<?xml version='1.0' encoding='UTF-8'?><engine copy="Editorial Planeta" version="1" aprid="f13" title="La Edad Moderna en el siglo XXI" >
<section title="Presentación" path="" pathAmp="" image1Text="" zoom1="false" zoom2a="false" zoom2b="false" layout="2" >
<![CDATA[<p style="text-align:center"><img alt="" src="data/imagenes/CS_07_04_REC250_IMG01a.jpg" style="height:235px; width:800px" /></p>

<p style="text-align:center"><span style="font-size:25px"><span style="font-family:verdana,geneva,sans-serif">&iquest;C&oacute;mo ha influido la Edad Moderna en</span></span><br />
<span style="font-size:25px"><span style="font-family:verdana,geneva,sans-serif">la sociedad del siglo XXI?</span></span></p>
]]></section>
<section title="Conceptos" path="CS_07_04_REC250_IMG02n.jpg" pathAmp="CS_07_04_REC250_IMG02a.jpg" image1Text="&lt;p&gt;Ciudad Vaticano, Roma&lt;/p&gt; " zoom1="true" zoom2a="false" zoom2b="false" layout="1" >
<![CDATA[
<p>Antes de comenzar tu proyecto debes definir y clarificar&nbsp;algunos conceptos que ser&aacute;n &uacute;tiles para lograr el objetivo del proyecto:</p>

<ul>
	<li>
	<p>Ciencia y Tecnolog&iacute;a</p>
	</li>
	<li>
	<p>Estado L&aacute;ico</p>
	</li>
	<li>
	<p>Soberan&iacute;a</p>
	</li>
	<li>
	<p>Arte Moderno</p>
	</li>
</ul>

<p>&nbsp;</p>
]]></section>
<section title="Objetivos" path="CS_07_04_REC250_IMG03n.jpg" pathAmp="" image1Text="" zoom1="false" zoom2a="false" zoom2b="false" layout="1" >
<![CDATA[
<p><strong>Objetivo:</strong> Investigar las consecuencias pol&iacute;ticas, econ&oacute;micas y culturales de la Edad Moderna sobre el mundo occidental que perduran hasta nuestros d&iacute;as.&nbsp;</p>

<p><strong>Organizaci&oacute;n:&nbsp;</strong>Grupos de dos personas.</p>

<p><strong>Presentaci&oacute;n:&nbsp;</strong>Exposici&oacute;n oral con soporte digital.</p>

<p><strong>Plazo:&nbsp;</strong>Dos semanas.</p>

<p><strong>Punto de partida:&nbsp;</strong>Para poder alcanzar tu objetivo&nbsp;te proponemos que empieces por dar tu propia definici&oacute;n de los conceptos propuestos anteriormente. Al mismo tiempo, escribe una lista de conceptos, hechos y personajes que conozcas sobre la Edad Moderna. Tambi&eacute;n&nbsp;en esa lista anota&nbsp;preguntas que tengas sobre los conceptos o sobre los componentes de la pregunta del proyecto, por ejemplo:</p>

<p>- &iquest;Cual es la relaci&oacute;n actual entre Estado e Iglesia en distintos pa&iacute;ses del mundo?</p>

<p>- &iquest;Qu&eacute; adelantos cient&iacute;ficos o tecnol&oacute;gicos siguieron a los que se consiguieron durante la Revoluci&oacute;n Ci&eacute;ntifica del siglo XVI?</p>

<p>- &iquest;Cu&aacute;l es el movimiento art&iacute;stico que le sigui&oacute; al Renacimiento?</p>

<p>- &iquest;Cu&aacute;les son las influencias de la Edad Moderna sobre el arte, la pol&iacute;tica y la econom&iacute;a en el siglo XXI?</p>
]]></section>
<section title="Planificación" path2a="2a_section3.jpg" path2b="2b_section3.jpg" path2aAmp="2a_section3_big.jpg" path2bAmp="2b_section3_big.jpg" image2aText="&lt;p&gt;Ejemplo de tabla que te ayudar&amp;aacute; a realizar la planificaci&amp;oacute;n.&lt;/p&gt; " image2bText="&lt;p&gt;Ejemplo de planificaci&amp;oacute;n que te puede ayudar a organizar tu proyecto.&lt;/p&gt; " zoom1="true" zoom2a="true" zoom2b="true" layout="4" >
<![CDATA[
<p>Para comenzar el ejercicio te proponemos organizar el trabajo. Para ello te sugerimos los siguientes pasos:</p>

<p>1. Identificar&nbsp;<strong>el objetivo&nbsp;</strong>del proyecto.</p>

<p>2. Listar&nbsp;<strong>las tareas</strong>&nbsp;que debes completar a lo largo del proyecto.</p>

<p>3. Definir&nbsp;<strong>qui&eacute;n (o qui&eacute;nes)&nbsp;</strong>va(n) a realizar cada una de las tareas necesarias para llegar al objetivo.</p>

<p>4. Anotar&nbsp;<strong>cu&aacute;ndo y c&oacute;mo</strong>&nbsp;se va a reunir el trabajo realizado&nbsp;por cada uno de los miembros del grupo y cu&aacute;ndo se preparar&aacute; el trabajo escrito.</p>

<p>5. Concreta con tu profesor los <strong>temas espec&iacute;ficos</strong> que vas a abordar en tu investigaci&oacute;n.</p>

<p>Cuando planificas cualquier tarea puede resultar de ayuda utilizar una tabla o una hoja de c&aacute;lculo en la que concretes, por ejemplo, qui&eacute;n forma el grupo, de qu&eacute; tarea se hace cargo cada persona, cu&aacute;nto tiempo le vas a dedicar a cada una de las tareas, cu&aacute;ndo tienes que hacer la presentaci&oacute;n del proyecto, entre otros aspectos.</p>
]]></section>
<section title="Investigación" path="CS_07_04_REC250_IMG05n.jpg" pathAmp="" image1Text="" zoom1="false" zoom2a="false" zoom2b="false" layout="1" >
<![CDATA[
<p><span style="font-family:verdana,sans-serif; font-size:13.5pt">A la hora de realizar tu investigaci&oacute;n es importante que pienses y discutas sobre qu&eacute; recursos y fuentes de informaci&oacute;n pueden resultar &uacute;tiles. Te recomendamos:</span></p>

<p><span style="font-family:verdana,sans-serif; font-size:13.5pt">- Cuando saques informaci&oacute;n de&nbsp;<strong><span style="font-family:verdana,sans-serif">Internet</span></strong>&nbsp;verifica muy bien la p&aacute;gina que est&aacute;s utilizando y aseg&uacute;rate que pertenezca a una instituci&oacute;n o medio con suficiente&nbsp;<strong><span style="font-family:verdana,sans-serif">credibilidad</span></strong>: universidades, medios de comunicaci&oacute;n, instituciones p&uacute;blicas, etc.</span></p>

<p><span style="font-family:verdana,sans-serif; font-size:13.5pt">- Consulta un buen diccionario o alg&uacute;n experto en ciencias sociales que pueda ayudarte con las<strong>&nbsp;</strong><strong><span style="font-family:verdana,sans-serif">definiciones</span></strong>&nbsp;de los conceptos planteados al comienzo.</span></p>

<p><strong><span style="font-family:verdana,sans-serif; font-size:13.5pt">- Contrastar y verificar</span></strong><strong><span style="font-family:verdana,sans-serif; font-size:13.5pt">&nbsp;</span></strong><span style="font-family:verdana,sans-serif; font-size:13.5pt">muy bien las fuentes que se utilizan. Entender su procedencia y el posible inter&eacute;s u objetivo que tiene esa fuente en brindar esa informaci&oacute;n. Utilizar diversos tipos de fuentes (no limitarse a la Internet).</span></p>

<p><span style="font-family:verdana,sans-serif; font-size:13.5pt">- Utilizar la informaci&oacute;n &uacute;til para el logro del objetivo y<strong>&nbsp;</strong><strong><span style="font-family:verdana,sans-serif">descartar</span></strong>&nbsp;la que no sea pertinente o adecuada.&nbsp;</span></p>

<p><span style="font-family:verdana,sans-serif; font-size:13.5pt">- Hacer una&nbsp;<strong><span style="font-family:verdana,sans-serif">lista de las fuentes</span></strong>&nbsp;consultadas: bibliograf&iacute;a, Web, personas entrevistadas, etc.</span></p>

<p><span style="font-family:verdana,sans-serif; font-size:13.5pt">- Resumir&nbsp;<strong><span style="font-family:verdana,sans-serif">con tus propias palabras</span></strong>&nbsp;la informaci&oacute;n obtenida.</span></p>

<p><strong><span style="font-family:verdana,sans-serif; font-size:13.5pt">&iexcl;Atenci&oacute;n!&nbsp;</span></strong><span style="font-family:verdana,sans-serif; font-size:13.5pt">No debes utilizar la informaci&oacute;n que obtengas de manera literal. Si copias alguna frase debe ir entre comillas y con referencia a la fuente de donde la tomaste.&nbsp;</span></p>
]]></section>
<section title="Análisis" path="CS_07_04_REC250_IMG06n.jpg" pathAmp="" image1Text="" zoom1="false" zoom2a="false" zoom2b="false" layout="1" >
<![CDATA[
<p><span style="font-family:verdana,sans-serif; font-size:13.5pt">Una vez compilada la informaci&oacute;n, realiza<strong>&nbsp;</strong><strong><span style="font-family:verdana,sans-serif">mapas conceptuales</span></strong>&nbsp;en los cuales expongas, claramente, los datos investigados; debes tener en cuenta los siguientes aspectos a saber:</span></p>

<p><span style="font-family:verdana,sans-serif; font-size:13.5pt">1.° Definiciones claras y concretas de los conceptos planteados al comienzo.</span></p>

<p><span style="font-family:verdana,sans-serif; font-size:13.5pt">2.° Un contexto general de las influencias de la Edad Moderna sobre la ciencia, el arte, la econom&iacute;a o&nbsp;la pol&iacute;tica&nbsp;en el periodo hist&oacute;rico inmediatamente posterior.</span></p>

<p><span style="font-family:verdana,sans-serif; font-size:13.5pt">3.° Los resultados de la investigaci&oacute;n que muestren la influencia de la Edad Moderna sobre el arte, la ciencia, la econom&iacute;a o la pol&iacute;tica del siglo XXI.&nbsp;</span></p>
]]></section>
<section title="Síntesis" path="CS_07_04_REC250_IMG08n.jpg" pathAmp="" image1Text="" zoom1="false" zoom2a="false" zoom2b="false" layout="1" >
<![CDATA[
<p><span style="font-family:verdana,sans-serif; font-size:13.5pt">Una vez analizada la informaci&oacute;n debes<strong>&nbsp;</strong><strong><span style="font-family:verdana,sans-serif">redactar un texto&nbsp;y preparar una presentaci&oacute;n digital</span></strong>&nbsp;donde expondr&aacute;s tus hallazgos y la respuesta a la pregunta original del proyecto. El texto debe entregarse el d&iacute;a de la presentaci&oacute;n.&nbsp;</span></p>

<p><span style="font-family:verdana,sans-serif; font-size:13.5pt">Te recomendamos:</span></p>

<p><span style="font-family:verdana,sans-serif; font-size:13.5pt">- Escribe&nbsp;<strong><span style="font-family:verdana,sans-serif">primero el texto</span></strong>. Recuerda cuidar la&nbsp;<strong><span style="font-family:verdana,sans-serif">ortograf&iacute;a</span></strong>,<strong>&nbsp;</strong><strong><span style="font-family:verdana,sans-serif">redacci&oacute;n y puntuaci&oacute;n</span></strong>. No olvides incluir al final todas las referencias a las fuentes de informaci&oacute;n utilizadas.&nbsp;</span></p>

<p><span style="font-family:verdana,sans-serif; font-size:13.5pt">- Puedes utilizar el texto como gu&iacute;a para tu exposici&oacute;n.&nbsp;<strong><span style="font-family:verdana,sans-serif">No leas directamente</span></strong>&nbsp;lo que escribiste, sino que utiliza esta informaci&oacute;n para&nbsp;<strong><span style="font-family:verdana,sans-serif">hacer notas</span></strong>&nbsp;que te sirvan en&nbsp;tu presentaci&oacute;n oral.&nbsp;</span></p>

<p><span style="font-family:verdana,sans-serif; font-size:13.5pt">- Cuando hayas terminado y revisado la versi&oacute;n final del&nbsp;<strong><span style="font-family:verdana,sans-serif">escrito</span></strong>,<strong>&nbsp;</strong><strong><span style="font-family:verdana,sans-serif">convi&eacute;rtelo&nbsp;en una presentaci&oacute;n digital.</span></strong></span></p>

<p><span style="font-family:verdana,sans-serif; font-size:13.5pt">- Recuerda que cada diapositiva debe incluir solo algunas frases o datos centrales en texto y&nbsp;<strong><span style="font-family:verdana,sans-serif">muchas ayudas audiovisuales</span></strong>. Te recomendamos&nbsp;<strong><span style="font-family:verdana,sans-serif">Glogster o Prezi</span></strong>, aplicaciones muy vers&aacute;tiles en cuanto a dise&ntilde;o y&nbsp;audiovisuales.&nbsp;Recuerda que los videos o audios que muestres no deben superar el minuto o minuto y medio.</span></p>

<p><span style="font-family:verdana,sans-serif; font-size:13.5pt">- Ten siempre claro&nbsp;<strong><span style="font-family:verdana,sans-serif">por qu&eacute; est&aacute;s utilizando ese apoyo audiovisual</span></strong>, cual es esa&nbsp;funci&oacute;n que solo ese video o esa imagen pueden cumplir&nbsp;dentro de la presentaci&oacute;n.&nbsp;</span></p>

<p><strong><span style="font-family:verdana,sans-serif; font-size:13.5pt">- &iexcl;Atenci&oacute;n!</span></strong><strong><span style="font-family:verdana,sans-serif; font-size:13.5pt">&nbsp;</span></strong><span style="font-family:verdana,sans-serif; font-size:13.5pt">Es fundamental que incluyas en tu presentaci&oacute;n los mapas hechos por ti mismo que ilustren el tema de profundizaci&oacute;n asignado por el&nbsp;profesor(a) o cualquier otro tema que decidan ilustrar con mapas.&nbsp;</span></p>

<p><strong><span style="font-family:verdana,sans-serif; font-size:13.5pt">- Ensaya</span></strong><span style="font-family:verdana,sans-serif; font-size:13.5pt">&nbsp;</span><span style="font-family:verdana,sans-serif; font-size:13.5pt">cuantas veces sea necesario la exposici&oacute;n&nbsp;frente a alg&uacute;n amigo o frente a tu familia. Recuerda hacerla como si estuvieras en clase. Mide tu tiempo. Una buena presentaci&oacute;n est&aacute; entre los 15 y 20 minutos.&nbsp;</span></p>

<p><span style="font-family:verdana,sans-serif; font-size:13.5pt">- El d&iacute;a de la presentaci&oacute;n&nbsp;<strong><span style="font-family:verdana,sans-serif">llega temprano</span></strong>. Ten siempre doble copia de la informaci&oacute;n que requieras. Aseg&uacute;rate de que los equipos que necesitas est&aacute;n presentes y funcionando para&nbsp;<strong><span style="font-family:verdana,sans-serif">evitar problemas t&eacute;cnicos.</span></strong>&nbsp;</span></p>
]]></section>
<section title="Evaluacion" path="" pathAmp="" image1Text="" zoom1="false" zoom2a="false" zoom2b="false" layout="2" >
<![CDATA[
<p>Al acabar, pueden hacer una autoevaluaci&oacute;n de su propio desempe&ntilde;o para comprobar qu&eacute; tareas hicieron mejor o peor y si el proyecto se ha realizado correctamente.</p>

<p><em>Valoren de 1 a 5, siendo 1 muy mal y 5 muy bien.</em></p>

<p><strong>&Iacute;TEMS DE VALORACI&Oacute;N</strong></p>

<p style="text-align:right">__________________________________________________________________________<br />
<strong>&nbsp;&nbsp;&nbsp;&nbsp;&nbsp;&nbsp;&nbsp;&nbsp;&nbsp;&nbsp;&nbsp;&nbsp;&nbsp;&nbsp;&nbsp;&nbsp;&nbsp;&nbsp;&nbsp; 1 &nbsp; &nbsp; &nbsp;2 &nbsp; &nbsp; &nbsp;3 &nbsp; &nbsp; &nbsp;4 &nbsp; &nbsp; &nbsp;5</strong></p>

<p><strong>Objetivos</strong><br />
&nbsp;</p>

<ul>
	<li>Has comprendido el objeto del proyecto.</li>
	<li>Has participado activamente en la lluvia de ideas.</li>
	<li>Has previsto aspectos que despu&eacute;s se necesitaron<br />
	para el desarrollo de la investigaci&oacute;n.</li>
</ul>

<p style="text-align:right">__________________________________________________________________________<br />
<strong>&nbsp;&nbsp;&nbsp;&nbsp;&nbsp;&nbsp;&nbsp;&nbsp;&nbsp;&nbsp;&nbsp;&nbsp;&nbsp;&nbsp;&nbsp;&nbsp;&nbsp;&nbsp;&nbsp; 1 &nbsp; &nbsp; &nbsp;2 &nbsp; &nbsp; &nbsp;3 &nbsp; &nbsp; &nbsp;4 &nbsp; &nbsp; &nbsp;5</strong></p>

<p><strong>Planificaci&oacute;n del proyecto </strong></p>

<ul>
	<li>Has participado en la planificaci&oacute;n del proyecto.</li>
	<li>Has contribuido en la distribuci&oacute;n de tareas.</li>
	<li>Han calculado correctamente el tiempo necesario<br />
	para desarrollar cada tarea.</li>
	<li>Has desempe&ntilde;ado correctamente las tareas<br />
	que te han sido asignadas.</li>
	<li>Han distribuido de forma equitativa las tareas<br />
	entre los miembros del grupo.</li>
	<li>Has realizado las tareas asignadas en<br />
	el tiempo previsto.</li>
	<li>Todos los miembros del grupo han participado<br />
	seg&uacute;n lo previsto.</li>
</ul>

<p style="text-align:right">__________________________________________________________________________<br />
<strong>&nbsp;&nbsp;&nbsp;&nbsp;&nbsp;&nbsp;&nbsp;&nbsp;&nbsp;&nbsp;&nbsp;&nbsp;&nbsp;&nbsp;&nbsp;&nbsp;&nbsp;&nbsp;&nbsp; 1 &nbsp; &nbsp; &nbsp;2 &nbsp; &nbsp; &nbsp;3 &nbsp; &nbsp; &nbsp;4 &nbsp; &nbsp; &nbsp;5</strong></p>

<p><strong>Investigaci&oacute;n </strong></p>

<ul>
	<li>Has propuesto fuentes de informaci&oacute;n en<br />
	las que encontrar los datos que necesitaban.</li>
	<li>La metodolog&iacute;a propuesta ha sido la adecuada<br />
	para recabar la informaci&oacute;n que hac&iacute;a falta.</li>
	<li>Han valorado los criterios para seleccionar<br />
	la informaci&oacute;n.</li>
	<li>Has participado activamente en la b&uacute;squeda<br />
	de informaci&oacute;n.</li>
	<li>Has hecho uso de diferentes tipos de informaci&oacute;n<br />
	(electr&oacute;nica, cuestionarios, bibliogr&aacute;fica)</li>
</ul>

<p style="text-align:right">__________________________________________________________________________<br />
<strong>&nbsp;&nbsp;&nbsp;&nbsp;&nbsp;&nbsp;&nbsp;&nbsp;&nbsp;&nbsp;&nbsp;&nbsp;&nbsp;&nbsp;&nbsp;&nbsp;&nbsp;&nbsp;&nbsp; 1 &nbsp; &nbsp; &nbsp;2 &nbsp; &nbsp; &nbsp;3 &nbsp; &nbsp; &nbsp;4 &nbsp; &nbsp; &nbsp;5</strong></p>

<p><strong>An&aacute;lisis de la informaci&oacute;n</strong></p>

<ul>
	<li>Has sabido distinguir la informaci&oacute;n importante<br />
	respecto a la superflua.</li>
	<li>Has ordenado todos los datos antes<br />
	de analizarlos.</li>
	<li>Has sabido trasladar los datos a las fichas<br />
	seg&uacute;n se requer&iacute;a.</li>
</ul>

<p style="text-align:right">__________________________________________________________________________<br />
<strong>&nbsp;&nbsp;&nbsp;&nbsp;&nbsp;&nbsp;&nbsp;&nbsp;&nbsp;&nbsp;&nbsp;&nbsp;&nbsp;&nbsp;&nbsp;&nbsp;&nbsp;&nbsp;&nbsp; 1 &nbsp; &nbsp; &nbsp;2 &nbsp; &nbsp; &nbsp;3 &nbsp; &nbsp; &nbsp;4 &nbsp; &nbsp; &nbsp;5</strong></p>

<p><strong>S&iacute;ntesis</strong></p>

<ul>
	<li>Has dado respuesta a la pregunta principal<br />
	del proyecto.</li>
	<li>Has sabido interpretar las fichas.</li>
	<li>Has participado en la extracci&oacute;n de conclusiones.</li>
	<li>Has sabido estructurar la informaci&oacute;n<br />
	correctamente en la presentaci&oacute;n o cartelera.</li>
	<li>Has presentado oralmente de manera correcta.</li>
	<li>Ha quedado clara la informaci&oacute;n expuesta.</li>
	<li>Has sabido agumentar las afirmaciones y<br />
	responder a las preguntas durante la exposici&oacute;n.</li>
	<li>Has incorporado el contenido visual adecuado.</li>
	<li>Has sido creativo.</li>
</ul>

<p style="text-align:right">_________________________________________________________________________<br />
<strong>&nbsp;&nbsp;&nbsp;&nbsp;&nbsp;&nbsp;&nbsp;&nbsp;&nbsp;&nbsp;&nbsp;&nbsp;&nbsp;&nbsp;&nbsp;&nbsp;&nbsp;&nbsp;&nbsp; 1 &nbsp; &nbsp; &nbsp;2 &nbsp; &nbsp; &nbsp;3 &nbsp; &nbsp; &nbsp;4 &nbsp; &nbsp; &nbsp;5</strong></p>

<p><strong>VALORACI&Oacute;N GLOBAL</strong></p>

<ul>
	<li>Del trabajo desarrollado.</li>
	<li>De los documentos entregados.</li>
	<li>Del trabajo en equipo.</li>
	<li>De la exposici&oacute;n y defensa del trabajo.</li>
</ul>
]]></section>
</engine>