<mapa>
  <copyright>(c) Editorial Planeta</copyright>
  <version>1.0</version>
  <objeto>
    <ref>00</ref>
    <texto>Independencia de América Latina (1811-1824)</texto>
    <hijos>10</hijos>
    <padre/>
    <siz>0</siz>
    <negcur>0000000000000000000000000000000000000000000</negcur>
    <cen>1</cen>
    <img/>
  </objeto>
  <objeto>
    <ref>10</ref>
    <texto/>
    <hijos>20,21</hijos>
    <padre>00</padre>
    <siz>14</siz>
    <negcur/>
    <cen>1</cen>
    <img/>
  </objeto>
  <objeto>
    <ref>20</ref>
    <texto>Nació del</texto>
    <hijos>31</hijos>
    <padre>10</padre>
    <siz>0</siz>
    <negcur>000000000</negcur>
    <cen>1</cen>
    <img/>
  </objeto>
  <objeto>
    <ref>21</ref>
    <texto>Favorecida por</texto>
    <hijos>30</hijos>
    <padre>10</padre>
    <siz>0</siz>
    <negcur>00000000000000</negcur>
    <cen>1</cen>
    <img/>
  </objeto>
  <objeto>
    <ref>30</ref>
    <texto/>
    <hijos>40,41,42</hijos>
    <padre>21</padre>
    <siz>14</siz>
    <negcur/>
    <cen>1</cen>
    <img/>
  </objeto>
  <objeto>
    <ref>40</ref>
    <texto>invasión napoleónicaen España (1808)</texto>
    <hijos>50,51</hijos>
    <padre>30</padre>
    <siz>0</siz>
    <negcur>0000000000000000000000000000000000000</negcur>
    <cen>1</cen>
    <img/>
  </objeto>
  <objeto>
    <ref>50</ref>
    <texto>permitióeclosión de</texto>
    <hijos>60</hijos>
    <padre>40</padre>
    <siz>14</siz>
    <negcur>00000000000000000000</negcur>
    <cen>1</cen>
    <img/>
  </objeto>
  <objeto>
    <ref>60</ref>
    <texto>movimientosindependistas</texto>
    <hijos/>
    <padre>50</padre>
    <siz>0</siz>
    <negcur>0000000000000000000000000</negcur>
    <cen>1</cen>
    <img/>
  </objeto>
  <objeto>
    <ref>51</ref>
    <texto>debilitó</texto>
    <hijos>61</hijos>
    <padre>40</padre>
    <siz>14</siz>
    <negcur>00000000</negcur>
    <cen>1</cen>
    <img/>
  </objeto>
  <objeto>
    <ref>61</ref>
    <texto>controlcolonial</texto>
    <hijos/>
    <padre>51</padre>
    <siz>0</siz>
    <negcur>0000000000000000</negcur>
    <cen>1</cen>
    <img/>
  </objeto>
  <objeto>
    <ref>41</ref>
    <texto>influenciasideológicas</texto>
    <hijos>52</hijos>
    <padre>30</padre>
    <siz>0</siz>
    <negcur>00000000000000000000000</negcur>
    <cen>1</cen>
    <img/>
  </objeto>
  <objeto>
    <ref>52</ref>
    <texto>de</texto>
    <hijos>62</hijos>
    <padre>41</padre>
    <siz>14</siz>
    <negcur>00</negcur>
    <cen>1</cen>
    <img/>
  </objeto>
  <objeto>
    <ref>62</ref>
    <texto>- ilustración- revolución francesa- revolución de esclavos (Haití)- independencia de   los Estados Unidos</texto>
    <hijos/>
    <padre>52</padre>
    <siz>0</siz>
    <negcur>0000000000000000000000000000000000000000000000000000000000000000000000000000000000000000000000000000000000000</negcur>
    <cen>0</cen>
    <img/>
  </objeto>
  <objeto>
    <ref>42</ref>
    <texto>crisis modelocolonial</texto>
    <hijos>53</hijos>
    <padre>30</padre>
    <siz>0</siz>
    <negcur>0000000000000000000000</negcur>
    <cen>1</cen>
    <img/>
  </objeto>
  <objeto>
    <ref>53</ref>
    <texto>como</texto>
    <hijos>63,64,65</hijos>
    <padre>42</padre>
    <siz>14</siz>
    <negcur>0000</negcur>
    <cen>1</cen>
    <img/>
  </objeto>
  <objeto>
    <ref>63</ref>
    <texto>agotamiento</texto>
    <hijos>71</hijos>
    <padre>53</padre>
    <siz>0</siz>
    <negcur>00000000000</negcur>
    <cen>1</cen>
    <img/>
  </objeto>
  <objeto>
    <ref>64</ref>
    <texto>caosadministrativo</texto>
    <hijos/>
    <padre>53</padre>
    <siz>0</siz>
    <negcur>0000000000000000000</negcur>
    <cen>1</cen>
    <img/>
  </objeto>
  <objeto>
    <ref>65</ref>
    <texto>aparición</texto>
    <hijos>70</hijos>
    <padre>53</padre>
    <siz>0</siz>
    <negcur>000000000</negcur>
    <cen>1</cen>
    <img/>
  </objeto>
  <objeto>
    <ref>70</ref>
    <texto>de</texto>
    <hijos>80</hijos>
    <padre>65</padre>
    <siz>14</siz>
    <negcur>00</negcur>
    <cen>1</cen>
    <img/>
  </objeto>
  <objeto>
    <ref>80</ref>
    <texto>grupos de poder local</texto>
    <hijos/>
    <padre>70</padre>
    <siz>0</siz>
    <negcur>0000000000000000000000</negcur>
    <cen>1</cen>
    <img/>
  </objeto>
  <objeto>
    <ref>71</ref>
    <texto>de</texto>
    <hijos>81</hijos>
    <padre>63</padre>
    <siz>14</siz>
    <negcur>00</negcur>
    <cen>1</cen>
    <img/>
  </objeto>
  <objeto>
    <ref>81</ref>
    <texto>explotacióneconómica</texto>
    <hijos/>
    <padre>71</padre>
    <siz>0</siz>
    <negcur>000000000000000000000</negcur>
    <cen>1</cen>
    <img/>
  </objeto>
  <objeto>
    <ref>31</ref>
    <texto/>
    <hijos>43</hijos>
    <padre>20</padre>
    <siz>14</siz>
    <negcur/>
    <cen>1</cen>
    <img/>
  </objeto>
  <objeto>
    <ref>43</ref>
    <texto>deseo deindependencia</texto>
    <hijos>54,55</hijos>
    <padre>31</padre>
    <siz>0</siz>
    <negcur>0000000000000000000000</negcur>
    <cen>1</cen>
    <img/>
  </objeto>
  <objeto>
    <ref>54</ref>
    <texto>sugieron</texto>
    <hijos>66</hijos>
    <padre>43</padre>
    <siz>14</siz>
    <negcur>00000000</negcur>
    <cen>1</cen>
    <img/>
  </objeto>
  <objeto>
    <ref>66</ref>
    <texto>movimientosindependistas</texto>
    <hijos/>
    <padre>54</padre>
    <siz>0</siz>
    <negcur>0000000000000000000000000</negcur>
    <cen>1</cen>
    <img/>
  </objeto>
  <objeto>
    <ref>55</ref>
    <texto>provoca</texto>
    <hijos>67</hijos>
    <padre>43</padre>
    <siz>14</siz>
    <negcur>0000000</negcur>
    <cen>1</cen>
    <img/>
  </objeto>
  <objeto>
    <ref>67</ref>
    <texto>rebeliones</texto>
    <hijos>72,73,74</hijos>
    <padre>55</padre>
    <siz>0</siz>
    <negcur>0000000000</negcur>
    <cen>1</cen>
    <img/>
  </objeto>
  <objeto>
    <ref>72</ref>
    <texto>impulsadaspor</texto>
    <hijos>82</hijos>
    <padre>67</padre>
    <siz>14</siz>
    <negcur>00000000000000</negcur>
    <cen>1</cen>
    <img/>
  </objeto>
  <objeto>
    <ref>82</ref>
    <texto>Simón Bolívar</texto>
    <hijos/>
    <padre>72</padre>
    <siz>0</siz>
    <negcur>0000000000000</negcur>
    <cen>1</cen>
    <img/>
  </objeto>
  <objeto>
    <ref>73</ref>
    <texto>protagonizadaspor</texto>
    <hijos>83</hijos>
    <padre>67</padre>
    <siz>14</siz>
    <negcur>000000000000000000</negcur>
    <cen>1</cen>
    <img/>
  </objeto>
  <objeto>
    <ref>83</ref>
    <texto>Criollos</texto>
    <hijos/>
    <padre>73</padre>
    <siz>0</siz>
    <negcur>00000000</negcur>
    <cen>1</cen>
    <img/>
  </objeto>
  <objeto>
    <ref>74</ref>
    <texto>contra</texto>
    <hijos>84</hijos>
    <padre>67</padre>
    <siz>14</siz>
    <negcur>000000</negcur>
    <cen>1</cen>
    <img/>
  </objeto>
  <objeto>
    <ref>84</ref>
    <texto>- España- Portugal</texto>
    <hijos/>
    <padre>74</padre>
    <siz>0</siz>
    <negcur>0000000000000000000</negcur>
    <cen>0</cen>
    <img/>
  </objeto>
</mapa>