﻿<?xml version="1.0" encoding="utf-8"?><motor tipo="2" clase="a" aprid="m2a">
  <plataforma>
    <grado><![CDATA[1]]></grado>
    <titulo>Conoce la historia geológica de Colombia</titulo>
    <area>0</area>
    <nivel>1</nivel>
    <referencia/>
    <idreg><![CDATA[0]]></idreg>
    <motor><![CDATA[M2A]]></motor>
    <lang>es</lang>
  </plataforma>
  <enunciado><![CDATA[Completa correctamente el siguiente texto sobre la historia geológica de Colombia.]]></enunciado>
  <masinfo inicio="0"/>
  <calc><![CDATA[0]]></calc>
  <sonido/>
  <textoacategoria>
    <cuestion>
      <pregunta><![CDATA[La parte más antigua del territorio colombiano corresponde al oriente del país que emergió en la Era [*] . Luego, en la Era  [*] se formaron los núcleos de las cordilleras [*] y [*]  y se desarrolló vida marina en el actual departamento de [*]. La cordillera Central emergió en la Era [*] y se formó el valle del [*] . En la Era [*] se elevaron las tres cordilleras y se presentó gran actividad volcánica. ]]></pregunta>
      <respuestas>
        <respuesta orden="1"><![CDATA[Precámbrica]]></respuesta>
        <respuesta orden="2"><![CDATA[Paleozoica]]></respuesta>
        <respuesta orden="3"><![CDATA[Central]]></respuesta>
        <respuesta orden="4"><![CDATA[Occidental]]></respuesta>
        <respuesta orden="5"><![CDATA[Boyacá]]></respuesta>
        <respuesta orden="6"><![CDATA[Mesozoica]]></respuesta>
        <respuesta orden="7"><![CDATA[Magdalena]]></respuesta>
        <respuesta orden="8"><![CDATA[Cuaternaria]]></respuesta>
      </respuestas>
    </cuestion>
  </textoacategoria>
  <textofalso cantidad="0"/>
  <temps>15</temps>
</motor>