<?xml version='1.0' encoding='UTF-8'?><diaporama autoplay="false" diapoDefaultTimeOut="false" effectDefaultTimeOut="1500" textDefaultTimeOut="1000" toolbarAlign="LeftBottom" toolbarColor="White" toolbarCounter="false" toolbarCounterColor="White" toolbarMargin="40,40,40,40" fotoMargin="0,0,0,0" textMargin="40,40,40,80" aprid="diaporama"><diapo foto="fondonegro.jpg" ><texto type="Verdana" size="48" style="Normal" color="White" align="CenterCenter" effect="normal" >Características de#la hidrografía de Colombia</texto></diapo><diapo foto="cs_07_09_rec110_img01.jpg" ><texto type="Verdana" size="36" style="Normal" color="Black" align="CenterTop" effect="normal" >

El río Orinoco marca el límite entre
Colombia y Venezuela. En su recorrido recibe numerosos afluentes como el
Arauca.

</texto></diapo><diapo foto="cs_07_09_rec110_img02.jpg" ><texto type="Verdana" size="36" style="Normal" color="Black" align="CenterTop" effect="normal" >

El río Meta recibe muchos afluentes#a lo
largo de su recorrido #por los llanos orientales.

</texto></diapo><diapo foto="cs_07_09_rec110_img03.jpg" ><texto type="Verdana" size="36" style="Normal" color="Black" align="CenterTop" effect="normal" >

El río Guaviare es el más largo de todos#los ríos del oriente colombiano, sus caudalosas aguas llegan al río Orinoco.

</texto></diapo><diapo foto="cs_07_09_rec110_img04.jpg" ><texto type="Verdana" size="36" style="Normal" color="Black" align="CenterTop" effect="normal" >

El río Amazonas marca la frontera de
Colombia con Perú y Brasil. Se considera el más caudaloso del mundo.

</texto></diapo><diapo foto="cs_07_09_rec110_img05.jpg" ><texto type="Verdana" size="36" style="Normal" color="Black" align="CenterTop" effect="normal" >

El río Ranchería es corto, nace en la
Sierra Nevada de Santa Marta y surte de agua a la región de la Baja Guajira.

</texto></diapo><diapo foto="cs_07_09_rec110_img06.jpg" ><texto type="Verdana" size="36" style="Normal" color="Black" align="CenterTop" effect="normal" >

La laguna de Tota, ubicada en el
departamento de Boyacá es la más grande del país con una superficie aproximada
de 70 km².

</texto></diapo><diapo foto="cs_07_09_rec110_img07.jpg" ><texto type="Verdana" size="32" style="Normal" color="Black" align="CenterTop" effect="normal" >

La laguna de Guatavita, en Cundinamarca,
es una laguna de páramo. Tuvo gran importancia para los muiscas y dio origen la
leyenda de El Dorado. 

</texto></diapo><diapo foto="cs_07_09_rec110_img08.jpg" ><texto type="Verdana" size="32" style="Normal" color="Black" align="CenterTop" effect="normal" >

La Ciénaga Grande de Santa Marta, en la
costa Caribe, está formada por las aguas del río Magdalena y aislada del mar
por una estrecha franja de tierra.

</texto></diapo><diapo foto="cs_07_09_rec110_img09.jpg" ><texto type="Verdana" size="31" style="Normal" color="Black" align="CenterTop" effect="normal" >

El embalse del Neusa abastece de agua a
los municipios de Cogua y Zipaquirá. Es de gran atractivo para los deportes
acuáticos y la pesca deportiva.

</texto></diapo><diapo foto="cs_07_09_rec110_img10.jpg" ><texto type="Verdana" size="36" style="Normal" color="Black" align="CenterTop" effect="normal" >

Caño Cristales, en la sierra de la
Macarena,#es considerado el río más hermoso#del mundo.

</texto></diapo><diapo foto="cs_07_09_rec110_img11.jpg" ><texto type="Verdana" size="34" style="Normal" color="Black" align="CenterTop" effect="normal" >

El Embalse Peñol-Guatapé, aloja aguas de
color verde esmeralda y entre sus atractivios destaca una roca de 220 m de
altura.

</texto></diapo><diapo foto="cs_07_09_rec110_img12.jpg" ><texto type="Verdana" size="36" style="Normal" color="White" align="LeftTop" effect="normal" >Vertientes#hidrográficas#de Colombia</texto></diapo></diaporama>