<?xml version='1.0' encoding='UTF-8'?><engine copy="Editorial Planeta" version="1" aprid="f13" title="La situación de la mujer colombiana frente a los Derechos Humanos " >
<section title="Presentación" path="" pathAmp="" image1Text="" zoom1="false" zoom2a="false" zoom2b="false" layout="2" >
<![CDATA[
<p><img alt="" src="data/imagenes/CS_09_13_CO_REC190_IMG01.png" style="height:243px; width:826px" /></p>

<p style="text-align: center;"><span style="font-size:25px"><span style="font-family:verdana,geneva,sans-serif">&iquest;Cu&aacute;l es la situaci&oacute;n actual frente al reconocimiento<br />
y cumplimiento de los derechos humanos de<br />
las mujeres en Colombia?</span></span></p>
]]></section>
<section title="Conceptos" path="CS_09_13_CO_REC190_IMG02.jpg" pathAmp="" image1Text="" zoom1="false" zoom2a="false" zoom2b="false" layout="1" >
<![CDATA[<p>Antes de iniciar el desarrollo del proyecto es importante que tengas claridad den los siguientes conceptos:</p>

<ul>
	<li><strong>G&eacute;nero</strong>: se refiere a los comportamientos y roles que caracterizan a hombres y mujeres. Estas caracter&iacute;sticas son el resultado de una construcci&oacute;n cultural e hist&oacute;rica.</li>
	<li><strong>Femenino</strong>: este concepto se refiere a lo que es propio de las mujeres, es decir, no se refiere directamente a la sexualidad u &oacute;rgano sexual, sino a los comportamientos y construcciones culturales en torno y propias del ser mujer.</li>
	<li><strong>Misoginia</strong>: hace referencia al odio, rechazo o aversi&oacute;n por las mujeres o lo femenino.</li>
	<li><strong>Feminicidio</strong>: este t&eacute;rmino se refiere al asesinato de mujeres por razones atribuidas a la violencia y discriminaci&oacute;n de g&eacute;nero.</li>
</ul>
]]></section>
<section title="Objetivos" path="CS_09_13_CO_REC190_IMG03.jpg" pathAmp="" image1Text="" zoom1="false" zoom2a="false" zoom2b="false" layout="1" >
<![CDATA[
<p><strong>Objetivos:</strong></p>

<ul>
	<li>Identificar la situaci&oacute;n actual de los derechos humanos de las mujeres en Colombia</li>
	<li>Analizar la influencia de situaciones de discriminaci&oacute;n y violencia contra la mujer en relaci&oacute;n con el cumplimiento de los derechos humanos</li>
</ul>

<p><strong>Organizaci&oacute;n:</strong> el proyecto puede realizarse en grupos de 3 o cuatro estudiantes</p>

<p style="margin-left:2.25pt"><strong>Presentaci&oacute;n:</strong> debe realizarse una presentaci&oacute;n en Powerpoint, Prezi u otro programa que conozcas.</p>

<p style="margin-left:2.25pt"><strong>Plazo:</strong> tres semana</p>

<p style="margin-left:2.25pt"><strong>Punto de partida: </strong>antes de iniciar a desarrollar el proyecto y como punto de partida es necesario documentarse sobre las pol&iacute;ticas relacionadas con el cumplimiento de los derechos de las mujeres en Colombia, para esto se sugiere revisar los siguientes documentos:</p>

<ul>
	<li><strong>Derechos de la Mujer.</strong> Oficina en Colombia del Alto Comisionado de las Naciones Unidas para los Derechos Humanos <a href="http://www.hchr.org.co/migracion/phocadownload/publicaciones/series_tematicas/Derechos_de_la_Mujer.pdf" target="_blank">[VER]</a>.</li>
	<li><strong>Derechos de las mujeres, principales instrumentos y normas nacionales e internacionales. </strong>Presidencia de la Republica <a href="http://www.vicepresidencia.gov.co/Programas/Documents/derechos-de-las-mujeres.pdf" target="_blank">[VER]</a>.</li>
</ul>

<p>Despu&eacute;s de revisar estos documentos investiga y consulta sobre violencia y discriminaci&oacute;n d g&eacute;nero en Colombia, puedes revisar art&iacute;culos de prensa, estudios o videos. Como por ejemplo</p>

<ul>
	<li>Historias de violencia, roles, pr&aacute;cticas y discursos legitimadores. Violencia contra las mujeres en Colombia 2000-2010. Profamilia <a href="http://www.profamilia.org.co/docs/estudios/imagenes/7%20-%20VIOLENCIA%20CONTRA%20LAS%20MUJERES%20EN%20COLOMBIA.pdf" target="_blank">[VER]</a>.</li>
	<li>Violencia de g&eacute;nero en Colombia. Mito Revista Cultural <a href="http://revistamito.com/violencia-de-genero-en-colombia/" target="_blank">[VER]</a>.</li>
	<li>Colombia: V&iacute;ctimas de violencia sexual <a href="https://www.youtube.com/watch?v=l9C7ncFw_AQ" target="_blank">[VER]</a>.</li>
	<li>Alerta por feminicidios en Colombia <a href="https://www.youtube.com/watch?v=0q7Be-xKMvQ" target="_blank">[VER]</a>.</li>
</ul>

<p>Es importante plantear preguntas que se resolver&aacute;n a lo largo de la investigaci&oacute;n como por ejemplo:</p>

<ul>
	<li>&iquest;Cu&aacute;l es el papel del Estado frente al respeto y cumplimiento de los derechos humanos de las mujeres en Colombia?</li>
	<li>&iquest;C&oacute;mo es la situaci&oacute;n real de las mujeres en Colombia?</li>
	<li>&iquest;Cu&aacute;les son las formas de violencia contra las mujeres, presentes en la sociedad colombiana?</li>
	<li>&iquest;Cu&aacute;l es el papel de las mujeres frente a la violencia e irrespeto de los derechos de las mujeres?</li>
	<li>&iquest;Cu&aacute;l es el papel de los hombres frente a la violencia e irrespeto de los derechos de las mujeres?</li>
</ul>

<p>Finalmente, plantea respuesta a la pregunta inicial del proyecto.&nbsp;</p>
]]></section>
<section title="Planificación " path2a="2a_section3.jpg" path2b="2b_section3.jpg" path2aAmp="2a_section3_big.jpg" path2bAmp="2b_section3_big.jpg" image2aText="&lt;p&gt;Ejemplo de tabla que les ayudar&amp;aacute; a realizar la planificaci&amp;oacute;n.&lt;/p&gt;
" image2bText="&lt;p&gt;Ejemplo de planificaci&amp;oacute;n que les puede ayudar a organizar el proyecto.&lt;/p&gt;
" zoom1="true" zoom2a="true" zoom2b="true" layout="4" >
<![CDATA[
<p>Para comenzar la pr&aacute;ctica, te proponemos iniciar por organizar el trabajo de la siguiente manera.</p>

<p>1.&ordm; Identificar <strong>los objetivos</strong> del proyecto.</p>

<p>2.&ordm; Realizar una lista de <strong>las tareas</strong> que se deben desarrolla a lo largo del proyecto.</p>

<p>3.&ordm; Definir <strong>qui&eacute;n</strong> se va a encargar de realizar cada tarea.</p>

<p>4.&ordm; Establecer <strong>el tiempo</strong> que se dedicar&aacute; a cumplir cada tarea.</p>

<p>5.&ordm; Determinar <strong>cu&aacute;ndo y c&oacute;mo</strong> se socializaran y organizaran las tareas en el grupo o equipo de trabajo.</p>

<p>Para que la organizaci&oacute;n y seguimiento sea m&aacute;s sencilla se recomienda realizar una hoja de c&aacute;lculo en la que se establezca cu&aacute;les son las tareas a realizar, el responsable y la fecha o tiempo en que debe realizarse.</p>

<p>Puedes guiarte por el cuadro de la imagen.</p>
]]></section>
<section title="Investigación " path="cs_09_13_co_rec190_img04.jpg" pathAmp="" image1Text="" zoom1="false" zoom2a="false" zoom2b="false" layout="1" >
<![CDATA[
<p>Cuando se realiza un ejercicio de investigaci&oacute;n es importante revisar, discutir y definir cu&aacute;les ser&aacute;n los recursos y fuentes de informaci&oacute;n que pueden ser &uacute;tiles para alcanzar el objetivo. Te recomendamos las siguientes:</p>

<ul>
	<li>Consultar La Gran Enciclopedia Planeta, p&aacute;ginas web y publicaciones sobre temas hist&oacute;ricos relacionados.</li>
	<li>Es importante consultar diferentes fuentes y no quedarse solo con datos de una sola, esto complementa y ampl&iacute;a la informaci&oacute;n.</li>
	<li>Se debe enfocar en la pregunta que se intenta resolver y descartar informaci&oacute;n que no se relaciona directamente con el tema o que no es relevante.</li>
	<li>Realizar un listado de las fuentes consultadas</li>
	<li>Resumir con tus palabras la informaci&oacute;n encontrada.</li>
</ul>

<p>Recuerda que no se debe copiar, de ser necesario realizar citas textuales, deben ir entre comillas y se debe citar la fuente de donde se toma.</p>
]]></section>
<section title="Análisis " path="cs_09_13_co_rec190_img05.jpg" pathAmp="" image1Text="" zoom1="false" zoom2a="false" zoom2b="false" layout="1" >
<![CDATA[
<p>Para preparar la presentaci&oacute;n es importante resolver preguntas como las siguientes, para estar seguros del manejo del tema</p>

<ul>
	<li>&iquest;Qu&eacute; formas de violencia, abuso y discriminaci&oacute;n est&aacute;n presentas en la sociedad colombiana?</li>
	<li>&iquest;Qu&eacute; factores culturales han influido en la vulneraci&oacute;n de los derechos humanos de las mujeres en Colombia?</li>
	<li>&iquest;Qu&eacute; organizaciones estatales y no gubernamentales que defienden los derechos de las mujeres existen actualmente en Colombia?</li>
	<li>&iquest;Qu&eacute; consecuencias tiene para la sociedad colombiana el irrespeto y vulneraci&oacute;n de los derechos humanos de las mujeres?</li>
	<li>&iquest;Porque raz&oacute;n, en gran porcentaje no se denuncian situaciones de abuso, violencia y discriminaci&oacute;n hacia las mujeres?</li>
	<li>&iquest;Cu&aacute;l ha sido el papel de las organizaciones internacionales que promueven el cumplimiento de derechos humanos de las mujeres en Colombia, frente a las situaciones de vulneraci&oacute;n, discriminaci&oacute;n y violencia?</li>
</ul>
]]></section>
<section title="Síntesis " path="cs_09_13_co_rec190_img06.jpg" pathAmp="" image1Text="" zoom1="false" zoom2a="false" zoom2b="false" layout="1" >
<![CDATA[
<p>Con el desarrollo de la investigaci&oacute;n han reunido informaci&oacute;n que les ha permitido preparar y organizar su presentaci&oacute;n sobre la situaci&oacute;n de las mujeres en Colombia frente al reconocimiento y cumplimiento de los derechos humanos y sus implicaciones sociales y culturales. Para esto resulta &uacute;til revisar la presentaci&oacute;n, responder preguntas o tener en cuenta aspectos como:</p>

<ul>
	<li>&iquest;Cu&aacute;l es el papel de la mujer en la sociedad colombiana?</li>
	<li>&iquest;C&oacute;mo influyen los medios de comunicaci&oacute;n en la construcci&oacute;n de estereotipos, el reconocimiento de roles y el papel de las mujeres en esta sociedad?</li>
	<li>&iquest;Qu&eacute; iniciativas y movimientos existen en Colombia para el reconocimiento y reivindicaci&oacute;n de derechos humanos para las mujeres?</li>
	<li>&iquest;Cu&aacute;les son los antecedentes hist&oacute;ricos m&aacute;s significativos relacionados con los derechos humanos y las mujeres en Colombia?</li>
</ul>

<p>Por &uacute;ltimo, es importante realizar un trabajo escrito en el que se organice toda la informaci&oacute;n encontrada, y planteen sus opiniones, posiciones, puntos de vista y conclusiones sobre el tema. El documento debe reunir lo siguiente:</p>

<ul>
	<li>Portada</li>
	<li>&Iacute;ndice</li>
	<li>Introducci&oacute;n</li>
	<li>Desarrollo</li>
	<li>Conclusiones</li>
	<li>Bibliograf&iacute;a</li>
</ul>

<p>Es importante que incluyan la tabla en que planearon y organizaron las actividades. Pueden incluir fotograf&iacute;as, im&aacute;genes, esquemas y mapas conceptuales para dar mayor claridad al tema.</p>

<p>Recuerden revisar la ortograf&iacute;a y redacci&oacute;n del documento y preparar muy bien la presentaci&oacute;n y exposici&oacute;n del proyecto.</p>
]]></section>
<section title="Evaluación" path="" pathAmp="" image1Text="" zoom1="false" zoom2a="false" zoom2b="false" layout="2" >
<![CDATA[<p>Al acabar, pueden autoevaluarse ustedes mismos para comprobar qu&eacute; tareas hicieron mejor o peor y si el proyecto se ha realizado correctamente.</p>

<p><em>Valoren de 1 a 5, siendo 1 muy mal y 5 muy bien. </em></p>

<p><strong>&Iacute;TEMS DE VALORACI&Oacute;N&nbsp;&nbsp;&nbsp;&nbsp;&nbsp;&nbsp;&nbsp;&nbsp;&nbsp;&nbsp;&nbsp;</strong></p>

<p>________________________________________________________________________&nbsp;&nbsp;&nbsp;&nbsp;&nbsp;&nbsp;&nbsp;&nbsp;&nbsp;&nbsp;&nbsp;&nbsp;&nbsp;&nbsp;&nbsp;&nbsp;&nbsp;&nbsp;&nbsp;&nbsp;&nbsp;&nbsp;&nbsp;&nbsp;&nbsp;&nbsp;&nbsp;&nbsp;&nbsp;&nbsp;&nbsp;&nbsp;&nbsp;&nbsp;&nbsp;&nbsp;&nbsp;&nbsp;&nbsp;&nbsp;&nbsp;&nbsp;&nbsp;&nbsp;&nbsp;&nbsp;&nbsp;&nbsp;&nbsp;&nbsp;&nbsp;&nbsp;&nbsp;&nbsp;&nbsp;&nbsp;&nbsp;&nbsp;&nbsp;&nbsp;&nbsp;&nbsp;&nbsp;&nbsp;&nbsp;&nbsp;</p>

<p><strong>&nbsp;&nbsp;&nbsp;&nbsp;&nbsp;&nbsp;&nbsp;&nbsp;&nbsp;&nbsp;&nbsp;&nbsp;&nbsp;&nbsp;&nbsp;&nbsp;&nbsp;&nbsp;&nbsp;&nbsp;&nbsp;&nbsp;&nbsp;&nbsp;&nbsp;&nbsp;&nbsp;&nbsp;&nbsp;&nbsp;&nbsp;&nbsp;&nbsp;&nbsp;&nbsp;&nbsp;&nbsp;&nbsp;&nbsp;&nbsp;&nbsp;&nbsp;&nbsp;&nbsp;&nbsp;&nbsp;&nbsp;&nbsp;&nbsp;&nbsp;&nbsp;&nbsp;&nbsp;&nbsp;&nbsp;&nbsp;&nbsp;&nbsp;&nbsp;&nbsp;&nbsp;&nbsp;&nbsp;&nbsp;&nbsp;&nbsp;&nbsp;&nbsp;&nbsp;&nbsp;&nbsp;&nbsp;&nbsp;&nbsp;&nbsp;&nbsp;&nbsp;1&nbsp;&nbsp;&nbsp;&nbsp;&nbsp;&nbsp;&nbsp;&nbsp;&nbsp;&nbsp;&nbsp;2&nbsp;&nbsp;&nbsp;&nbsp;&nbsp;&nbsp;&nbsp;&nbsp;&nbsp;&nbsp;&nbsp;3&nbsp;&nbsp;&nbsp;&nbsp;&nbsp;&nbsp;&nbsp;&nbsp;&nbsp;&nbsp;&nbsp;4&nbsp;&nbsp;&nbsp;&nbsp;&nbsp;&nbsp;&nbsp;&nbsp;&nbsp;&nbsp;&nbsp;5</strong>&nbsp;&nbsp;&nbsp;&nbsp;&nbsp;&nbsp;&nbsp;&nbsp;&nbsp;&nbsp;&nbsp;</p>

<p><strong>Objetivos</strong>&nbsp;&nbsp;&nbsp;&nbsp;&nbsp;&nbsp;&nbsp;&nbsp;&nbsp;&nbsp;&nbsp;&nbsp;&nbsp;&nbsp;&nbsp;&nbsp;&nbsp;&nbsp;&nbsp;&nbsp;&nbsp;&nbsp;&nbsp;&nbsp;&nbsp;&nbsp;&nbsp;&nbsp;&nbsp;&nbsp;&nbsp;&nbsp;&nbsp;&nbsp;&nbsp;&nbsp;&nbsp;&nbsp;&nbsp;&nbsp;&nbsp;&nbsp;&nbsp;&nbsp;</p>

<p><strong>&middot; </strong>Han comprendido el objetivo del proyecto.</p>

<p><strong>&middot; </strong>Han participado activamente en la lluvia<br />
<strong>&nbsp; </strong>de ideas.</p>

<p><strong>&middot; </strong>Han previsto aspectos necesarios para<br />
&nbsp; el desarrollo de la investigaci&oacute;n.</p>

<p>________________________________________________________________________&nbsp;&nbsp;&nbsp;&nbsp;&nbsp;&nbsp;&nbsp;&nbsp;&nbsp;&nbsp;&nbsp;&nbsp;&nbsp;&nbsp;&nbsp;&nbsp;&nbsp;&nbsp;&nbsp;&nbsp;&nbsp;&nbsp;&nbsp;&nbsp;&nbsp;&nbsp;&nbsp;&nbsp;&nbsp;&nbsp;&nbsp;&nbsp;&nbsp;&nbsp;&nbsp;&nbsp;&nbsp;&nbsp;&nbsp;&nbsp;&nbsp;&nbsp;&nbsp;&nbsp;&nbsp;&nbsp;&nbsp;&nbsp;&nbsp;&nbsp;&nbsp;&nbsp;&nbsp;&nbsp;&nbsp;&nbsp;&nbsp;&nbsp;&nbsp;&nbsp;&nbsp;&nbsp;&nbsp;&nbsp;&nbsp;&nbsp;</p>

<p><strong>&nbsp;&nbsp;&nbsp;&nbsp;&nbsp;&nbsp;&nbsp;&nbsp;&nbsp;&nbsp;&nbsp;&nbsp;&nbsp;&nbsp;&nbsp;&nbsp;&nbsp;&nbsp;&nbsp;&nbsp;&nbsp;&nbsp;&nbsp;&nbsp;&nbsp;&nbsp;&nbsp;&nbsp;&nbsp;&nbsp;&nbsp;&nbsp;&nbsp;&nbsp;&nbsp;&nbsp;&nbsp;&nbsp;&nbsp;&nbsp;&nbsp;&nbsp;&nbsp;&nbsp;&nbsp;&nbsp;&nbsp;&nbsp;&nbsp;&nbsp;&nbsp;&nbsp;&nbsp;&nbsp;&nbsp;&nbsp;&nbsp;&nbsp;&nbsp;&nbsp;&nbsp;&nbsp;&nbsp;&nbsp;&nbsp;&nbsp;&nbsp;&nbsp;&nbsp;&nbsp;&nbsp;&nbsp;&nbsp;&nbsp;&nbsp;&nbsp;&nbsp;1&nbsp;&nbsp;&nbsp;&nbsp;&nbsp;&nbsp;&nbsp;&nbsp;&nbsp;&nbsp;&nbsp;2&nbsp;&nbsp;&nbsp;&nbsp;&nbsp;&nbsp;&nbsp;&nbsp;&nbsp;&nbsp;&nbsp;3&nbsp;&nbsp;&nbsp;&nbsp;&nbsp;&nbsp;&nbsp;&nbsp;&nbsp;&nbsp;&nbsp;4&nbsp;&nbsp;&nbsp;&nbsp;&nbsp;&nbsp;&nbsp;&nbsp;&nbsp;&nbsp;&nbsp;5</strong>&nbsp;&nbsp;&nbsp;&nbsp;&nbsp;&nbsp;&nbsp;&nbsp;&nbsp;&nbsp;&nbsp;</p>

<p><strong>Planificaci&oacute;n del proyecto&nbsp;&nbsp;&nbsp;&nbsp;&nbsp;&nbsp;&nbsp;&nbsp;&nbsp;&nbsp;&nbsp;</strong>&nbsp;&nbsp;&nbsp;&nbsp;&nbsp;&nbsp;&nbsp;&nbsp;&nbsp;&nbsp;&nbsp;&nbsp;&nbsp;&nbsp;&nbsp;&nbsp;&nbsp;&nbsp;&nbsp;&nbsp;&nbsp;&nbsp;&nbsp;&nbsp;&nbsp;&nbsp;&nbsp;&nbsp;&nbsp;&nbsp;&nbsp;&nbsp;&nbsp;&nbsp;&nbsp;&nbsp;&nbsp;&nbsp;&nbsp;&nbsp;&nbsp;&nbsp;&nbsp;&nbsp;&nbsp;&nbsp;&nbsp;&nbsp;&nbsp;&nbsp;&nbsp;&nbsp;&nbsp;&nbsp;&nbsp;&nbsp;&nbsp;&nbsp;&nbsp;&nbsp;&nbsp;&nbsp;&nbsp;&nbsp;&nbsp;&nbsp;&nbsp;&nbsp;&nbsp;&nbsp;&nbsp;&nbsp;&nbsp;&nbsp;&nbsp;&nbsp;&nbsp;&nbsp;&nbsp;&nbsp;&nbsp;&nbsp;&nbsp;&nbsp;&nbsp;&nbsp;&nbsp;&nbsp;</p>

<p><strong>&middot;</strong> Han participado en la planificaci&oacute;n del proyecto.</p>

<p><strong>&middot;</strong> Han contribuido en la distribuci&oacute;n de tareas.</p>

<p><strong>&middot;</strong> Han calculado correctamente el tiempo<br />
<strong>&nbsp; </strong>necesario para desarrollar cada tarea.&nbsp;&nbsp;&nbsp;&nbsp;&nbsp;&nbsp;&nbsp;&nbsp;&nbsp;&nbsp;&nbsp;&nbsp;&nbsp;&nbsp;&nbsp;&nbsp;&nbsp;&nbsp;&nbsp;&nbsp;&nbsp;&nbsp;&nbsp;&nbsp;&nbsp;&nbsp;&nbsp;&nbsp;&nbsp;&nbsp;&nbsp;&nbsp;&nbsp;&nbsp;&nbsp;&nbsp;&nbsp;&nbsp;&nbsp;&nbsp;&nbsp;&nbsp;&nbsp;&nbsp;&nbsp;&nbsp;&nbsp;&nbsp;&nbsp;&nbsp;&nbsp;&nbsp;&nbsp;&nbsp;&nbsp;&nbsp;&nbsp;&nbsp;&nbsp;&nbsp;&nbsp;&nbsp;&nbsp;&nbsp;&nbsp;&nbsp;&nbsp;&nbsp;&nbsp;&nbsp;&nbsp;&nbsp;&nbsp;&nbsp;&nbsp;&nbsp;&nbsp;</p>

<p><strong>&middot; </strong>Han desempe&ntilde;ado correctamente las tareas que<br />
<strong>&nbsp; </strong>te han sido asignadas.&nbsp;&nbsp;&nbsp;&nbsp;&nbsp;&nbsp;&nbsp;&nbsp;&nbsp;&nbsp;&nbsp;&nbsp;&nbsp;&nbsp;&nbsp;&nbsp;&nbsp;&nbsp;&nbsp;&nbsp;&nbsp;&nbsp;&nbsp;&nbsp;&nbsp;&nbsp;&nbsp;&nbsp;&nbsp;&nbsp;&nbsp;&nbsp;&nbsp;&nbsp;&nbsp;&nbsp;&nbsp;&nbsp;&nbsp;&nbsp;&nbsp;&nbsp;&nbsp;&nbsp;&nbsp;&nbsp;&nbsp;&nbsp;&nbsp;&nbsp;&nbsp;&nbsp;&nbsp;&nbsp;&nbsp;&nbsp;&nbsp;&nbsp;&nbsp;&nbsp;&nbsp;&nbsp;&nbsp;&nbsp;&nbsp;&nbsp;&nbsp;&nbsp;&nbsp;&nbsp;&nbsp;&nbsp;&nbsp;&nbsp;&nbsp;&nbsp;&nbsp;&nbsp;&nbsp;&nbsp;&nbsp;&nbsp;&nbsp;&nbsp;&nbsp;&nbsp;&nbsp;&nbsp;</p>

<p><strong>&middot; </strong>Han distribuido de manera equitativa las tareas<br />
<strong>&nbsp; </strong>entre los integrantes del grupo.</p>

<p><strong>&middot; </strong>Han realizado las tareas asignadas en<br />
&nbsp; el tiempo<strong> </strong>previsto.</p>

<p><strong>&middot; </strong>Todos los miembros del grupo han participado<br />
<strong>&nbsp; </strong>seg&uacute;n lo previsto.</p>

<p>________________________________________________________________________&nbsp;&nbsp;&nbsp;&nbsp;&nbsp;&nbsp;&nbsp;&nbsp;&nbsp;&nbsp;&nbsp;&nbsp;&nbsp;&nbsp;&nbsp;&nbsp;&nbsp;&nbsp;&nbsp;&nbsp;&nbsp;&nbsp;&nbsp;&nbsp;&nbsp;&nbsp;&nbsp;&nbsp;&nbsp;&nbsp;&nbsp;&nbsp;&nbsp;&nbsp;&nbsp;&nbsp;&nbsp;&nbsp;&nbsp;&nbsp;&nbsp;&nbsp;&nbsp;&nbsp;&nbsp;&nbsp;&nbsp;&nbsp;&nbsp;&nbsp;&nbsp;&nbsp;&nbsp;&nbsp;&nbsp;&nbsp;&nbsp;&nbsp;&nbsp;&nbsp;&nbsp;&nbsp;&nbsp;&nbsp;&nbsp;&nbsp;</p>

<p><strong>&nbsp;&nbsp;&nbsp;&nbsp;&nbsp;&nbsp;&nbsp;&nbsp;&nbsp;&nbsp;&nbsp;&nbsp;&nbsp;&nbsp;&nbsp;&nbsp;&nbsp;&nbsp;&nbsp;&nbsp;&nbsp;&nbsp;&nbsp;&nbsp;&nbsp;&nbsp;&nbsp;&nbsp;&nbsp;&nbsp;&nbsp;&nbsp;&nbsp;&nbsp;&nbsp;&nbsp;&nbsp;&nbsp;&nbsp;&nbsp;&nbsp;&nbsp;&nbsp;&nbsp;&nbsp;&nbsp;&nbsp;&nbsp;&nbsp;&nbsp;&nbsp;&nbsp;&nbsp;&nbsp;&nbsp;&nbsp;&nbsp;&nbsp;&nbsp;&nbsp;&nbsp;&nbsp;&nbsp;&nbsp;&nbsp;&nbsp;&nbsp;&nbsp;&nbsp;&nbsp;&nbsp;&nbsp;&nbsp;&nbsp;&nbsp;&nbsp;&nbsp;1&nbsp;&nbsp;&nbsp;&nbsp;&nbsp;&nbsp;&nbsp;&nbsp;&nbsp;&nbsp;&nbsp;2&nbsp;&nbsp;&nbsp;&nbsp;&nbsp;&nbsp;&nbsp;&nbsp;&nbsp;&nbsp;&nbsp;3&nbsp;&nbsp;&nbsp;&nbsp;&nbsp;&nbsp;&nbsp;&nbsp;&nbsp;&nbsp;&nbsp;4&nbsp;&nbsp;&nbsp;&nbsp;&nbsp;&nbsp;&nbsp;&nbsp;&nbsp;&nbsp;&nbsp;5</strong>&nbsp;&nbsp;&nbsp;&nbsp;&nbsp;&nbsp;&nbsp;&nbsp;&nbsp;&nbsp;&nbsp;</p>

<p><strong>Investigaci&oacute;n&nbsp;&nbsp;&nbsp;&nbsp;&nbsp;&nbsp;&nbsp;&nbsp;&nbsp;&nbsp;&nbsp;</strong>&nbsp;&nbsp;&nbsp;&nbsp;&nbsp;&nbsp;&nbsp;&nbsp;&nbsp;&nbsp;&nbsp;&nbsp;&nbsp;&nbsp;&nbsp;&nbsp;&nbsp;&nbsp;&nbsp;&nbsp;&nbsp;&nbsp;&nbsp;&nbsp;&nbsp;&nbsp;&nbsp;&nbsp;&nbsp;&nbsp;&nbsp;&nbsp;&nbsp;&nbsp;&nbsp;&nbsp;&nbsp;&nbsp;&nbsp;&nbsp;&nbsp;&nbsp;&nbsp;&nbsp;&nbsp;&nbsp;&nbsp;&nbsp;&nbsp;&nbsp;&nbsp;&nbsp;&nbsp;&nbsp;&nbsp;</p>

<p><strong>&middot; </strong>Han propuesto fuentes de informaci&oacute;n en las<br />
&nbsp; que se encontr&oacute; la informaci&oacute;n necesaria.</p>

<p><strong>&middot; </strong>Han propuesto una metodolog&iacute;a con la que<br />
&nbsp; lograron conseguir el objetivo.</p>

<p><strong>&middot; </strong>Han participado activamente en la consecuci&oacute;n<br />
&nbsp; de informaci&oacute;n y an&aacute;lisis de la misma.&nbsp;</p>

<p><strong>&middot; </strong>Han hecho uso de distintas fuentes de informaci&oacute;n<br />
&nbsp; (libros, textos, p&aacute;ginas web, art&iacute;culos<br />
&nbsp; de prensa, videos, etc.)&nbsp;&nbsp;&nbsp;&nbsp;&nbsp;&nbsp;&nbsp;&nbsp;&nbsp;&nbsp;&nbsp;&nbsp;&nbsp;&nbsp;&nbsp;&nbsp;&nbsp;&nbsp;&nbsp;&nbsp;&nbsp;&nbsp;&nbsp;&nbsp;&nbsp;&nbsp;&nbsp;&nbsp;&nbsp;&nbsp;&nbsp;&nbsp;&nbsp;&nbsp;&nbsp;&nbsp;&nbsp;&nbsp;&nbsp;</p>

<p>________________________________________________________________________&nbsp;&nbsp;&nbsp;&nbsp;&nbsp;&nbsp;&nbsp;&nbsp;&nbsp;&nbsp;&nbsp;&nbsp;&nbsp;&nbsp;&nbsp;&nbsp;&nbsp;&nbsp;&nbsp;&nbsp;&nbsp;&nbsp;&nbsp;&nbsp;&nbsp;&nbsp;&nbsp;&nbsp;&nbsp;&nbsp;&nbsp;&nbsp;&nbsp;&nbsp;&nbsp;&nbsp;&nbsp;&nbsp;&nbsp;&nbsp;&nbsp;&nbsp;&nbsp;&nbsp;&nbsp;&nbsp;&nbsp;&nbsp;&nbsp;&nbsp;&nbsp;&nbsp;&nbsp;&nbsp;&nbsp;&nbsp;&nbsp;&nbsp;&nbsp;&nbsp;&nbsp;&nbsp;&nbsp;&nbsp;&nbsp;&nbsp;</p>

<p><strong>&nbsp;&nbsp;&nbsp;&nbsp;&nbsp;&nbsp;&nbsp;&nbsp;&nbsp;&nbsp;&nbsp;&nbsp;&nbsp;&nbsp;&nbsp;&nbsp;&nbsp;&nbsp;&nbsp;&nbsp;&nbsp;&nbsp;&nbsp;&nbsp;&nbsp;&nbsp;&nbsp;&nbsp;&nbsp;&nbsp;&nbsp;&nbsp;&nbsp;&nbsp;&nbsp;&nbsp;&nbsp;&nbsp;&nbsp;&nbsp;&nbsp;&nbsp;&nbsp;&nbsp;&nbsp;&nbsp;&nbsp;&nbsp;&nbsp;&nbsp;&nbsp;&nbsp;&nbsp;&nbsp;&nbsp;&nbsp;&nbsp;&nbsp;&nbsp;&nbsp;&nbsp;&nbsp;&nbsp;&nbsp;&nbsp;&nbsp;&nbsp;&nbsp;&nbsp;&nbsp;&nbsp;&nbsp;&nbsp;&nbsp;&nbsp;&nbsp;&nbsp;1&nbsp;&nbsp;&nbsp;&nbsp;&nbsp;&nbsp;&nbsp;&nbsp;&nbsp;&nbsp;&nbsp;2&nbsp;&nbsp;&nbsp;&nbsp;&nbsp;&nbsp;&nbsp;&nbsp;&nbsp;&nbsp;&nbsp;3&nbsp;&nbsp;&nbsp;&nbsp;&nbsp;&nbsp;&nbsp;&nbsp;&nbsp;&nbsp;&nbsp;4&nbsp;&nbsp;&nbsp;&nbsp;&nbsp;&nbsp;&nbsp;&nbsp;&nbsp;&nbsp;&nbsp;5</strong>&nbsp;&nbsp;&nbsp;&nbsp;&nbsp;&nbsp;&nbsp;&nbsp;&nbsp;&nbsp;&nbsp;</p>

<p><strong>An&aacute;lisis de la informaci&oacute;n&nbsp;&nbsp;&nbsp;&nbsp;&nbsp;&nbsp;&nbsp;&nbsp;&nbsp;&nbsp;&nbsp;</strong>&nbsp;&nbsp;&nbsp;&nbsp;&nbsp;&nbsp;&nbsp;&nbsp;&nbsp;&nbsp;&nbsp;&nbsp;&nbsp;&nbsp;&nbsp;&nbsp;&nbsp;&nbsp;&nbsp;&nbsp;&nbsp;&nbsp;&nbsp;&nbsp;&nbsp;&nbsp;&nbsp;&nbsp;&nbsp;&nbsp;&nbsp;&nbsp;&nbsp;&nbsp;&nbsp;&nbsp;&nbsp;&nbsp;&nbsp;&nbsp;&nbsp;&nbsp;&nbsp;&nbsp;&nbsp;&nbsp;&nbsp;&nbsp;&nbsp;&nbsp;&nbsp;&nbsp;&nbsp;&nbsp;&nbsp;</p>

<p><strong>&middot; </strong>Han sabido clasificar la informaci&oacute;n<br />
&nbsp; en importante e innecesaria.</p>

<p><strong>&middot; </strong>Han ordenado todos los datos<br />
&nbsp; antes de utilizarlos.</p>

<p><strong>&middot; </strong>Han utilizado los datos correctamente.</p>

<p>________________________________________________________________________&nbsp;&nbsp;&nbsp;&nbsp;&nbsp;&nbsp;&nbsp;&nbsp;&nbsp;&nbsp;&nbsp;&nbsp;&nbsp;&nbsp;&nbsp;&nbsp;&nbsp;&nbsp;&nbsp;&nbsp;&nbsp;&nbsp;&nbsp;&nbsp;&nbsp;&nbsp;&nbsp;&nbsp;&nbsp;&nbsp;&nbsp;&nbsp;&nbsp;&nbsp;&nbsp;&nbsp;&nbsp;&nbsp;&nbsp;&nbsp;&nbsp;&nbsp;&nbsp;&nbsp;&nbsp;&nbsp;&nbsp;&nbsp;&nbsp;&nbsp;&nbsp;&nbsp;&nbsp;&nbsp;&nbsp;&nbsp;&nbsp;&nbsp;&nbsp;&nbsp;&nbsp;&nbsp;&nbsp;&nbsp;&nbsp;&nbsp;</p>

<p><strong>&nbsp;&nbsp;&nbsp;&nbsp;&nbsp;&nbsp;&nbsp;&nbsp;&nbsp;&nbsp;&nbsp;&nbsp;&nbsp;&nbsp;&nbsp;&nbsp;&nbsp;&nbsp;&nbsp;&nbsp;&nbsp;&nbsp;&nbsp;&nbsp;&nbsp;&nbsp;&nbsp;&nbsp;&nbsp;&nbsp;&nbsp;&nbsp;&nbsp;&nbsp;&nbsp;&nbsp;&nbsp;&nbsp;&nbsp;&nbsp;&nbsp;&nbsp;&nbsp;&nbsp;&nbsp;&nbsp;&nbsp;&nbsp;&nbsp;&nbsp;&nbsp;&nbsp;&nbsp;&nbsp;&nbsp;&nbsp;&nbsp;&nbsp;&nbsp;&nbsp;&nbsp;&nbsp;&nbsp;&nbsp;&nbsp;&nbsp;&nbsp;&nbsp;&nbsp;&nbsp;&nbsp;&nbsp;&nbsp;&nbsp;&nbsp;&nbsp;&nbsp;1&nbsp;&nbsp;&nbsp;&nbsp;&nbsp;&nbsp;&nbsp;&nbsp;&nbsp;&nbsp;&nbsp;2&nbsp;&nbsp;&nbsp;&nbsp;&nbsp;&nbsp;&nbsp;&nbsp;&nbsp;&nbsp;&nbsp;3&nbsp;&nbsp;&nbsp;&nbsp;&nbsp;&nbsp;&nbsp;&nbsp;&nbsp;&nbsp;&nbsp;4&nbsp;&nbsp;&nbsp;&nbsp;&nbsp;&nbsp;&nbsp;&nbsp;&nbsp;&nbsp;&nbsp;5</strong>&nbsp;&nbsp;&nbsp;&nbsp;&nbsp;&nbsp;&nbsp;&nbsp;&nbsp;&nbsp;&nbsp;</p>

<p><strong>S&iacute;ntesis</strong>&nbsp;&nbsp;&nbsp;&nbsp;&nbsp;&nbsp;&nbsp;&nbsp;&nbsp;&nbsp;&nbsp;&nbsp;&nbsp;&nbsp;&nbsp;&nbsp;&nbsp;&nbsp;&nbsp;&nbsp;&nbsp;&nbsp;&nbsp;&nbsp;&nbsp;&nbsp;&nbsp;&nbsp;&nbsp;&nbsp;&nbsp;&nbsp;&nbsp;</p>

<p><strong>&middot;</strong> Han dado respuesta a la pregunta principal<br />
&nbsp; del proyecto.</p>

<p><strong>&middot;</strong> Han logrado deducir conclusiones correctas.</p>

<p><strong>&middot; </strong>Han logrado una presentaci&oacute;n comprensible.</p>

<p><strong>&middot; </strong>Han hecho una exposici&oacute;n correcta y completa.</p>

<p><strong>&middot; </strong>Han respondido las preguntas del auditorio.</p>

<p><strong>&middot; </strong>Han incorporado el contenido audiovisual<br />
&nbsp; de manera adecuada.</p>

<p><strong>&middot; </strong>Han sido creativos.&nbsp;&nbsp;&nbsp;&nbsp;&nbsp;&nbsp;&nbsp;&nbsp;&nbsp;&nbsp;&nbsp;</p>

<p>________________________________________________________________________&nbsp;&nbsp;&nbsp;&nbsp;&nbsp;&nbsp;&nbsp;&nbsp;&nbsp;&nbsp;&nbsp;&nbsp;&nbsp;&nbsp;&nbsp;&nbsp;&nbsp;&nbsp;&nbsp;&nbsp;&nbsp;&nbsp;&nbsp;&nbsp;&nbsp;&nbsp;&nbsp;&nbsp;&nbsp;&nbsp;&nbsp;&nbsp;&nbsp;&nbsp;&nbsp;&nbsp;&nbsp;&nbsp;&nbsp;&nbsp;&nbsp;&nbsp;&nbsp;&nbsp;&nbsp;&nbsp;&nbsp;&nbsp;&nbsp;&nbsp;&nbsp;&nbsp;&nbsp;&nbsp;&nbsp;&nbsp;&nbsp;&nbsp;&nbsp;&nbsp;&nbsp;&nbsp;&nbsp;&nbsp;&nbsp;&nbsp;</p>

<p><strong>&nbsp;&nbsp;&nbsp;&nbsp;&nbsp;&nbsp;&nbsp;&nbsp;&nbsp;&nbsp;&nbsp;&nbsp;&nbsp;&nbsp;&nbsp;&nbsp;&nbsp;&nbsp;&nbsp;&nbsp;&nbsp;&nbsp;&nbsp;&nbsp;&nbsp;&nbsp;&nbsp;&nbsp;&nbsp;&nbsp;&nbsp;&nbsp;&nbsp;&nbsp;&nbsp;&nbsp;&nbsp;&nbsp;&nbsp;&nbsp;&nbsp;&nbsp;&nbsp;&nbsp;&nbsp;&nbsp;&nbsp;&nbsp;&nbsp;&nbsp;&nbsp;&nbsp;&nbsp;&nbsp;&nbsp;&nbsp;&nbsp;&nbsp;&nbsp;&nbsp;&nbsp;&nbsp;&nbsp;&nbsp;&nbsp;&nbsp;&nbsp;&nbsp;&nbsp;&nbsp;&nbsp;&nbsp;&nbsp;&nbsp;&nbsp;&nbsp;&nbsp;1&nbsp;&nbsp;&nbsp;&nbsp;&nbsp;&nbsp;&nbsp;&nbsp;&nbsp;&nbsp;&nbsp;2&nbsp;&nbsp;&nbsp;&nbsp;&nbsp;&nbsp;&nbsp;&nbsp;&nbsp;&nbsp;&nbsp;3&nbsp;&nbsp;&nbsp;&nbsp;&nbsp;&nbsp;&nbsp;&nbsp;&nbsp;&nbsp;&nbsp;4&nbsp;&nbsp;&nbsp;&nbsp;&nbsp;&nbsp;&nbsp;&nbsp;&nbsp;&nbsp;&nbsp;5</strong>&nbsp;&nbsp;&nbsp;&nbsp;&nbsp;&nbsp;&nbsp;&nbsp;&nbsp;&nbsp;&nbsp;</p>

<p><strong>VALORACI&Oacute;N GLOBAL</strong></p>

<p><strong>&middot;</strong> Del trabajo desarrollado.</p>

<p><strong>&middot;</strong> Del documento entregado.</p>

<p><strong>&middot;</strong> Del trabajo en equipo.</p>

<p><strong>&middot;</strong> De la presentaci&oacute;n.&nbsp;&nbsp;&nbsp;&nbsp;&nbsp;&nbsp;&nbsp;&nbsp;&nbsp;&nbsp;&nbsp;&nbsp;&nbsp;&nbsp;&nbsp;&nbsp;&nbsp;&nbsp;&nbsp;&nbsp;&nbsp;&nbsp; &nbsp;&nbsp;&nbsp;&nbsp;&nbsp;&nbsp;&nbsp;&nbsp;&nbsp;&nbsp;&nbsp;&nbsp;&nbsp;&nbsp;&nbsp;&nbsp;&nbsp;&nbsp;&nbsp;&nbsp;&nbsp;&nbsp;&nbsp;&nbsp;&nbsp;&nbsp;&nbsp;&nbsp;&nbsp;&nbsp;&nbsp;&nbsp;&nbsp;&nbsp;&nbsp;&nbsp;&nbsp;&nbsp;&nbsp;&nbsp;&nbsp;&nbsp;&nbsp;&nbsp;</p>
]]></section>
</engine>