﻿<?xml version="1.0" encoding="utf-8"?><motor tipo="5" clase="b" aprid="M5b"><plataforma><grado><![CDATA[2]]></grado><titulo>Entiende cómo funciona la bolsa</titulo><area>2</area><nivel>3</nivel><referencia><![CDATA[CS_09_04_05]]></referencia><idreg><![CDATA[488]]></idreg><motor><![CDATA[M5B]]></motor><lang>es</lang></plataforma><enunciado><![CDATA[Responde las siguientes preguntas después de ver el video sobre el funcionamiento de la bolsa de valores.]]></enunciado><masinfo inicio="0" /><sinaleatoriedad><![CDATA[0]]></sinaleatoriedad><calc><![CDATA[0]]></calc><respuestaunica><![CDATA[1]]></respuestaunica><test cantidad="8"><cuestion><enunciado><![CDATA[¿En qué área geográfica de Europa aparecieron las primeras bolsas de valores?]]></enunciado><explicacion><![CDATA[Las primeras bolsas aparecieron en las ciudades más importantes del área mediterránea.]]></explicacion><video><![CDATA[DI000511_CO_LO.mp4]]></video><salto /><respuestas><respuesta contestacion="En la Europa mediterránea." correcta="1" /><respuesta contestacion="En la Europa central." correcta="0" /><respuesta contestacion="En la Europa atlántica." correcta="0" /><respuesta contestacion="En la Europa nórdica." correcta="0" /></respuestas></cuestion><cuestion><enunciado><![CDATA[¿Qué se entiende por títulos de deuda?]]></enunciado><explicacion><![CDATA[El título de deuda es un título valor que refleja una deuda que una entidad o empresa contrae con un inversor. ]]></explicacion><video><![CDATA[DI000511_CO_LO.mp4]]></video><salto /><respuestas><respuesta contestacion="Los títulos que reflejan la deuda entre dos partes." correcta="1" /><respuesta contestacion="La deuda que puede exigir el Estado a sus acreedores." correcta="0" /><respuesta contestacion="La deuda carente de pago." correcta="0" /></respuestas></cuestion><cuestion><enunciado><![CDATA[¿Cuáles fueron los primeros productos utilizados para comerciar en las bolsas?]]></enunciado><explicacion><![CDATA[En las primeras bolsas se comerciaba con mercancías. Más adelante se introdujeron otros productos para hacer transacciones, como los valores o los títulos de deuda.]]></explicacion><video><![CDATA[DI000511_CO_LO.mp4]]></video><salto /><respuestas><respuesta contestacion="Las mercancías." correcta="1" /><respuesta contestacion="Los valores." correcta="0" /><respuesta contestacion="Los títulos de deuda." correcta="0" /></respuestas></cuestion><cuestion><enunciado><![CDATA[¿Durante qué época tuvo la bolsa un papel destacado?]]></enunciado><explicacion><![CDATA[Las bolsas canalizaron el ahorro particular hacia grandes proyectos de infraestructura, que permitieron el desarrollo de la industria.]]></explicacion><video><![CDATA[DI000511_CO_LO.mp4]]></video><salto /><respuestas><respuesta contestacion="Durante la Revolución Industrial." correcta="1" /><respuesta contestacion="Durante la Revolución francesa." correcta="0" /><respuesta contestacion="Durante la Revolución burguesa." correcta="0" /></respuestas></cuestion><cuestion><enunciado><![CDATA[¿En qué año ocurrió el crac de la Bolsa de Nueva York?]]></enunciado><explicacion><![CDATA[El crac de la Bolsa de Nueva York, conocido de forma popular como el "Jueves Negro", tuvo lugar el 24 de octubre de 1929. ]]></explicacion><video><![CDATA[DI000511_CO_LO.mp4]]></video><salto /><respuestas><respuesta contestacion="1929" correcta="1" /><respuesta contestacion="1919" correcta="0" /><respuesta contestacion="1839" correcta="0" /><respuesta contestacion="1789" correcta="0" /></respuestas></cuestion><cuestion><enunciado><![CDATA[¿Qué explica el crac de la Bolsa de Nueva York de 1929?]]></enunciado><explicacion><![CDATA[Entre 1925 y 1929, el valor de las acciones cotizadas en la Bolsa de Nueva York se triplicó y ello estimuló la concesión de créditos para comprar acciones. ]]></explicacion><video><![CDATA[DI000511_CO_LO.mp4]]></video><salto /><respuestas><respuesta contestacion="El gran ahorro particular." correcta="0" /><respuesta contestacion="La baja inflación." correcta="0" /><respuesta contestacion="Los altos tipos de interés." correcta="0" /><respuesta contestacion="La especulación bursátil." correcta="1" /></respuestas></cuestion><cuestion><enunciado><![CDATA[¿Qué se entiende por el valor de mercado de las acciones?]]></enunciado><explicacion><![CDATA[La acción de una sociedad tiene tres valores: el valor nominal, el valor de mercado y el valor contable. ]]></explicacion><video><![CDATA[DI000511_CO_LO.mp4]]></video><salto /><respuestas><respuesta contestacion="El valor que determina la oferta y la demanda." correcta="1" /><respuesta contestacion="El valor del capital contable." correcta="0" /><respuesta contestacion="El valor nominal de las acciones." correcta="0" /></respuestas></cuestion><cuestion><enunciado><![CDATA[¿Qué se entiende por tipo de cambio?]]></enunciado><explicacion><![CDATA[El tipo de cambio es la cantidad de moneda nacional que se requiere para comprar una unidad monetaria extranjera.]]></explicacion><video><![CDATA[DI000511_CO_LO.mp4]]></video><salto /><respuestas><respuesta contestacion="El valor que se debe pagar por una unidad de moneda extranjera." correcta="1" /><respuesta contestacion="El valor de la moneda nacional." correcta="0" /><respuesta contestacion="El valor de las acciones en la bolsa." correcta="0" /></respuestas></cuestion></test></motor>