﻿<?xml version="1.0" encoding="utf-8"?><motor tipo="4" clase="a" aprid="M4a">
  <plataforma>
    <grado><![CDATA[2]]></grado>
    <titulo>Identifica las características del mundo actual</titulo>
    <area>2</area>
    <nivel>2</nivel>
    <referencia><![CDATA[CS_10_12_06]]></referencia>
    <idreg><![CDATA[541 ]]></idreg>
    <motor><![CDATA[M4A]]></motor>
    <lang>es</lang>
  </plataforma>
  <enunciado><![CDATA[Responde las siguientes preguntas sobre la historia de las últimas dos décadas.]]></enunciado>
  <masinfo inicio="0"/>
  <sinaleatoriedad><![CDATA[0]]></sinaleatoriedad>
  <calc><![CDATA[0]]></calc>
  <respuestaunica><![CDATA[1]]></respuestaunica>
  <test cantidad="10">
    <cuestion>
      <enunciado><![CDATA[¿Qué hecho marcó el fin de la bipolaridad propia de la Guerra Fría?]]></enunciado>
      <explicacion/>
      <imagen/>
      <respuestas>
        <respuesta contestacion="El derrumbe de la URSS." correcta="1"/>
        <respuesta contestacion="Los atentados del 11 de septiembre." correcta="0"/>
        <respuesta contestacion="El inicio de la perestroika." correcta="0"/>
      </respuestas>
    </cuestion>
    <cuestion>
      <enunciado><![CDATA[¿Qué comunidad formaron las antiguas repúblicas soviéticas el mismo año de la desintegración de la URSS?]]></enunciado>
      <explicacion/>
      <imagen/>
      <respuestas>
        <respuesta contestacion="La Comunidad de Estados Independientes." correcta="1"/>
        <respuesta contestacion="El Consejo de Asistencia Económica Mutua." correcta="0"/>
        <respuesta contestacion="La Federación de Estados Rusos." correcta="0"/>
      </respuestas>
    </cuestion>
    <cuestion>
      <enunciado><![CDATA[¿Qué presidente ruso, siendo secretario general del Partido Comunista de la Unión Soviética (PCUS) se propuso democratizar a la URSS?]]></enunciado>
      <explicacion/>
      <imagen/>
      <respuestas>
        <respuesta contestacion="Vladimir Putin" correcta="0"/>
        <respuesta contestacion="Mijaíl Gorbachov" correcta="1"/>
        <respuesta contestacion="Dmitri Medvédev" correcta="0"/>
      </respuestas>
    </cuestion>
    <cuestion>
      <enunciado><![CDATA[¿Qué país centroeuropeo se dividió, de forma pacífica, en 1993?]]></enunciado>
      <explicacion/>
      <imagen/>
      <respuestas>
        <respuesta contestacion="Checoslovaquia" correcta="1"/>
        <respuesta contestacion="Alemania" correcta="0"/>
        <respuesta contestacion="Yugoslavia" correcta="0"/>
      </respuestas>
    </cuestion>
    <cuestion>
      <enunciado><![CDATA[¿Qué acontecimiento fue clave en la definición del nuevo papel de Estados Unidos tras el hundimiento del bloque comunista?]]></enunciado>
      <explicacion/>
      <imagen/>
      <respuestas>
        <respuesta contestacion="La guerra del Golfo." correcta="1"/>
        <respuesta contestacion="La guerra de Yugoslavia." correcta="0"/>
        <respuesta contestacion="La invasión de Afganistán." correcta="0"/>
      </respuestas>
    </cuestion>
    <cuestion>
      <enunciado><![CDATA[¿Cuál fue el país que, desde 2005, se convirtió en el primer consumidor mundial de alimentos y energía?]]></enunciado>
      <explicacion/>
      <imagen/>
      <respuestas>
        <respuesta contestacion="Corea del Sur" correcta="0"/>
        <respuesta contestacion="Siria" correcta="0"/>
        <respuesta contestacion="China" correcta="1"/>
      </respuestas>
    </cuestion>
    <cuestion>
      <enunciado><![CDATA[¿Cuáles eran las grandes potencias económicas mundiales a comienzos del siglo XXI?]]></enunciado>
      <explicacion/>
      <imagen/>
      <respuestas>
        <respuesta contestacion="Estados Unidos, la Unión Europea y Japón." correcta="1"/>
        <respuesta contestacion="Estados Unidos, China y Rusia." correcta="0"/>
        <respuesta contestacion="India, la Unión Europea y Rusia." correcta="0"/>
      </respuestas>
    </cuestion>
    <cuestion>
      <enunciado><![CDATA[¿Cuál de estos territorios es un claro partidario del multilateralismo en el ámbito de las relaciones internacionales?]]></enunciado>
      <explicacion/>
      <imagen/>
      <respuestas>
        <respuesta contestacion="Estados Unidos" correcta="0"/>
        <respuesta contestacion="Rusia" correcta="0"/>
        <respuesta contestacion="Unión Europea" correcta="1"/>
      </respuestas>
    </cuestion>
    <cuestion>
      <enunciado><![CDATA[¿Cuál de estos conflictos no puede definirse como desigual?]]></enunciado>
      <explicacion/>
      <imagen/>
      <respuestas>
        <respuesta contestacion="Conflicto entre una coalición de Estados y otro Estado." correcta="0"/>
        <respuesta contestacion="Conflicto entre Estados o coaliciones de Estados." correcta="1"/>
        <respuesta contestacion="Conflicto entre un Estado y una organización no estatal. " correcta="0"/>
      </respuestas>
    </cuestion>
    <cuestion>
      <enunciado><![CDATA[¿Qué contribuye a agravar la globalización?]]></enunciado>
      <explicacion/>
      <imagen/>
      <respuestas>
        <respuesta contestacion="Las desigualdades Norte-Sur." correcta="1"/>
        <respuesta contestacion="El enfrentamiento Este-Oeste." correcta="0"/>
        <respuesta contestacion="La tensión entre Estados Unidos y Rusia." correcta="0"/>
      </respuestas>
    </cuestion>
  </test>
</motor>