﻿<?xml version="1.0" encoding="utf-8"?><motor tipo="8" clase="a" aprid="M8a"><plataforma><grado><![CDATA[2]]></grado><titulo>Identifica las características fundamentales del arte egipcio</titulo><volumen><![CDATA[2]]></volumen><nivel><![CDATA[2]]></nivel><referencia><![CDATA[cs_07_08_10]]></referencia><id_reg><![CDATA[61]]></id_reg><motor><![CDATA[M8a]]></motor><lang>es</lang></plataforma><enunciado><![CDATA[Observa las imágenes y selecciona la respuesta correcta.]]></enunciado><masinfo inicio="0" /><sinaleatoriedad><![CDATA[0]]></sinaleatoriedad><calc><![CDATA[0]]></calc><respuestaunica><![CDATA[0]]></respuestaunica><test cantidad="8"><cuestion><enunciado><![CDATA[¿Qué nombre recibía la sala de columnas de los templos egipcios?]]></enunciado><imagen><![CDATA[000idm01_286.png]]></imagen><ampliacion><![CDATA[000idm01_500.png]]></ampliacion><explicacion><![CDATA[La sala hipóstila se situaba en el interior de los templos egipcios. Era un gran bosque de columnas al que solo podían acceder los grupos privilegiados.]]></explicacion><respuestas><respuesta contestacion="Sala hipóstila" correcta="on" /><respuesta contestacion="Sala áurea" correcta="0" /><respuesta contestacion="Atrio" correcta="0" /><respuesta contestacion="Sala hipogea" correcta="0" /></respuestas></cuestion><cuestion><enunciado><![CDATA[¿Cuáles son las dos características que definen la escultura egipcia?]]></enunciado><imagen><![CDATA[0009fq01_286.png]]></imagen><ampliacion><![CDATA[0009fq01_500.png]]></ampliacion><explicacion><![CDATA[Las figuras se caracterizan por su rigidez y hieratismo; todas muestran cierta tensión física y espiritual y se rigen por la ley de la frontalidad.]]></explicacion><respuestas><respuesta contestacion="Rigidez y hieratismo" correcta="on" /><respuesta contestacion="Frontalidad y dinamismo" correcta="0" /><respuesta contestacion="Exuberancia y equilibrio" correcta="0" /><respuesta contestacion="Armonía y proporcionalidad" correcta="0" /></respuestas></cuestion><cuestion><enunciado><![CDATA[¿Cuál era la función fundamental de las pirámides?]]></enunciado><imagen><![CDATA[0007td01_286.png]]></imagen><ampliacion><![CDATA[0007td01_500.png]]></ampliacion><explicacion><![CDATA[Las pirámides eran grandes monumentos funerarios destinados a albergar el cuerpo del faraón. Las primeras fueron escalonadas, aunque las famosas pirámides de Gizeh se alzaron en una etapa posterior.]]></explicacion><respuestas><respuesta contestacion="Funeraria" correcta="on" /><respuesta contestacion="Conmemorativa" correcta="0" /><respuesta contestacion="Propagandística" correcta="0" /><respuesta contestacion="Palaciega" correcta="0" /></respuestas></cuestion><cuestion><enunciado><![CDATA[¿Qué nombre recibía el ataúd en que era depositado el cuerpo del faraón difunto?]]></enunciado><imagen><![CDATA[0007x001_286.png]]></imagen><ampliacion><![CDATA[0007x001_500.png]]></ampliacion><explicacion><![CDATA[Los sarcófagos acogían el cuerpo momificado del difunto. Los sarcófagos de madera eran decorados de forma más o menos rica, dependiendo de quién los ocupase. Este sarcófago se depositaba a su vez en el interior de otro de piedra.]]></explicacion><respuestas><respuesta contestacion="Sarcófago" correcta="on" /><respuesta contestacion="Mausoleo" correcta="0" /><respuesta contestacion="Nicho" correcta="0" /><respuesta contestacion="Mastaba" correcta="0" /></respuestas></cuestion><cuestion><enunciado><![CDATA[La esfinge de Gizeh era]]></enunciado><imagen><![CDATA[000i0701_286.png]]></imagen><ampliacion><![CDATA[000i0701_500.png]]></ampliacion><explicacion><![CDATA[Las esfinges eran grandes esculturas con cuerpo de león y cabeza humana. Los egipcios les atribuían una función protectora. Se solían situar a la entrada de templos y tumbas.]]></explicacion><respuestas><respuesta contestacion="un templo egipcio." correcta="0" /><respuesta contestacion="una representación de la diosa Isis." correcta="0" /><respuesta contestacion="un símbolo de fertilidad." correcta="0" /><respuesta contestacion="un símbolo protector." correcta="on" /></respuestas></cuestion><cuestion><enunciado><![CDATA[¿Qué nombre recibe el conjunto de objetos de valor que se dejaba junto al sarcófago del difunto?]]></enunciado><imagen><![CDATA[0008ze01_286.png]]></imagen><ampliacion><![CDATA[0008ze01_500.png]]></ampliacion><explicacion><![CDATA[En el interior de las cámaras sepulcrales, los antiguos egipcios dejaban junto al sarcófago ofrendas para la vida de ultratumba y un ajuar funerario compuesto por objetos de valor.]]></explicacion><respuestas><respuesta contestacion="Ajuar funerario" correcta="on" /><respuesta contestacion="Sacrificio" correcta="0" /><respuesta contestacion="Donación" correcta="0" /><respuesta contestacion="Ofrenda" correcta="0" /></respuestas></cuestion><cuestion><enunciado><![CDATA[¿Cuál es el nombre de este templo?]]></enunciado><imagen><![CDATA[0014h801_286.png]]></imagen><ampliacion><![CDATA[0014h801_500.png]]></ampliacion><explicacion><![CDATA[El templo de Abu Simbel, mandado construir por Ramsés II, fue excavado en un macizo de arenisca. Es reconocible por los cuatro colosos de su entrada. El templo fue declarado patrimonio de la humanidad en 1979.]]></explicacion><respuestas><respuesta contestacion="Abu Simbel" correcta="on" /><respuesta contestacion="Luxor" correcta="0" /><respuesta contestacion="Karnak" correcta="0" /><respuesta contestacion="Tebas" correcta="0" /></respuestas></cuestion><cuestion><enunciado><![CDATA[¿Cuáles eran los principales rasgos de la pintura egipcia?]]></enunciado><imagen><![CDATA[0009yi01_286.png]]></imagen><ampliacion><![CDATA[0009yi01_500.png]]></ampliacion><explicacion><![CDATA[La pintura estaba presente en estatuas, paredes de las tumbas, en los papiros, etc. Se utilizaban colores planos y se conseguía dar una sensación de profundidad y movimiento mediante la superposición de siluetas o diferentes tamaños de las figuras.]]></explicacion><respuestas><respuesta contestacion="Colores planos y ausencia de perspectiva" correcta="on" /><respuesta contestacion="Naturalidad y rigidez" correcta="0" /><respuesta contestacion="Dinamismo y simplicidad" correcta="0" /><respuesta contestacion="Figuras idealizadas" correcta="0" /></respuestas></cuestion></test><temps></temps></motor>