﻿<?xml version="1.0" encoding="utf-8"?><motor tipo="2" clase="a" aprid="m2a"><plataforma><grado><![CDATA[1]]></grado><titulo>La economía en el Antiguo Egipto</titulo><area>0</area><nivel>1</nivel><referencia /><idreg><![CDATA[0]]></idreg><motor><![CDATA[M2A]]></motor><lang>es</lang></plataforma><enunciado><![CDATA[Rellena los espacios con la palabra correcta.]]></enunciado><masinfo inicio="0" /><calc><![CDATA[0]]></calc><sonido /><textoacategoria><cuestion><pregunta><![CDATA[Diferentes grupos humanos de cazadores-recolectores se asentaron en el valle del  [*]  desarrollando una rica  [*]  que aprovechaba las crecidas del  [*]  Mediante la creación de un sistema de  [*]  y embalses, permitió la conducción de las aguas, haciendo posible la  [*]  de zonas áridas e incrementar las  [*]  del trigo, la cebada y el lino.Los egipcios desarrollaron también una importante  [*]  con la domesticación de especies salvajes como la cabra, la oveja, la vaca, el cerdo y diferentes aves de corral; a su vez, el aprovechamiento de la  [*]  de animales como caballo o el camello facilitaba las tareas agrícolas.]]></pregunta><respuestas><respuesta orden="1"><![CDATA[Nilo]]></respuesta><respuesta orden="2"><![CDATA[agricultura]]></respuesta><respuesta orden="3"><![CDATA[río]]></respuesta><respuesta orden="4"><![CDATA[canales]]></respuesta><respuesta orden="5"><![CDATA[irrigación]]></respuesta><respuesta orden="6"><![CDATA[cosechas]]></respuesta><respuesta orden="7"><![CDATA[ganadería]]></respuesta><respuesta orden="8"><![CDATA[fuerza]]></respuesta></respuestas></cuestion></textoacategoria><textofalso cantidad="0" /><temps></temps></motor>