﻿<?xml version="1.0" encoding="UTF-8"?><engine copy="Editorial Planeta" version="1" aprid="f1"><css><![CDATA[.defaultCSSBox2 {
	background: #000000;
}
.defaultCSSBox3 {
	background: #ffffff;
}


.color1a {
	background: #95a8fb;
}

.color2a {
	background: #99d2be;
}

.color3a {
	background: #c5b19c;
}

.color4a {
	background: #e39999;
}


.color1b {
	background: #4264f8;
}

.color2b {
	background: #27a174;
}

.color3b {
	background: #8b6238;
}

.color4b {
	background: #b90000;
}]]></css><pantallas><pantalla id="pantalla_5"><event id="onPrepare" language="DO"><![CDATA[]]></event><event id="onShown" language="DO"><![CDATA[]]></event><components><component _type="_compSlider" id="diaporama_12" x="0" y="0" width="950" height="608" alpha="1" visible="1" enabled="1" transMode="1" /><component _type="_compSliderNav" id="slidernav_11" x="45" y="526" width="162" height="37" alpha="1" visible="1" enabled="1" sliderId="diaporama_12" showHome="1" whiteButtons="0" /></components><animaciones></animaciones><slider id="diaporama_12"><pantalla id="pantalla_14"><event id="onPrepare" language="DO"><![CDATA[]]></event><event id="onShown" language="DO"><![CDATA[]]></event><components><component _type="_compCSSBox" id="fondo_19" x="427" y="160" width="95" height="75" alpha="1" visible="1" enabled="1" cssClass="color1a" /><component _type="_compCSSBox" id="fondo_28" x="352" y="256" width="246" height="75" alpha="1" visible="1" enabled="1" cssClass="color2a" /><component _type="_compCSSBox" id="fondo_30" x="229" y="448" width="491" height="75" alpha="1" visible="1" enabled="1" cssClass="color4a" /><component _type="_compCSSBox" id="fondo_29" x="291" y="352" width="368" height="75" alpha="1" visible="1" enabled="1" cssClass="color3a" /><component _type="_compRichText" id="texto_26" x="6" y="14" width="938" height="75" alpha="1" visible="1" enabled="1" scrollable="1"><content><![CDATA[<p style="text-align:center"><span style="font-size:31px"><span style="font-family:georgia,serif">La sociedad mesopot&aacute;mica</span></span></p>
]]></content></component><component _type="_compImage" id="image_20" x="422" y="83" width="105" height="161" alpha="1" visible="1" enabled="1" cssClass="" adjustMode="4" alignMode="0" image="data/imagenes/image_27.png" /><component _type="_compImage" id="image_21" x="342" y="204" width="101" height="149" alpha="1" visible="1" enabled="1" cssClass="" adjustMode="4" alignMode="0" image="data/imagenes/image_26_r.png" /><component _type="_compImage" id="image_23" x="510" y="183" width="110" height="190" alpha="1" visible="1" enabled="1" cssClass="" adjustMode="4" alignMode="0" image="data/imagenes/image_25.png" /><component _type="_compImage" id="image_24" x="254" y="323" width="138" height="133" alpha="1" visible="1" enabled="1" cssClass="" adjustMode="4" alignMode="0" image="data/imagenes/image_22.png" /><component _type="_compImage" id="image_25" x="406" y="340" width="137" height="104" alpha="1" visible="1" enabled="1" cssClass="" adjustMode="4" alignMode="0" image="data/imagenes/image_24.png" /><component _type="_compImage" id="image_26" x="595" y="325" width="107" height="137" alpha="1" visible="1" enabled="1" cssClass="" adjustMode="4" alignMode="0" image="data/imagenes/image_23.png" /><component _type="_compImage" id="image_27" x="240" y="443" width="470" height="95" alpha="1" visible="1" enabled="1" cssClass="" adjustMode="4" alignMode="0" image="data/imagenes/image_21.png" /><component _type="_compRichText" id="texto_31" x="382" y="215" width="185" height="63" alpha="1" visible="1" enabled="1" scrollable="1"><content><![CDATA[<p style="text-align: center;"><span style="font-family:verdana,geneva,sans-serif"><span style="font-size:20px">Rey</span></span></p>
]]></content></component><component _type="_compRichText" id="texto_32" x="278" y="310" width="394" height="63" alpha="1" visible="1" enabled="1" scrollable="1"><content><![CDATA[<p style="text-align:center"><span style="font-family:verdana,geneva,sans-serif"><span style="font-size:20px">Sacerdotes y jefes militares</span></span></p>
]]></content></component><component _type="_compRichText" id="texto_33" x="223" y="406" width="504" height="63" alpha="1" visible="1" enabled="1" scrollable="1"><content><![CDATA[<p style="text-align:center"><span style="font-family:verdana,geneva,sans-serif"><span style="font-size:20px">Campesinos, ganaderos y artesanos</span></span></p>
]]></content></component><component _type="_compRichText" id="texto_34" x="382" y="506" width="185" height="63" alpha="1" visible="1" enabled="1" scrollable="1"><content><![CDATA[<p style="text-align:center"><span style="font-family:verdana,geneva,sans-serif"><span style="font-size:20px">Esclavos</span></span></p>
]]></content></component></components><animaciones></animaciones></pantalla><pantalla id="pantalla_19"><event id="onPrepare" language="DO"><![CDATA[]]></event><event id="onShown" language="DO"><![CDATA[]]></event><components><component _type="_compCSSBox" id="fondo_19" x="427" y="160" width="95" height="75" alpha="1" visible="1" enabled="1" cssClass="color1b" /><component _type="_compCSSBox" id="fondo_28" x="352" y="256" width="246" height="75" alpha="1" visible="1" enabled="1" cssClass="color2a" /><component _type="_compCSSBox" id="fondo_30" x="229" y="448" width="491" height="75" alpha="1" visible="1" enabled="1" cssClass="color4a" /><component _type="_compCSSBox" id="fondo_29" x="291" y="352" width="368" height="75" alpha="1" visible="1" enabled="1" cssClass="color3a" /><component _type="_compRichText" id="texto_26" x="6" y="14" width="938" height="75" alpha="1" visible="1" enabled="1" scrollable="1"><content><![CDATA[<p style="text-align:center"><span style="font-size:31px"><span style="font-family:georgia,serif">La sociedad mesopot&aacute;mica</span></span></p>
]]></content></component><component _type="_compImage" id="image_20" x="422" y="83" width="105" height="161" alpha="1" visible="1" enabled="1" cssClass="" adjustMode="4" alignMode="0" image="data/imagenes/image_27.png" /><component _type="_compImage" id="image_21" x="342" y="204" width="101" height="149" alpha="1" visible="1" enabled="1" cssClass="" adjustMode="4" alignMode="0" image="data/imagenes/image_26_r.png" /><component _type="_compImage" id="image_23" x="510" y="183" width="110" height="190" alpha="1" visible="1" enabled="1" cssClass="" adjustMode="4" alignMode="0" image="data/imagenes/image_25.png" /><component _type="_compImage" id="image_24" x="254" y="323" width="138" height="133" alpha="1" visible="1" enabled="1" cssClass="" adjustMode="4" alignMode="0" image="data/imagenes/image_22.png" /><component _type="_compImage" id="image_25" x="406" y="340" width="137" height="104" alpha="1" visible="1" enabled="1" cssClass="" adjustMode="4" alignMode="0" image="data/imagenes/image_24.png" /><component _type="_compImage" id="image_26" x="595" y="325" width="107" height="137" alpha="1" visible="1" enabled="1" cssClass="" adjustMode="4" alignMode="0" image="data/imagenes/image_23.png" /><component _type="_compImage" id="image_27" x="240" y="443" width="470" height="95" alpha="1" visible="1" enabled="1" cssClass="" adjustMode="4" alignMode="0" image="data/imagenes/image_21.png" /><component _type="_compRichText" id="texto_31" x="382" y="215" width="185" height="63" alpha="1" visible="1" enabled="1" scrollable="1"><content><![CDATA[<p style="text-align: center;"><span style="font-family:verdana,geneva,sans-serif"><span style="font-size:20px">Rey</span></span></p>
]]></content></component><component _type="_compRichText" id="texto_32" x="278" y="310" width="394" height="63" alpha="1" visible="1" enabled="1" scrollable="1"><content><![CDATA[<p style="text-align:center"><span style="font-family:verdana,geneva,sans-serif"><span style="font-size:20px">Sacerdotes y jefes militares</span></span></p>
]]></content></component><component _type="_compRichText" id="texto_33" x="223" y="406" width="504" height="63" alpha="1" visible="1" enabled="1" scrollable="1"><content><![CDATA[<p style="text-align:center"><span style="font-family:verdana,geneva,sans-serif"><span style="font-size:20px">Campesinos, ganaderos y artesanos</span></span></p>
]]></content></component><component _type="_compRichText" id="texto_34" x="382" y="506" width="185" height="63" alpha="1" visible="1" enabled="1" scrollable="1"><content><![CDATA[<p style="text-align:center"><span style="font-family:verdana,geneva,sans-serif"><span style="font-size:20px">Esclavos</span></span></p>
]]></content></component><component _type="_compRichText" id="texto_25" x="92" y="117" width="344" height="196" alpha="1" visible="1" enabled="1" scrollable="1"><content><![CDATA[<p><span style="font-size:20px"><span style="font-family:verdana,geneva,sans-serif"><span style="color:#133EF7"><strong>Rey</strong></span><br />
&nbsp; - Gobierna como un dios<br />
&nbsp; - Dirige el ej&eacute;rcito<br />
&nbsp; - Dicta las leyes<br />
&nbsp; - Es juez supremo</span></span></p>
]]></content></component></components><animaciones></animaciones></pantalla><pantalla id="pantalla_16"><event id="onPrepare" language="DO"><![CDATA[]]></event><event id="onShown" language="DO"><![CDATA[]]></event><components><component _type="_compCSSBox" id="fondo_19" x="427" y="160" width="95" height="75" alpha="1" visible="1" enabled="1" cssClass="color1a" /><component _type="_compCSSBox" id="fondo_28" x="352" y="256" width="246" height="75" alpha="1" visible="1" enabled="1" cssClass="color2b" /><component _type="_compCSSBox" id="fondo_30" x="229" y="448" width="491" height="75" alpha="1" visible="1" enabled="1" cssClass="color4a" /><component _type="_compCSSBox" id="fondo_29" x="291" y="352" width="368" height="75" alpha="1" visible="1" enabled="1" cssClass="color3a" /><component _type="_compRichText" id="texto_26" x="6" y="14" width="938" height="75" alpha="1" visible="1" enabled="1" scrollable="1"><content><![CDATA[<p style="text-align:center"><span style="font-size:31px"><span style="font-family:georgia,serif">La sociedad mesopot&aacute;mica</span></span></p>
]]></content></component><component _type="_compImage" id="image_20" x="422" y="83" width="105" height="161" alpha="1" visible="1" enabled="1" cssClass="" adjustMode="4" alignMode="0" image="data/imagenes/image_27.png" /><component _type="_compImage" id="image_21" x="342" y="204" width="101" height="149" alpha="1" visible="1" enabled="1" cssClass="" adjustMode="4" alignMode="0" image="data/imagenes/image_26_r.png" /><component _type="_compImage" id="image_23" x="510" y="183" width="110" height="190" alpha="1" visible="1" enabled="1" cssClass="" adjustMode="4" alignMode="0" image="data/imagenes/image_25.png" /><component _type="_compImage" id="image_24" x="254" y="323" width="138" height="133" alpha="1" visible="1" enabled="1" cssClass="" adjustMode="4" alignMode="0" image="data/imagenes/image_22.png" /><component _type="_compImage" id="image_25" x="406" y="340" width="137" height="104" alpha="1" visible="1" enabled="1" cssClass="" adjustMode="4" alignMode="0" image="data/imagenes/image_24.png" /><component _type="_compImage" id="image_26" x="595" y="325" width="107" height="137" alpha="1" visible="1" enabled="1" cssClass="" adjustMode="4" alignMode="0" image="data/imagenes/image_23.png" /><component _type="_compImage" id="image_27" x="240" y="443" width="470" height="95" alpha="1" visible="1" enabled="1" cssClass="" adjustMode="4" alignMode="0" image="data/imagenes/image_21.png" /><component _type="_compRichText" id="texto_31" x="382" y="215" width="185" height="63" alpha="1" visible="1" enabled="1" scrollable="1"><content><![CDATA[<p style="text-align: center;"><span style="font-family:verdana,geneva,sans-serif"><span style="font-size:20px">Rey</span></span></p>
]]></content></component><component _type="_compRichText" id="texto_32" x="278" y="310" width="394" height="63" alpha="1" visible="1" enabled="1" scrollable="1"><content><![CDATA[<p style="text-align:center"><span style="font-family:verdana,geneva,sans-serif"><span style="font-size:20px">Sacerdotes y jefes militares</span></span></p>
]]></content></component><component _type="_compRichText" id="texto_33" x="223" y="406" width="504" height="63" alpha="1" visible="1" enabled="1" scrollable="1"><content><![CDATA[<p style="text-align:center"><span style="font-family:verdana,geneva,sans-serif"><span style="font-size:20px">Campesinos, ganaderos y artesanos</span></span></p>
]]></content></component><component _type="_compRichText" id="texto_34" x="382" y="506" width="185" height="63" alpha="1" visible="1" enabled="1" scrollable="1"><content><![CDATA[<p style="text-align:center"><span style="font-family:verdana,geneva,sans-serif"><span style="font-size:20px">Esclavos</span></span></p>
]]></content></component><component _type="_compRichText" id="texto_25" x="92" y="117" width="344" height="196" alpha="1" visible="1" enabled="1" scrollable="1"><content><![CDATA[<p><span style="font-size:20px"><span style="font-family:verdana,geneva,sans-serif"><span style="color:#00905C"><strong>Sacerdotes</strong></span><br />
&nbsp; - Due&ntilde;os de tierras<br />
&nbsp; - Divinizan el poder real<br />
&nbsp; - Consejo al rey</span></span></p>
]]></content></component><component _type="_compRichText" id="texto_36" x="642" y="117" width="287" height="196" alpha="1" visible="1" enabled="1" scrollable="1"><content><![CDATA[<p><span style="font-family:verdana,geneva,sans-serif"><span style="font-size:20px"><span style="color:#00905C"><strong>Jefes militares</strong></span><br />
&nbsp; - Familiares del rey<br />
&nbsp; - Due&ntilde;os de tierras<br />
&nbsp; - Apoyo militar al rey<br />
&nbsp; - Consejo al rey</span></span></p>
]]></content></component></components><animaciones></animaciones></pantalla><pantalla id="pantalla_37"><event id="onPrepare" language="DO"><![CDATA[]]></event><event id="onShown" language="DO"><![CDATA[]]></event><components><component _type="_compCSSBox" id="fondo_19" x="427" y="160" width="95" height="75" alpha="1" visible="1" enabled="1" cssClass="color1a" /><component _type="_compCSSBox" id="fondo_28" x="352" y="256" width="246" height="75" alpha="1" visible="1" enabled="1" cssClass="color2a" /><component _type="_compCSSBox" id="fondo_30" x="229" y="448" width="491" height="75" alpha="1" visible="1" enabled="1" cssClass="color4a" /><component _type="_compCSSBox" id="fondo_29" x="291" y="352" width="368" height="75" alpha="1" visible="1" enabled="1" cssClass="color3b" /><component _type="_compRichText" id="texto_26" x="6" y="14" width="938" height="75" alpha="1" visible="1" enabled="1" scrollable="1"><content><![CDATA[<p style="text-align:center"><span style="font-size:31px"><span style="font-family:georgia,serif">La sociedad mesopot&aacute;mica</span></span></p>
]]></content></component><component _type="_compImage" id="image_20" x="422" y="83" width="105" height="161" alpha="1" visible="1" enabled="1" cssClass="" adjustMode="4" alignMode="0" image="data/imagenes/image_27.png" /><component _type="_compImage" id="image_21" x="342" y="204" width="101" height="149" alpha="1" visible="1" enabled="1" cssClass="" adjustMode="4" alignMode="0" image="data/imagenes/image_26_r.png" /><component _type="_compImage" id="image_23" x="510" y="183" width="110" height="190" alpha="1" visible="1" enabled="1" cssClass="" adjustMode="4" alignMode="0" image="data/imagenes/image_25.png" /><component _type="_compImage" id="image_24" x="254" y="323" width="138" height="133" alpha="1" visible="1" enabled="1" cssClass="" adjustMode="4" alignMode="0" image="data/imagenes/image_22.png" /><component _type="_compImage" id="image_25" x="406" y="340" width="137" height="104" alpha="1" visible="1" enabled="1" cssClass="" adjustMode="4" alignMode="0" image="data/imagenes/image_24.png" /><component _type="_compImage" id="image_26" x="595" y="325" width="107" height="137" alpha="1" visible="1" enabled="1" cssClass="" adjustMode="4" alignMode="0" image="data/imagenes/image_23.png" /><component _type="_compImage" id="image_27" x="240" y="443" width="470" height="95" alpha="1" visible="1" enabled="1" cssClass="" adjustMode="4" alignMode="0" image="data/imagenes/image_21.png" /><component _type="_compRichText" id="texto_31" x="382" y="215" width="185" height="63" alpha="1" visible="1" enabled="1" scrollable="1"><content><![CDATA[<p style="text-align: center;"><span style="font-family:verdana,geneva,sans-serif"><span style="font-size:20px">Rey</span></span></p>
]]></content></component><component _type="_compRichText" id="texto_32" x="278" y="310" width="394" height="63" alpha="1" visible="1" enabled="1" scrollable="1"><content><![CDATA[<p style="text-align:center"><span style="font-family:verdana,geneva,sans-serif"><span style="font-size:20px">Sacerdotes y jefes militares</span></span></p>
]]></content></component><component _type="_compRichText" id="texto_33" x="223" y="406" width="504" height="63" alpha="1" visible="1" enabled="1" scrollable="1"><content><![CDATA[<p style="text-align:center"><span style="font-family:verdana,geneva,sans-serif"><span style="font-size:20px">Campesinos, ganaderos y artesanos</span></span></p>
]]></content></component><component _type="_compRichText" id="texto_34" x="382" y="506" width="185" height="63" alpha="1" visible="1" enabled="1" scrollable="1"><content><![CDATA[<p style="text-align:center"><span style="font-family:verdana,geneva,sans-serif"><span style="font-size:20px">Esclavos</span></span></p>
]]></content></component><component _type="_compRichText" id="texto_25" x="91" y="117" width="344" height="196" alpha="1" visible="1" enabled="1" scrollable="1"><content><![CDATA[<p><span style="font-family:verdana,geneva,sans-serif"><span style="font-size:20px"><span style="color:#8B6238"><strong>Campesinos, ganaderos<br />
y artesanos</strong></span><br />
&nbsp; - Entregan parte de lo<br />
&nbsp;&nbsp;&nbsp; producido a las clases<br />
&nbsp;&nbsp;&nbsp; privilegiadas.</span></span></p>
]]></content></component></components><animaciones></animaciones></pantalla><pantalla id="pantalla_41"><event id="onPrepare" language="DO"><![CDATA[]]></event><event id="onShown" language="DO"><![CDATA[]]></event><components><component _type="_compCSSBox" id="fondo_19" x="427" y="160" width="95" height="75" alpha="1" visible="1" enabled="1" cssClass="color1a" /><component _type="_compCSSBox" id="fondo_28" x="352" y="256" width="246" height="75" alpha="1" visible="1" enabled="1" cssClass="color2a" /><component _type="_compCSSBox" id="fondo_30" x="229" y="448" width="491" height="75" alpha="1" visible="1" enabled="1" cssClass="color4b" /><component _type="_compCSSBox" id="fondo_29" x="291" y="352" width="368" height="75" alpha="1" visible="1" enabled="1" cssClass="color3a" /><component _type="_compRichText" id="texto_26" x="6" y="14" width="938" height="75" alpha="1" visible="1" enabled="1" scrollable="1"><content><![CDATA[<p style="text-align:center"><span style="font-size:31px"><span style="font-family:georgia,serif">La sociedad mesopot&aacute;mica</span></span></p>
]]></content></component><component _type="_compImage" id="image_20" x="422" y="83" width="105" height="161" alpha="1" visible="1" enabled="1" cssClass="" adjustMode="4" alignMode="0" image="data/imagenes/image_27.png" /><component _type="_compImage" id="image_21" x="342" y="204" width="101" height="149" alpha="1" visible="1" enabled="1" cssClass="" adjustMode="4" alignMode="0" image="data/imagenes/image_26_r.png" /><component _type="_compImage" id="image_23" x="510" y="183" width="110" height="190" alpha="1" visible="1" enabled="1" cssClass="" adjustMode="4" alignMode="0" image="data/imagenes/image_25.png" /><component _type="_compImage" id="image_24" x="254" y="323" width="138" height="133" alpha="1" visible="1" enabled="1" cssClass="" adjustMode="4" alignMode="0" image="data/imagenes/image_22.png" /><component _type="_compImage" id="image_25" x="406" y="340" width="137" height="104" alpha="1" visible="1" enabled="1" cssClass="" adjustMode="4" alignMode="0" image="data/imagenes/image_24.png" /><component _type="_compImage" id="image_26" x="595" y="325" width="107" height="137" alpha="1" visible="1" enabled="1" cssClass="" adjustMode="4" alignMode="0" image="data/imagenes/image_23.png" /><component _type="_compImage" id="image_27" x="240" y="443" width="470" height="95" alpha="1" visible="1" enabled="1" cssClass="" adjustMode="4" alignMode="0" image="data/imagenes/image_21.png" /><component _type="_compRichText" id="texto_31" x="382" y="215" width="185" height="63" alpha="1" visible="1" enabled="1" scrollable="1"><content><![CDATA[<p style="text-align: center;"><span style="font-family:verdana,geneva,sans-serif"><span style="font-size:20px">Rey</span></span></p>
]]></content></component><component _type="_compRichText" id="texto_32" x="278" y="310" width="394" height="63" alpha="1" visible="1" enabled="1" scrollable="1"><content><![CDATA[<p style="text-align:center"><span style="font-family:verdana,geneva,sans-serif"><span style="font-size:20px">Sacerdotes y jefes militares</span></span></p>
]]></content></component><component _type="_compRichText" id="texto_33" x="223" y="406" width="504" height="63" alpha="1" visible="1" enabled="1" scrollable="1"><content><![CDATA[<p style="text-align:center"><span style="font-family:verdana,geneva,sans-serif"><span style="font-size:20px">Campesinos, ganaderos y artesanos</span></span></p>
]]></content></component><component _type="_compRichText" id="texto_34" x="382" y="506" width="185" height="63" alpha="1" visible="1" enabled="1" scrollable="1"><content><![CDATA[<p style="text-align:center"><span style="font-family:verdana,geneva,sans-serif"><span style="font-size:20px">Esclavos</span></span></p>
]]></content></component><component _type="_compRichText" id="texto_25" x="92" y="117" width="344" height="196" alpha="1" visible="1" enabled="1" scrollable="1"><content><![CDATA[<p><span style="font-family:verdana,geneva,sans-serif"><span style="font-size:20px"><span style="color:#B90000"><strong>Esclavos</strong></span><br />
&nbsp; - Prisioneros de guerra<br />
&nbsp; - Trabajos forzosos<br />
&nbsp; - Maltratos</span></span></p>
]]></content></component></components><animaciones></animaciones></pantalla><pantalla id="pantalla_45"><event id="onPrepare" language="DO"><![CDATA[]]></event><event id="onShown" language="DO"><![CDATA[]]></event><components><component _type="_compImage" id="image_49" x="102" y="157" width="316" height="373" alpha="1" visible="1" enabled="1" cssClass="" adjustMode="4" alignMode="0" image="data/imagenes/1.jpg" /><component _type="_compCSSBox" id="fondo_19" x="427" y="160" width="95" height="75" alpha="1" visible="1" enabled="1" cssClass="color1a" /><component _type="_compCSSBox" id="fondo_28" x="352" y="256" width="246" height="75" alpha="1" visible="1" enabled="1" cssClass="color2a" /><component _type="_compCSSBox" id="fondo_30" x="229" y="448" width="491" height="75" alpha="1" visible="1" enabled="1" cssClass="color4a" /><component _type="_compCSSBox" id="fondo_29" x="291" y="352" width="368" height="75" alpha="1" visible="1" enabled="1" cssClass="color3a" /><component _type="_compRichText" id="texto_26" x="6" y="14" width="938" height="75" alpha="1" visible="1" enabled="1" scrollable="1"><content><![CDATA[<p style="text-align:center"><span style="font-size:31px"><span style="font-family:georgia,serif">La sociedad mesopot&aacute;mica</span></span></p>
]]></content></component><component _type="_compImage" id="image_20" x="422" y="83" width="105" height="161" alpha="1" visible="1" enabled="1" cssClass="" adjustMode="4" alignMode="0" image="data/imagenes/image_27.png" /><component _type="_compImage" id="image_21" x="342" y="204" width="101" height="149" alpha="1" visible="1" enabled="1" cssClass="" adjustMode="4" alignMode="0" image="data/imagenes/image_26_r.png" /><component _type="_compImage" id="image_23" x="510" y="183" width="110" height="190" alpha="1" visible="1" enabled="1" cssClass="" adjustMode="4" alignMode="0" image="data/imagenes/image_25.png" /><component _type="_compImage" id="image_24" x="254" y="323" width="138" height="133" alpha="1" visible="1" enabled="1" cssClass="" adjustMode="4" alignMode="0" image="data/imagenes/image_22.png" /><component _type="_compImage" id="image_25" x="406" y="340" width="137" height="104" alpha="1" visible="1" enabled="1" cssClass="" adjustMode="4" alignMode="0" image="data/imagenes/image_24.png" /><component _type="_compImage" id="image_26" x="595" y="325" width="107" height="137" alpha="1" visible="1" enabled="1" cssClass="" adjustMode="4" alignMode="0" image="data/imagenes/image_23.png" /><component _type="_compImage" id="image_27" x="240" y="443" width="470" height="95" alpha="1" visible="1" enabled="1" cssClass="" adjustMode="4" alignMode="0" image="data/imagenes/image_21.png" /><component _type="_compRichText" id="texto_31" x="382" y="215" width="185" height="63" alpha="1" visible="1" enabled="1" scrollable="1"><content><![CDATA[<p style="text-align: center;"><span style="font-family:verdana,geneva,sans-serif"><span style="font-size:20px">Rey</span></span></p>
]]></content></component><component _type="_compRichText" id="texto_32" x="278" y="310" width="394" height="63" alpha="1" visible="1" enabled="1" scrollable="1"><content><![CDATA[<p style="text-align:center"><span style="font-family:verdana,geneva,sans-serif"><span style="font-size:20px">Sacerdotes y jefes militares</span></span></p>
]]></content></component><component _type="_compRichText" id="texto_33" x="223" y="406" width="504" height="63" alpha="1" visible="1" enabled="1" scrollable="1"><content><![CDATA[<p style="text-align:center"><span style="font-family:verdana,geneva,sans-serif"><span style="font-size:20px">Campesinos, ganaderos y artesanos</span></span></p>
]]></content></component><component _type="_compRichText" id="texto_34" x="382" y="506" width="185" height="63" alpha="1" visible="1" enabled="1" scrollable="1"><content><![CDATA[<p style="text-align:center"><span style="font-family:verdana,geneva,sans-serif"><span style="font-size:20px">Esclavos</span></span></p>
]]></content></component></components><animaciones></animaciones></pantalla></slider></pantalla></pantallas><popups></popups></engine>