﻿<?xml version="1.0" encoding="utf-8"?><engine copy="Editorial Planeta" version="1" aprid="f4">
<main title="El poblamiento de América" path="CS_06_05_REC10_IMG01.jpg" buttonsHeight="86">
</main>
<questions respCorrecta="Respuesta correcta." respIncorrecta="Respuesta incorrecta.">
<question title="¿Cuáles argumentos justifican la teoría del origen asiático propuesta por Hrdlicka?" path="CS_06_05_REC10_IMG02.jpg">
<answers>
<answer correct="1">
<text><![CDATA[Similitudes entre mongoles y nativos americanos]]></text>
<explanation width="394"><![CDATA[<p><span style="font-size:18px"><span style="font-family:verdana,geneva,sans-serif">Seg&uacute;n la teor&iacute;a expuesta por&nbsp;Alex Hrdlicka, la <strong>similitud morfol&oacute;gica</strong> entre los pobladores de Asia y de Am&eacute;rica, en t&eacute;rminos del tipo y color de cabello, la forma de los dientes y de los p&oacute;mulos y el color de la piel, justifica pensar que los pueblos&nbsp;americanos provienen de los pueblos asi&aacute;ticos.</span></span></p>

<p><span style="font-size:18px"><span style="font-family:verdana,geneva,sans-serif">Seg&uacute;n el antrop&oacute;logo,&nbsp;dichas poblaciones tambi&eacute;n comparten una&nbsp;pigmentaci&oacute;n de tonalidad verde que presentan al nacer, y que desaparece progresivamente.</span></span></p>
]]></explanation>
</answer>
<answer correct="1">
<text><![CDATA[Cercanía entre Asia y América]]></text>
<explanation width="394"><![CDATA[<p><span style="font-size:18px"><span style="font-family:verdana,geneva,sans-serif">La distancia entre Asia y Am&eacute;rica es de apenas&nbsp;<strong>90 kil&oacute;metros. </strong>Para&nbsp;Hrdlicka durante la &uacute;ltima glaciaci&oacute;n (W&uuml;rm) y debido al descenso del nivel de los oc&eacute;anos por el congelamiento de las aguas, se form&oacute; el <strong>puente de Beringia</strong>, que uni&oacute; en un solo territorio lo que hoy se conoce como Siberia, Alaska y el mar de Bering, por donde habr&iacute;an atravesado&nbsp;los primeros pobladores en varias oleadas, para despu&eacute;s dispersarse por toda Am&eacute;rica.</span></span></p>
]]></explanation>
</answer>
<answer correct="1">
<text><![CDATA[Similitudes entre los mayas, incas y patagónicos]]></text>
<explanation width="394"><![CDATA[<p><span style="font-size:18px"><span style="font-family:verdana,geneva,sans-serif">Durante sus expediciones en busca de restos f&oacute;siles, Hrdlicka apreci&oacute; similitudes entre los antepasados de los pueblos <strong>lakota</strong>, <strong>maya</strong>, <strong>inca</strong> y <strong>patag&oacute;nico</strong>,&nbsp;lo que le llev&oacute; a pensar que&nbsp;todos&nbsp;deb&iacute;an compartir un origen com&uacute;n.&nbsp;</span></span></p>
]]></explanation>
</answer>
<answer correct="0">
<text><![CDATA[Diversidad de pueblos asiáticos]]></text>
<explanation width="394"><![CDATA[<p><span style="font-size:18px"><span style="font-family:verdana,geneva,sans-serif">Para&nbsp;Hrdlicka, solo habr&iacute;a una raza original, de la cual descender&iacute;an todos los dem&aacute;s pueblos de la tierra.</span></span></p>

<p><span style="font-size:18px"><span style="font-family:verdana,geneva,sans-serif">A lo largo de su vida, Hrdlicka estudi&oacute; al&nbsp;Homo <strong>Neanderthalis</strong> para concluir&nbsp;que el Homo Sapiens desciende del Neanderthal; ello le llev&oacute; a pensar que&nbsp;todas las expresiones &eacute;tnicas&nbsp;provienen del <strong>viejo mundo, </strong>desde donde migraron hacia los dem&aacute;s continentes.&nbsp;</span></span></p>
]]></explanation>
</answer>
<answer correct="0">
<text><![CDATA[]]></text>
<explanation width="394"><![CDATA[]]></explanation>
</answer>
<answer correct="0">
<text><![CDATA[]]></text>
<explanation width="394"><![CDATA[]]></explanation>
</answer>
<answer correct="0">
<text><![CDATA[]]></text>
<explanation width="394"><![CDATA[]]></explanation>
</answer>
<answer correct="0">
<text><![CDATA[]]></text>
<explanation width="394"><![CDATA[]]></explanation>
</answer>
</answers>
<info path="">
<text><![CDATA[<p><span style="font-size:20px"><span style="font-family:verdana,geneva,sans-serif">Alex Hrdlicka fue m&eacute;dico y&nbsp;antrop&oacute;logo; naci&oacute; en Bohemia (Rep&uacute;blica Checa). Hijo de un ebanista, todav&iacute;a&nbsp;ni&ntilde;o, emigr&oacute; con toda su&nbsp;familia a Estados Unidos en donde trabaj&oacute; en una empresa tabacalera.&nbsp;&nbsp;</span></span></p>

<p><span style="font-size:20px"><span style="font-family:verdana,geneva,sans-serif">Como antrop&oacute;logo viaj&oacute; por el mundo recopilando&nbsp;restos f&oacute;siles en Alaska, Siberia, Tibet, Mongolia,&nbsp;India, Ceil&aacute;n, Java, Australia, Sur&aacute;frica, China, Per&uacute;, M&eacute;xico y Centroam&eacute;rica.&nbsp;</span></span></p>

<p><span style="font-size:20px"><span style="font-family:verdana,geneva,sans-serif">En su&nbsp;obra titulada <em>La fase Neanderthal del hombre</em> publicada&nbsp;en&nbsp;1927, plante&oacute; que todas las razas humanas tienen un&nbsp;<strong>origen &uacute;nico </strong>en el viejo mundo: Europa y &Aacute;frica.</span></span></p>

<p><span style="font-size:20px"><span style="font-family:verdana,geneva,sans-serif">Otra de sus obras, <em>La cuesti&oacute;n del hombre antiguo en Am&eacute;rica</em>, defendi&oacute; la teor&iacute;a del origen asi&aacute;tico.</span></span></p>
]]></text>
</info>
</question>
<question title=" ¿Por qué la teoría de Paul Rivet sobre el hombre americano se puede calificar como &quot;multiracial&quot;? " path="CS_06_05_REC10_IMG03.jpg">
<answers>
<answer correct="1">
<text><![CDATA[Porque migró desde Asia]]></text>
<explanation width="394"><![CDATA[<p><span style="font-family:verdana,geneva,sans-serif"><span style="font-size:18px">Rivet estuvo de acuerdo con la idea de que&nbsp;el poblamiento de Am&eacute;rica ocurri&oacute; mediante oleadas migratorias provenientes de Asia, las cuales habr&iacute;an llegado al continente desde&nbsp;Siberia pasando por el puente de Beringia. &nbsp;</span></span></p>

<p><span style="font-family:verdana,geneva,sans-serif"><span style="font-size:18px">Seg&uacute;n Rivet, la corriente asi&aacute;tica fue la primera&nbsp;en ingresar a Am&eacute;rica.</span></span></p>
]]></explanation>
</answer>
<answer correct="1">
<text><![CDATA[Porque navegó desde Australia]]></text>
<explanation width="394"><![CDATA[<p><span style="font-size:18px"><span style="font-family:verdana,geneva,sans-serif">En segundo lugar habr&iacute;an llegado las&nbsp;corrientes migratorias provenientes de&nbsp;Australia. Seg&uacute;n Rivet, existen similitudes f&iacute;sicas; por ejemplo, entre&nbsp;los patagones y los australianos encontr&oacute;&nbsp;cr&aacute;neos similares, el mismo&nbsp;grupo sangu&iacute;neo, y el uso com&uacute;n de objetos, de viviendas y de&nbsp;herramientas.</span></span></p>

<p><span style="font-size:18px"><span style="font-family:verdana,geneva,sans-serif">Tambi&eacute;n encontr&oacute; que hab&iacute;a palabras comunes para referirse a los mismos objetos.&nbsp;</span></span></p>
]]></explanation>
</answer>
<answer correct="1">
<text><![CDATA[Porque procede de Melanesia ]]></text>
<explanation width="394"><![CDATA[<p><span style="font-size:18px"><span style="font-family:verdana,geneva,sans-serif">Seg&uacute;n Rivet, los pueblos melan&eacute;sicos navegaron a trav&eacute;s del oc&eacute;ano Pac&iacute;fico en canoas que fueron empujadas por corrientes marinas, que conectan Melanesia con las costas de Centroam&eacute;rica.</span></span></p>

<p><span style="font-size:18px"><span style="font-family:verdana,geneva,sans-serif">Para probarlo, mostr&oacute; afinidades entre el grupo&nbsp;sangu&iacute;neo, la estatura y el color de la piel entre algunos habitantes de&nbsp;Brasil y los pueblos melanesios.</span></span></p>
]]></explanation>
</answer>
<answer correct="1">
<text><![CDATA[Porque provendría de Polinesia]]></text>
<explanation width="394"><![CDATA[<p><span style="font-size:18px"><span style="font-family:verdana,geneva,sans-serif">Seg&uacute;n Rivet, los pueblos maor&iacute;es, con base en su experiencia como navegantes, habr&iacute;an atravesado el oc&eacute;ano hasta llegar a las costas sudamericanas.</span></span></p>

<p><span style="font-size:18px"><span style="font-family:verdana,geneva,sans-serif">Habr&iacute;an sido la &uacute;ltima corriente migratoria en llegar al continente. Como prueba, esgrimi&oacute; las similitudes entre las&nbsp;culturas maor&iacute; y quechua, el uso de utensilios, armas, instrumentos musicales y t&eacute;cnicas de navegaci&oacute;n en com&uacute;n.</span></span></p>
]]></explanation>
</answer>
<answer correct="0">
<text><![CDATA[]]></text>
<explanation width="394"><![CDATA[]]></explanation>
</answer>
<answer correct="0">
<text><![CDATA[]]></text>
<explanation width="394"><![CDATA[]]></explanation>
</answer>
<answer correct="0">
<text><![CDATA[]]></text>
<explanation width="394"><![CDATA[]]></explanation>
</answer>
<answer correct="0">
<text><![CDATA[]]></text>
<explanation width="394"><![CDATA[]]></explanation>
</answer>
</answers>
<info path="">
<text><![CDATA[<p><span style="font-size:20px"><span style="font-family:verdana,geneva,sans-serif">Paul Rivet fue un m&eacute;dico y etn&oacute;logo franc&eacute;s; viaj&oacute; en una expedici&oacute;n cient&iacute;fica a Am&eacute;rica del Sur. Luego lleg&oacute; a convertirse en el director del Museo Nacional de Historia Natural de Francia.</span></span></p>

<p><span style="font-size:20px"><span style="font-family:verdana,geneva,sans-serif">Public&oacute; mas de 400 art&iacute;culos que en conjunto sustentan la tesis&nbsp;del&nbsp;origen m&uacute;ltiple del hombre americano.</span></span></p>

<p><span style="font-size:20px"><span style="font-family:verdana,geneva,sans-serif">En la <em>Etnograf&iacute;a antigua del Ecuador</em> y en <em>Los or&iacute;genes del hombre americano</em> expuso argumentos ling&uuml;&iacute;sticos y antropol&oacute;gicos para sustentar sus ideas.&nbsp;</span></span></p>
]]></text>
</info>
</question>
<question title="¿Cuáles de las siguientes tesis formuladas por la teoría de Ameghino han sido refutadas?" path="CS_06_05_REC10_IMG04.jpg">
<answers>
<answer correct="0">
<text><![CDATA[El hombre apareció en la Era Terciaria en las Pampas]]></text>
<explanation width="394"><![CDATA[<p><span style="font-size:18px"><span style="font-family:verdana,geneva,sans-serif">Los estratos geol&oacute;gicos donde Ameghino&nbsp;encontr&oacute; los restos &oacute;seos en los que bas&oacute; su teor&iacute;a, resultaron pertenecer a la Era Cuaternaria y no a la Terciaria como &eacute;l postul&oacute;. Aquellos restos f&oacute;siles eran de monos americanos y felinos mezclados con huesos de humanos recientes.</span></span></p>

<p><span style="font-size:18px"><span style="font-family:verdana,geneva,sans-serif">Para Ameghino&nbsp;los pueblos americanos evolucionaron desde mam&iacute;feros que <strong>migraron</strong> al continente americano en la Era Terciaria y <strong>evolucionaron</strong> hasta llegar a convertirse en seres humanos primitivos.</span></span></p>
]]></explanation>
</answer>
<answer correct="1">
<text><![CDATA[América es la cuna de la humanidad]]></text>
<explanation width="394"><![CDATA[<p><span style="font-size:18px"><span style="font-family:verdana,geneva,sans-serif">En el momento en que&nbsp;Ameghino difundi&oacute; su teor&iacute;a, en el medio antropol&oacute;gico se sosten&iacute;a que&nbsp;la humanidad apareci&oacute; en <strong>ocho cunas</strong> alrededor del planeta.</span></span></p>

<p><span style="font-size:18px"><span style="font-family:verdana,geneva,sans-serif">Ameghino intent&oacute; encontrar pruebas para demostrar que una de las cunas se encontraba en Am&eacute;rica e incluso, en alg&uacute;n momento lleg&oacute; a plantear que La Pampa argentina hab&iacute;a sido el escenario en el cual emergi&oacute; la <strong>especie humana</strong>.</span></span></p>
]]></explanation>
</answer>
<answer correct="1">
<text><![CDATA[La humanidad inició con la especie homo pampeanus ]]></text>
<explanation width="394"><![CDATA[<p><span style="font-family:verdana,geneva,sans-serif"><span style="font-size:18px">Seg&uacute;n Ameghino, los or&iacute;genes humanos estaban en simios <strong>planoangulados</strong>, que, al poblar las Pampas argentinas desprovistas de &aacute;rboles, se vieron forzados a levantarse sobre sus miembros posteriores y habr&iacute;an dado comienzo al antecesor de los humanos (tetraprothomo), el cual evolucionar&iacute;a hasta el <strong>homo pampeanus</strong>.&nbsp;&nbsp;</span></span></p>
]]></explanation>
</answer>
<answer correct="0">
<text><![CDATA[Los mamíferos florecieron en Argentina durante el Cretácico]]></text>
<explanation width="394"><![CDATA[<p><span style="font-family:verdana,geneva,sans-serif"><span style="font-size:18px">Durante el Cret&aacute;cico, <strong>Argentina</strong> s&iacute; estuvo poblada de una variad&iacute;sima fauna de <strong>mam&iacute;feros</strong>. Dinosaurios, mam&iacute;feros insect&iacute;voros que hoy ya desaparecieron, mam&iacute;feros carn&iacute;voros y&nbsp;herb&iacute;voros, roedores, ungulados como el elefante, rumiantes y caballos.</span></span></p>
]]></explanation>
</answer>
<answer correct="0">
<text><![CDATA[]]></text>
<explanation width="394"><![CDATA[]]></explanation>
</answer>
<answer correct="0">
<text><![CDATA[]]></text>
<explanation width="394"><![CDATA[]]></explanation>
</answer>
<answer correct="0">
<text><![CDATA[]]></text>
<explanation width="394"><![CDATA[]]></explanation>
</answer>
<answer correct="0">
<text><![CDATA[]]></text>
<explanation width="394"><![CDATA[]]></explanation>
</answer>
</answers>
<info path="">
<text><![CDATA[<p><span style="font-family:verdana,geneva,sans-serif; font-size:20px">Florentino Ameghino fue un <strong>naturalista</strong>,&nbsp;<strong>paleont&oacute;logo</strong> y <strong>antrop&oacute;logo </strong>argentino que naci&oacute; en 1854 y muri&oacute; en 1911. </span></p>

<p><span style="font-family:verdana,geneva,sans-serif; font-size:20px">Es importante tener en cuenta que, aunque&nbsp;su teor&iacute;a del <em>homo pampeanus</em> es err&oacute;nea, fue <strong>el primero </strong>en aventurarse a elaborar&nbsp;una explicaci&oacute;n sobre el origen del hombre desde un punto de vista cient&iacute;fico, y <strong>se bas&oacute; en las pruebas disponibles en su &eacute;poca</strong>, cuando apenas se iniciaban a excavar&nbsp;los primeros f&oacute;siles humanos.</span></p>

<p><span style="font-family:verdana,geneva,sans-serif; font-size:20px">Entre su abundante obra se destacan obras como <em>Filogenia</em> y <em>La antig&uuml;edad del hombre en el Plata</em>. Su explicaci&oacute;n se puede considerar como un ejemplo de <strong>monogenismo</strong>, es decir un solo origen para toda la especie humana.&nbsp;</span></p>

<p><span style="font-family:verdana,geneva,sans-serif; font-size:20px">Sus investigaciones las financi&oacute; con recursos provenientes de una librer&iacute;a de su propiedad, situada en La Plata. Tambi&eacute;n fue director del <strong>Museo Nacional de Buenos Aires</strong>. &nbsp;</span></p>
]]></text>
</info>
</question>
<question title="¿Cuál argumento no fue presentado por Antonio Méndez Correa como prueba de la tesis australiana?" path="CS_06_05_REC10_IMG05.jpg">
<answers>
<answer correct="1">
<text><![CDATA[Restos arqueológicos]]></text>
<explanation width="394"><![CDATA[<p><span style="font-size:18px"><span style="font-family:verdana,geneva,sans-serif">M&eacute;ndez Correa&nbsp;no present&oacute; argumentos basados en restos&nbsp;arqueol&oacute;gicos; sus fuentes&nbsp;solamente fueron estudios comparativos entre los ind&iacute;genas del sur de Suram&eacute;rica y los de Australia.</span></span></p>

<p><span style="font-size:18px"><span style="font-family:verdana,geneva,sans-serif">En particular compar&oacute; a los pueblos patag&oacute;nicos de los onas, kon, tehuelches, alakalufes y yag&aacute;n&nbsp;con&nbsp;abor&iacute;genes australianos y neozelandeses, como los maor&iacute;es.</span></span></p>
]]></explanation>
</answer>
<answer correct="0">
<text><![CDATA[Semejanzas físicas]]></text>
<explanation width="394"><![CDATA[<p><span style="font-size:18px"><span style="font-family:verdana,geneva,sans-serif">M&eacute;ndez fundament&oacute; su tesis&nbsp;bas&aacute;ndose en las&nbsp;semejanzas f&iacute;sicas entre los&nbsp;cr&aacute;neos (forma&nbsp;dolicoc&eacute;fala), los grupos sangu&iacute;neos, la pilosidad corporal y la resistencia al fr&iacute;o de los pueblos suramericanos y australianos de la d&eacute;cada de 1920, cuando public&oacute; sus investigaciones.</span></span></p>
]]></explanation>
</answer>
<answer correct="0">
<text><![CDATA[Semejanzas culturales]]></text>
<explanation width="394"><![CDATA[<p><span style="font-size:18px"><span style="font-family:verdana,geneva,sans-serif">M&eacute;ndez esgrimi&oacute; como argumento cultural las correspondencias ling&uuml;&iacute;sticas entre 93 palabras que comparten los pueblos ancestrales australianos y suramericanos, as&iacute; como tambi&eacute;n la semejanza entre las armas (boomerang), los objetos ceremoniales (zumbador),&nbsp;viviendas (colmena), mantas (piel), herramientas (hachas de piedra)&nbsp;y embarcaciones (fabricadas con&nbsp;fibras vegetales trenzadas).</span></span></p>
]]></explanation>
</answer>
<answer correct="1">
<text><![CDATA[Desarrollo de la navegación de los pueblos australianos]]></text>
<explanation width="394"><![CDATA[<p><span style="font-size:18px"><span style="font-family:verdana,geneva,sans-serif">M&eacute;ndez plante&oacute; que las traves&iacute;as oce&aacute;nicas que durante siglos habr&iacute;an realizado&nbsp;los pueblos antiguos de Australia, habr&iacute;an sido posibles&nbsp;en&nbsp;balsas sencillas de madera.</span></span></p>

<p><span style="font-size:18px"><span style="font-family:verdana,geneva,sans-serif">Afirm&oacute; que mediante esta t&eacute;cnica pudieron ir a trav&eacute;s de una serie de islas, desde Australia hasta&nbsp;Tasmania, luego saltar a las islas Auckland &nbsp;para llegar al continente ant&aacute;rtico. Finalmente, desde la Ant&aacute;rtida habr&iacute;an navegado hasta&nbsp;Cabo de Hornos, atravesando la Tierra del Fuego, y colonizar as&iacute; la Patagonia.</span></span></p>
]]></explanation>
</answer>
<answer correct="0">
<text><![CDATA[]]></text>
<explanation width="394"><![CDATA[]]></explanation>
</answer>
<answer correct="0">
<text><![CDATA[]]></text>
<explanation width="394"><![CDATA[]]></explanation>
</answer>
<answer correct="0">
<text><![CDATA[]]></text>
<explanation width="394"><![CDATA[]]></explanation>
</answer>
<answer correct="0">
<text><![CDATA[]]></text>
<explanation width="394"><![CDATA[]]></explanation>
</answer>
</answers>
<info path="">
<text><![CDATA[<p><span style="font-size:20px"><span style="font-family:verdana,geneva,sans-serif">Antonio M&eacute;ndez Correa fue un <strong>m&eacute;dico</strong> y <strong>antrop&oacute;logo</strong> portugu&eacute;s (1888-1960). Investig&oacute; en diversas disciplinas como la arqueolog&iacute;a, la etnolog&iacute;a y la paleograf&iacute;a.&nbsp;</span></span></p>

<p><span style="font-size:20px"><span style="font-family:verdana,geneva,sans-serif">Fue director de la facultad de <strong>geograf&iacute;a</strong> y de etnolog&iacute;a en Porto, miembro de&nbsp;la Academia de ciencias y de historia de Lisboa.&nbsp;</span></span></p>

<p><span style="font-size:20px"><span style="font-family:verdana,geneva,sans-serif">Public&oacute; 310 art&iacute;culos&nbsp;en los que&nbsp;defendi&oacute; la tesis del poblamiento de Am&eacute;rica como resultado de la inmigraci&oacute;n australiana a trav&eacute;s de la Ant&aacute;rtida, aprovechando el periodo de <strong>clima &oacute;ptimo</strong> durante el Holoceno.&nbsp;</span></span></p>
]]></text>
</info>
</question>
</questions>
</engine>