<?xml version="1.0" encoding="UTF-8"?>
<engine title="Diseño de un mapa conceptual del medio físico" copy="Editorial Planeta" version="1" aprid="F13">
  <section title="Presentación" path="medias/section0.jpg" image1Text="&lt;TextFlow&gt;&lt;p&gt;&lt;span&gt;Dunas en el desierto del Sahara (Argelia).&lt;/span&gt;&lt;/p&gt;&lt;/TextFlow&gt;" zoom1="true" zoom2a="false" zoom2b="false" layout="0"><![CDATA[<TextFlow><p><span>Un concepto es la representación mental de una persona, cosa o idea. Cuando estudiamos cualquier materia incorporamos nuevos conceptos, los cuales a veces resultan difíciles de relacionar entre sí.</span></p><p><span></span></p><p><span>Para ello, pueden ser muy útiles los mapas conceptuales. Se trata de redes semánticas formadas por distintos conceptos que permiten organizar, sintetizar y presentar de forma gráfica la información sobre un determinado tema.</span></p><p><span></span></p><p><span fontSize="12" fontWeight="bold">El objetivo de esta práctica es elaborar un mapa conceptual en el que sintetices los principales aspectos a tener en cuenta sobre el medio físico del mundo.</span></p><p><span></span></p><p><span>Como paso previo a la realización de la práctica, te recomendamos repasar los conceptos clave de la unidad. Para ello, trata de definir con tus palabras los siguientes conceptos:</span></p><p><span></span></p><p paragraphStartIndent="20" styleName="bullet"><span>geosfera</span></p><p paragraphStartIndent="20" styleName="bullet"><span>capas de la Tierra</span></p><p paragraphStartIndent="20" styleName="bullet"><span>medio físico</span></p><p paragraphStartIndent="20" styleName="bullet"><span>relieve</span></p><p paragraphStartIndent="20" styleName="bullet"><span>continente</span></p><p paragraphStartIndent="20" styleName="bullet"><span>agente formador</span></p><p paragraphStartIndent="20" styleName="bullet"><span>agente modelador</span></p><p paragraphStartIndent="20" styleName="bullet"><span>hidrosfera</span></p><p paragraphStartIndent="20" styleName="bullet"><span>hidrografía</span></p><p paragraphStartIndent="20" styleName="bullet"><span>aguas oceánicas</span></p><p paragraphStartIndent="20" styleName="bullet"><span>aguas continentales</span></p><p paragraphStartIndent="20" styleName="bullet"><span>atmósfera</span></p><p><span></span></p></TextFlow>]]></section>
  <section title="Tarea" path="medias/section1.jpg" image1Text="" zoom1="false" zoom2a="false" zoom2b="false" layout="1"><![CDATA[<TextFlow><p><span>Para realizar la práctica propuesta, utiliza el material indicado y sigue los pasos del procedimiento.</span></p><p><span></span></p><p><span fontSize="12" fontWeight="bold">Material:</span></p><p><span></span></p><p paragraphStartIndent="20" styleName="bullet"><span>Cuaderno de estudio, atlas geográfico, páginas web especializadas, etc.</span></p><p paragraphStartIndent="20" styleName="bullet"><span>Bloc, lápiz, goma, bolígrafo, etc.</span></p><p paragraphStartIndent="20" styleName="bullet"><span>Programa para realizar presentaciones de diapositivas (opcional).</span></p><p><span></span></p><p><span fontSize="12" fontWeight="bold">Procedimiento:</span></p><p><span></span></p><p><span>1.º Identifica las principales ideas o conceptos del tema. Puedes hacerlo a medida que avances en la lectura del cuaderno.</span></p><p><span></span></p><p><span>2.º Organiza los conceptos de forma jerárquica sobre el papel. Los conceptos principales, en la parte superior; los conceptos secundarios, en los niveles inferiores.</span></p><p><span></span></p><p><span>3.º Relaciona los conceptos principales con los conceptos secundarios mediante líneas. Las flechas solo se utilizan si existe una relación cruzada en lugar de una relación de subordinación.</span></p><p><span></span></p><p><span>4.º Escribe sobre cada conector palabras de enlace para aclarar la relación entre conceptos. </span></p><p><span></span></p><p><span>5.º Puedes incluir conceptos específicos y ejemplos en los niveles inferiores.</span></p><p><span></span></p><p><span>6.º Comprueba el mapa y su adecuación. Es probable que tengas que replantearlo una o dos veces.</span></p><p><span></span></p><p><span>7.º Trata de establecer relaciones cruzadas entre conceptos cuando sea posible.</span></p><p><span></span></p><p><span>8.º Utiliza un programa de presentación de diapositivas para presentar tu mapa de forma clara, limpia y ordenada.</span></p><p><span></span></p><p><span>A partir de las indicaciones, trata de hacer tu propio mapa conceptual de la unidad. Los mapas conceptuales pueden resultar útiles a la hora de estudiar.</span></p><p><span></span></p></TextFlow>]]></section>
</engine>
