<?xml version='1.0' encoding='UTF-8'?><engine copy="Editorial Planeta" version="1" aprid="f13" title="Estudio de testimonios orales y hechos históricos" >
<section title="Presentación" path="" pathAmp="" image1Text="" zoom1="false" zoom2a="false" zoom2b="false" layout="2" >
<![CDATA[
<p style="text-align:center"><a href="data/imagenes/0.png"><img alt="" src="data/imagenes/0.png" style="height:247px; width:800px" /></a></p>

<p style="text-align:center"><span style="font-size:26px"><span style="font-family:verdana,geneva,sans-serif">&iquest;C&oacute;mo podemos usar las fuentes orales para estudiar<br />
un hecho hist&oacute;rico de nuestro territorio?</span></span></p>
]]></section>
<section title="Conceptos" path="section1.jpg" pathAmp="section1_big.jpg" image1Text="" zoom1="true" zoom2a="false" zoom2b="false" layout="1" >
<![CDATA[<p><span style="font-family:verdana,geneva,sans-serif">Antes de comenzar el trabajo, te recomendamos que hagas un repaso de los conceptos que ya has visto en clase y que te ayudaran a la hora de realizar el proyecto:</span></p>

<p><span style="font-family:verdana,geneva,sans-serif"><strong>Las etapas de la historia:</strong></span></p>

<ul>
	<li><span style="font-family:verdana,geneva,sans-serif">Prehistoria</span></li>
</ul>

<ul>
	<li><span style="font-family:verdana,geneva,sans-serif">Edad Antigua</span></li>
</ul>

<ul>
	<li><span style="font-family:verdana,geneva,sans-serif">Edad Media</span></li>
</ul>

<ul>
	<li><span style="font-family:verdana,geneva,sans-serif">Edad Moderna</span></li>
</ul>

<ul>
	<li><span style="font-family:verdana,geneva,sans-serif">Edad Contempor&aacute;nea</span></li>
</ul>

<p><span style="font-family:verdana,geneva,sans-serif"><strong>Las fuentes hist&oacute;ricas:</strong></span></p>

<ul>
	<li><span style="font-family:verdana,geneva,sans-serif">fuentes primarias</span></li>
</ul>

<ul>
	<li><span style="font-family:verdana,geneva,sans-serif">fuentes secundarias</span></li>
</ul>

<ul>
	<li><span style="font-family:verdana,geneva,sans-serif">fuentes escritas</span></li>
</ul>

<ul>
	<li><span style="font-family:verdana,geneva,sans-serif">fuentes materiales</span></li>
</ul>

<ul>
	<li><span style="font-family:verdana,geneva,sans-serif">fuentes orales</span></li>
</ul>

<ul>
	<li><span style="font-family:verdana,geneva,sans-serif">fuentes audiovisuales</span></li>
</ul>
]]></section>
<section title="Objetivos " path="section2.jpg" pathAmp="" image1Text="" zoom1="false" zoom2a="false" zoom2b="false" layout="1" >
<![CDATA[<p><span style="font-size:18px"><span style="font-family:verdana,geneva,sans-serif"><strong>Objetivo: </strong>determinar c&oacute;mo podemos usar las fuentes orales para estudiar la historia.</span></span></p>

<p><span style="font-size:18px"><span style="font-family:verdana,geneva,sans-serif"><strong>Organizaci&oacute;n: </strong>grupos de dos o tres personas.</span></span></p>

<p><span style="font-size:18px"><span style="font-family:verdana,geneva,sans-serif"><strong>Presentaci&oacute;n:</strong> entrevista y trabajo escrito.</span></span></p>

<p><span style="font-size:18px"><span style="font-family:verdana,geneva,sans-serif"><strong>Plazo:</strong> dos semanas.</span></span></p>

<p><span style="font-size:18px"><span style="font-family:verdana,geneva,sans-serif"><strong>Punto de partida:</strong> para responder a la pregunta inicial y saber el papel que juegan las fuentes orales a la hora de reconstruir nuestro pasado, te proponemos que hagas una lluvia de ideas. Para empezar el proyecto debes decidir sobre qu&eacute; hecho hist&oacute;rico quieres trabajar. Recuerda que no puedes remontarte a un hecho muy lejano, ya que los testigos orales lo tienen que haber presenciado. Para ello, puedes consultar alguna cronolog&iacute;a del siglo XX, para elegir el hecho hist&oacute;rico que vas a tratar. A continuaci&oacute;n, debes plantearte preguntas que te servir&aacute;n como gu&iacute;a de la investigaci&oacute;n. Por ejemplo:</span></span></p>

<ul>
	<li><span style="font-size:18px"><span style="font-family:verdana,geneva,sans-serif">&iquest;Son siempre fiables las fuentes orales?</span></span></li>
</ul>

<ul>
	<li><span style="font-size:18px"><span style="font-family:verdana,geneva,sans-serif">&iquest;Qu&eacute; informaci&oacute;n pueden aportar diferente a las fuentes escritas?</span></span></li>
</ul>

<p><span style="font-size:18px"><span style="font-family:verdana,geneva,sans-serif">Al final, intenta escribir una respuesta previa a la pregunta del proyecto. La investigaci&oacute;n te ayudar&aacute; a averiguar si estabas en lo cierto o no.</span></span></p>
]]></section>
<section title="Planificación" path2a="2a_section3.jpg" path2b="2b_section3.jpg" path2aAmp="2a_section3_big.jpg" path2bAmp="2b_section3_big.jpg" image1Text="" zoom1="true" zoom2a="true" zoom2b="true" layout="4" >
<![CDATA[


<p><span style="font-size:18px"><span style="font-family:verdana,geneva,sans-serif">Para realizar el ejercicio, te proponemos comenzar por organizar el trabajo. Para ello te sugerimos seguir los siguientes pasos:</span></span></p>

<p><span style="font-size:18px"><span style="font-family:verdana,geneva,sans-serif">1.&ordm; Identificar el <strong>objetivo</strong> del proyecto.</span></span></p>

<p><span style="font-size:18px"><span style="font-family:verdana,geneva,sans-serif">2.&ordm; Listar las <strong>tareas</strong> que debes completar a lo largo del proyecto.</span></span></p>

<p><span style="font-size:18px"><span style="font-family:verdana,geneva,sans-serif">3.&ordm; Definir <strong>qui&eacute;n </strong>(o qui&eacute;nes) va realizar cada una de las tareas o actividades que deben desarrollarse para llegar al objetivo.</span></span></p>

<p><span style="font-size:18px"><span style="font-family:verdana,geneva,sans-serif">4.&ordm; Anotar <strong>cu&aacute;ndo</strong> y<strong> c&oacute;mo </strong>se pondr&aacute; en com&uacute;n el trabajo realizado por los miembros del grupo y se preparar&aacute; el trabajo escrito.</span></span></p>

<p><span style="font-size:18px"><span style="font-family:verdana,geneva,sans-serif">Cuando queremos planificar cualquier tarea, puede resultar de ayuda utilizar una tabla o una hoja de c&aacute;lculo en la que concretemos, por ejemplo, qui&eacute;n forma el grupo, de qu&eacute; tarea se hace cargo cada persona, cu&aacute;nto tiempo le vamos a dedicar a cada una de las tareas, cu&aacute;ndo tenemos que hacer la presentaci&oacute;n del proyecto, etc. </span></span></p>

<p><span style="font-size:18px"><span style="font-family:verdana,geneva,sans-serif">En la primera imagen adjunta puedes observar un ejemplo de estructura de esta tabla que te ayudar&aacute; a orientar tu planificaci&oacute;n.</span></span></p>

<p><span style="font-size:18px"><span style="font-family:verdana,geneva,sans-serif">En la segunda imagen puedes observar un ejemplo de planificaci&oacute;n de un proyecto similar que te puede ser de ayuda.</span></span></p>
]]></section>
<section title="Investigación" path="section4.jpg" pathAmp="" image1Text="" zoom1="false" zoom2a="false" zoom2b="false" layout="1" >
<![CDATA[


<p><span style="font-size:18px"><span style="font-family:verdana,geneva,sans-serif">A la hora de realizar tu investigaci&oacute;n, es importante que pienses y discutas sobre qu&eacute; recursos y fuentes de informaci&oacute;n pueden resultar &uacute;tiles. Es importante conocer los hechos sobre los que tratar&aacute; la entrevista y guiar a la persona entrevistada de modo que te hable sobre los aspectos que m&aacute;s te interesan para tu proyecto.</span></span></p>

<p><span style="font-size:18px"><span style="font-family:verdana,geneva,sans-serif">Antes de realizar la entrevista te recomendamos: </span></span></p>

<ul>
	<li><span style="font-size:18px"><span style="font-family:verdana,geneva,sans-serif">Consultar publicaciones y p&aacute;ginas web fiables de temas de historia. </span></span></li>
</ul>

<ul>
	<li><span style="font-size:18px"><span style="font-family:verdana,geneva,sans-serif">Contrastar con varias fuentes la informaci&oacute;n que utilices: no dar por buena una informaci&oacute;n si no es de una instituci&oacute;n p&uacute;blica privada de reconocido prestigio como la Gran Enciclopedia Planeta.</span></span></li>
</ul>

<ul>
	<li><span style="font-size:18px"><span style="font-family:verdana,geneva,sans-serif">Utilizar solo la informaci&oacute;n que sea &uacute;til y descartar aquella que no aporte nada.</span></span></li>
</ul>

<ul>
	<li><span style="font-size:18px"><span style="font-family:verdana,geneva,sans-serif">Elaborar una lista con las fuentes consultadas (bibliograf&iacute;a: listado de libros consultados, webs, etc.).</span></span></li>
</ul>

<ul>
	<li><span style="font-size:18px"><span style="font-family:verdana,geneva,sans-serif">Pensar en qu&eacute; tipo de personas queremos entrevistar y seleccionarlas.</span></span></li>
</ul>

<ul>
	<li><span style="font-size:18px"><span style="font-family:verdana,geneva,sans-serif">Resumir con tus palabras la informaci&oacute;n obtenida. </span></span></li>
</ul>

<p><span style="font-size:18px"><span style="font-family:verdana,geneva,sans-serif"><strong>&iexcl;Atenci&oacute;n!</strong> No debes copiar y utilizar el material que encuentres como si fuera tuyo: debes elaborar las ideas y recogerlo con tus propias palabras. Cuando copies palabras de forma literal de un texto, este debe ir entre comillas. Recuerda, adem&aacute;s, utilizar el diccionario cuando no comprendas el significado de una palabra.</span></span></p>
]]></section>
<section title="Análisis" path="section5.jpg" pathAmp="" image1Text="" zoom1="false" zoom2a="false" zoom2b="false" layout="1" >
<![CDATA[


<p><span style="font-size:18px"><span style="font-family:verdana,geneva,sans-serif">A partir de la informaci&oacute;n recopilada, <strong>recuerda las preguntas</strong> para la <strong>entrevista</strong>. A trav&eacute;s de la entrevista debes conseguir informaci&oacute;n como:</span></span></p>

<ul>
	<li><span style="font-size:18px"><span style="font-family:verdana,geneva,sans-serif">La edad de la persona entrevistada en la &eacute;poca estudiada y la actual.</span></span></li>
</ul>

<ul>
	<li><span style="font-size:18px"><span style="font-family:verdana,geneva,sans-serif">Lugar donde viv&iacute;a.</span></span></li>
</ul>

<ul>
	<li><span style="font-size:18px"><span style="font-family:verdana,geneva,sans-serif">Acontecimiento sobre el que nos informar&aacute;.</span></span></li>
</ul>

<ul>
	<li><span style="font-size:18px"><span style="font-family:verdana,geneva,sans-serif">C&oacute;mo vivi&oacute; este hecho.</span></span></li>
</ul>

<ul>
	<li><span style="font-size:18px"><span style="font-family:verdana,geneva,sans-serif">Contrastar si la informaci&oacute;n es cierta.</span></span></li>
</ul>

<p><span style="font-size:18px"><span style="font-family:verdana,geneva,sans-serif">Cuando realices la entrevista debes <strong>grabar</strong> la conversaci&oacute;n o anotar toda la informaci&oacute;n que te faciliten tus entrevistados y, si puedes, toma una fotograf&iacute;a de cada uno de ellos. </span></span></p>
]]></section>
<section title="Exposición" path="section6.jpg" pathAmp="" image1Text="" zoom1="false" zoom2a="false" zoom2b="false" layout="1" >
<![CDATA[


<p><span style="font-size:18px"><span style="font-family:verdana,geneva,sans-serif">Una vez analizada la informaci&oacute;n, debes seleccionar los datos m&aacute;s relevantes y redactar el <strong>trabajo escrito</strong> sobre la importancia de las fuentes orales para conocer hechos hist&oacute;ricos. Tu trabajo deber&iacute;a incluir informaci&oacute;n como la siguiente:</span></span></p>

<ul>
	<li><span style="font-size:18px"><span style="font-family:verdana,geneva,sans-serif">Una imagen de las personas entrevistadas.</span></span></li>
</ul>

<ul>
	<li><span style="font-size:18px"><span style="font-family:verdana,geneva,sans-serif">Una introducci&oacute;n para conocer tu v&iacute;nculo personal con los entrevistados.</span></span></li>
</ul>

<ul>
	<li><span style="font-size:18px"><span style="font-family:verdana,geneva,sans-serif">Fotograf&iacute;as antiguas que te hayan mostrado durante la entrevista o que hayas encontrado en la b&uacute;squeda de informaci&oacute;n.</span></span></li>
</ul>

<ul>
	<li><span style="font-size:18px"><span style="font-family:verdana,geneva,sans-serif">Respuesta a la pregunta inicial.</span></span></li>
</ul>

<p><span style="font-size:18px"><span style="font-family:verdana,geneva,sans-serif">Por &uacute;ltimo, puedes redactar el trabajo escrito que debe organizarse as&iacute;:</span></span></p>

<ul>
	<li><span style="font-size:18px"><span style="font-family:verdana,geneva,sans-serif">portada</span></span></li>
</ul>

<ul>
	<li><span style="font-size:18px"><span style="font-family:verdana,geneva,sans-serif">&iacute;ndice</span></span></li>
</ul>

<ul>
	<li><span style="font-size:18px"><span style="font-family:verdana,geneva,sans-serif">introducci&oacute;n</span></span></li>
</ul>

<ul>
	<li><span style="font-size:18px"><span style="font-family:verdana,geneva,sans-serif">desarrollo</span></span></li>
</ul>

<ul>
	<li><span style="font-size:18px"><span style="font-family:verdana,geneva,sans-serif">conclusiones</span></span></li>
</ul>

<ul>
	<li><span style="font-size:18px"><span style="font-family:verdana,geneva,sans-serif">bibliograf&iacute;a</span></span></li>
</ul>

<p><span style="font-size:18px"><span style="font-family:verdana,geneva,sans-serif"><strong>&iexcl;Atenci&oacute;n!</strong> Debes corregir las faltas de ortograf&iacute;a antes de entregar tu trabajo.</span></span></p>
]]></section>
<section title="Evaluación" path="" pathAmp="" image1Text="" zoom1="false" zoom2a="false" zoom2b="false" layout="2" >
<![CDATA[
<p><span style="font-size:18px"><span style="font-family:verdana,geneva,sans-serif">Al acabar, puedes autoevaluarte t&uacute; mismo para comprobar qu&eacute; tareas has hecho mejor o peor y si el proyecto se ha realizado correctamente.</span></span></p>

<p><span style="font-size:18px"><span style="font-family:verdana,geneva,sans-serif"><em>Valora de 1 a 5, siendo 1 muy mal y 5 muy bien. </em></span></span></p>

<p style="margin-left:40px">&nbsp;</p>

<p><span style="font-size:18px"><span style="font-family:verdana,geneva,sans-serif"><strong>&Iacute;TEMS DE VALORACI&Oacute;N&nbsp;&nbsp;&nbsp;&nbsp;&nbsp;&nbsp;&nbsp;&nbsp;&nbsp;&nbsp;&nbsp;</strong></span></span></p>

<p><span style="font-size:18px"><span style="font-family:verdana,geneva,sans-serif">________________________________________________________________________&nbsp;&nbsp;&nbsp;&nbsp;&nbsp;&nbsp;&nbsp;&nbsp;&nbsp;&nbsp;&nbsp;&nbsp;&nbsp;&nbsp;&nbsp;&nbsp;&nbsp;&nbsp;&nbsp;&nbsp;&nbsp;&nbsp;&nbsp;&nbsp;&nbsp;&nbsp;&nbsp;&nbsp;&nbsp;&nbsp;&nbsp;&nbsp;&nbsp;&nbsp;&nbsp;&nbsp;&nbsp;&nbsp;&nbsp;&nbsp;&nbsp;&nbsp;&nbsp;&nbsp;&nbsp;&nbsp;&nbsp;&nbsp;&nbsp;&nbsp;&nbsp;&nbsp;&nbsp;&nbsp;&nbsp;&nbsp;&nbsp;&nbsp;&nbsp;&nbsp;&nbsp;&nbsp;&nbsp;&nbsp;&nbsp;&nbsp;</span></span></p>

<p><span style="font-size:18px"><span style="font-family:verdana,geneva,sans-serif"><strong>&nbsp;&nbsp;&nbsp;&nbsp;&nbsp;&nbsp;&nbsp;&nbsp;&nbsp;&nbsp;&nbsp;&nbsp;&nbsp;&nbsp;&nbsp;&nbsp;&nbsp;&nbsp;&nbsp;&nbsp;&nbsp;&nbsp;&nbsp;&nbsp;&nbsp;&nbsp;&nbsp;&nbsp;&nbsp;&nbsp;&nbsp;&nbsp;&nbsp;&nbsp;&nbsp;&nbsp;&nbsp;&nbsp;&nbsp;&nbsp;&nbsp;&nbsp;&nbsp;&nbsp;&nbsp;&nbsp;&nbsp;&nbsp;&nbsp;&nbsp;&nbsp;&nbsp;&nbsp;&nbsp;&nbsp;&nbsp;&nbsp;&nbsp;&nbsp;&nbsp;&nbsp;&nbsp;&nbsp;&nbsp;&nbsp;&nbsp;&nbsp;&nbsp;&nbsp;&nbsp;&nbsp;&nbsp;&nbsp;&nbsp;&nbsp;&nbsp;&nbsp;1&nbsp;&nbsp;&nbsp;&nbsp;&nbsp;&nbsp;&nbsp;&nbsp;&nbsp;&nbsp;&nbsp;2&nbsp;&nbsp;&nbsp;&nbsp;&nbsp;&nbsp;&nbsp;&nbsp;&nbsp;&nbsp;&nbsp;3&nbsp;&nbsp;&nbsp;&nbsp;&nbsp;&nbsp;&nbsp;&nbsp;&nbsp;&nbsp;&nbsp;4&nbsp;&nbsp;&nbsp;&nbsp;&nbsp;&nbsp;&nbsp;&nbsp;&nbsp;&nbsp;&nbsp;5</strong>&nbsp;&nbsp;&nbsp;&nbsp;&nbsp;&nbsp;&nbsp;&nbsp;&nbsp;&nbsp;&nbsp;</span></span></p>

<p><span style="font-size:18px"><span style="font-family:verdana,geneva,sans-serif"><strong>Objetivos</strong>&nbsp;&nbsp;&nbsp;&nbsp;&nbsp;&nbsp;&nbsp;&nbsp;&nbsp;&nbsp;&nbsp;&nbsp;&nbsp;&nbsp;&nbsp;&nbsp;&nbsp;&nbsp;&nbsp;&nbsp;&nbsp;&nbsp;&nbsp;&nbsp;&nbsp;&nbsp;&nbsp;&nbsp;&nbsp;&nbsp;&nbsp;&nbsp;&nbsp;&nbsp;&nbsp;&nbsp;&nbsp;&nbsp;&nbsp;&nbsp;&nbsp;&nbsp;&nbsp;&nbsp;</span></span></p>

<p><span style="font-size:18px"><span style="font-family:verdana,geneva,sans-serif"><strong>&middot; </strong>Has comprendido el objetivo del proyecto.</span></span></p>

<p><span style="font-size:18px"><span style="font-family:verdana,geneva,sans-serif"><strong>&middot; </strong>Has participado activamente en la lluvia<strong> </strong>de ideas.</span></span></p>

<p><span style="font-size:18px"><span style="font-family:verdana,geneva,sans-serif"><strong>&middot; </strong>Has previsto aspectos que despu&eacute;s has<strong> </strong><br />
&nbsp; necesitado para el desarrollo de la investigaci&oacute;n.</span></span></p>

<p><span style="font-size:18px"><span style="font-family:verdana,geneva,sans-serif">________________________________________________________________________&nbsp;&nbsp;&nbsp;&nbsp;&nbsp;&nbsp;&nbsp;&nbsp;&nbsp;&nbsp;&nbsp;&nbsp;&nbsp;&nbsp;&nbsp;&nbsp;&nbsp;&nbsp;&nbsp;&nbsp;&nbsp;&nbsp;&nbsp;&nbsp;&nbsp;&nbsp;&nbsp;&nbsp;&nbsp;&nbsp;&nbsp;&nbsp;&nbsp;&nbsp;&nbsp;&nbsp;&nbsp;&nbsp;&nbsp;&nbsp;&nbsp;&nbsp;&nbsp;&nbsp;&nbsp;&nbsp;&nbsp;&nbsp;&nbsp;&nbsp;&nbsp;&nbsp;&nbsp;&nbsp;&nbsp;&nbsp;&nbsp;&nbsp;&nbsp;&nbsp;&nbsp;&nbsp;&nbsp;&nbsp;&nbsp;&nbsp;</span></span></p>

<p><span style="font-size:18px"><span style="font-family:verdana,geneva,sans-serif"><strong>&nbsp;&nbsp;&nbsp;&nbsp;&nbsp;&nbsp;&nbsp;&nbsp;&nbsp;&nbsp;&nbsp;&nbsp;&nbsp;&nbsp;&nbsp;&nbsp;&nbsp;&nbsp;&nbsp;&nbsp;&nbsp;&nbsp;&nbsp;&nbsp;&nbsp;&nbsp;&nbsp;&nbsp;&nbsp;&nbsp;&nbsp;&nbsp;&nbsp;&nbsp;&nbsp;&nbsp;&nbsp;&nbsp;&nbsp;&nbsp;&nbsp;&nbsp;&nbsp;&nbsp;&nbsp;&nbsp;&nbsp;&nbsp;&nbsp;&nbsp;&nbsp;&nbsp;&nbsp;&nbsp;&nbsp;&nbsp;&nbsp;&nbsp;&nbsp;&nbsp;&nbsp;&nbsp;&nbsp;&nbsp;&nbsp;&nbsp;&nbsp;&nbsp;&nbsp;&nbsp;&nbsp;&nbsp;&nbsp;&nbsp;&nbsp;&nbsp;&nbsp;1&nbsp;&nbsp;&nbsp;&nbsp;&nbsp;&nbsp;&nbsp;&nbsp;&nbsp;&nbsp;&nbsp;2&nbsp;&nbsp;&nbsp;&nbsp;&nbsp;&nbsp;&nbsp;&nbsp;&nbsp;&nbsp;&nbsp;3&nbsp;&nbsp;&nbsp;&nbsp;&nbsp;&nbsp;&nbsp;&nbsp;&nbsp;&nbsp;&nbsp;4&nbsp;&nbsp;&nbsp;&nbsp;&nbsp;&nbsp;&nbsp;&nbsp;&nbsp;&nbsp;&nbsp;5</strong>&nbsp;&nbsp;&nbsp;&nbsp;&nbsp;&nbsp;&nbsp;&nbsp;&nbsp;&nbsp;&nbsp;</span></span></p>

<p><span style="font-size:18px"><span style="font-family:verdana,geneva,sans-serif"><strong>Planificaci&oacute;n del proyecto&nbsp;&nbsp;&nbsp;&nbsp;&nbsp;&nbsp;&nbsp;&nbsp;&nbsp;&nbsp;&nbsp;</strong>&nbsp;&nbsp;&nbsp;&nbsp;&nbsp;&nbsp;&nbsp;&nbsp;&nbsp;&nbsp;&nbsp;&nbsp;&nbsp;&nbsp;&nbsp;&nbsp;&nbsp;&nbsp;&nbsp;&nbsp;&nbsp;&nbsp;&nbsp;&nbsp;&nbsp;&nbsp;&nbsp;&nbsp;&nbsp;&nbsp;&nbsp;&nbsp;&nbsp;&nbsp;&nbsp;&nbsp;&nbsp;&nbsp;&nbsp;&nbsp;&nbsp;&nbsp;&nbsp;&nbsp;&nbsp;&nbsp;&nbsp;&nbsp;&nbsp;&nbsp;&nbsp;&nbsp;&nbsp;&nbsp;&nbsp;&nbsp;&nbsp;&nbsp;&nbsp;&nbsp;&nbsp;&nbsp;&nbsp;&nbsp;&nbsp;&nbsp;&nbsp;&nbsp;&nbsp;&nbsp;&nbsp;&nbsp;&nbsp;&nbsp;&nbsp;&nbsp;&nbsp;&nbsp;&nbsp;&nbsp;&nbsp;&nbsp;&nbsp;&nbsp;&nbsp;&nbsp;&nbsp;&nbsp;</span></span></p>

<p><span style="font-size:18px"><span style="font-family:verdana,geneva,sans-serif"><strong>&middot;</strong> Has participado en la planificaci&oacute;n del proyecto.</span></span></p>

<p><span style="font-size:18px"><span style="font-family:verdana,geneva,sans-serif"><strong>&middot;</strong> Has contribuido en la distribuci&oacute;n de tareas.</span></span></p>

<p><span style="font-size:18px"><span style="font-family:verdana,geneva,sans-serif"><strong>&middot;</strong> Has calculado correctamente el tiempo<br />
&nbsp; necesario para desarrollar cada tarea.</span></span></p>

<p><span style="font-size:18px"><span style="font-family:verdana,geneva,sans-serif"><strong>&middot; </strong>Has desempe&ntilde;ado correctamente las tareas que<strong> </strong><br />
&nbsp; te han sido asignadas.</span></span></p>

<p><span style="font-size:18px"><span style="font-family:verdana,geneva,sans-serif"><strong>&middot; </strong>Has distribuido de forma equitativa las tareas<strong> </strong><br />
&nbsp; entre los miembros del grupo.</span></span></p>

<p><span style="font-size:18px"><span style="font-family:verdana,geneva,sans-serif"><strong>&middot; </strong>Has realizado las tareas asignadas en el tiempo<br />
&nbsp; previsto.</span></span></p>

<p><span style="font-size:18px"><span style="font-family:verdana,geneva,sans-serif"><strong>&middot; </strong>Todos los miembros del grupo han participado<strong> </strong><br />
&nbsp; seg&uacute;n lo previsto.</span></span></p>

<p><span style="font-size:18px"><span style="font-family:verdana,geneva,sans-serif">________________________________________________________________________&nbsp;&nbsp;&nbsp;&nbsp;&nbsp;&nbsp;&nbsp;&nbsp;&nbsp;&nbsp;&nbsp;&nbsp;&nbsp;&nbsp;&nbsp;&nbsp;&nbsp;&nbsp;&nbsp;&nbsp;&nbsp;&nbsp;&nbsp;&nbsp;&nbsp;&nbsp;&nbsp;&nbsp;&nbsp;&nbsp;&nbsp;&nbsp;&nbsp;&nbsp;&nbsp;&nbsp;&nbsp;&nbsp;&nbsp;&nbsp;&nbsp;&nbsp;&nbsp;&nbsp;&nbsp;&nbsp;&nbsp;&nbsp;&nbsp;&nbsp;&nbsp;&nbsp;&nbsp;&nbsp;&nbsp;&nbsp;&nbsp;&nbsp;&nbsp;&nbsp;&nbsp;&nbsp;&nbsp;&nbsp;&nbsp;&nbsp;</span></span></p>

<p><span style="font-size:18px"><span style="font-family:verdana,geneva,sans-serif"><strong>&nbsp;&nbsp;&nbsp;&nbsp;&nbsp;&nbsp;&nbsp;&nbsp;&nbsp;&nbsp;&nbsp;&nbsp;&nbsp;&nbsp;&nbsp;&nbsp;&nbsp;&nbsp;&nbsp;&nbsp;&nbsp;&nbsp;&nbsp;&nbsp;&nbsp;&nbsp;&nbsp;&nbsp;&nbsp;&nbsp;&nbsp;&nbsp;&nbsp;&nbsp;&nbsp;&nbsp;&nbsp;&nbsp;&nbsp;&nbsp;&nbsp;&nbsp;&nbsp;&nbsp;&nbsp;&nbsp;&nbsp;&nbsp;&nbsp;&nbsp;&nbsp;&nbsp;&nbsp;&nbsp;&nbsp;&nbsp;&nbsp;&nbsp;&nbsp;&nbsp;&nbsp;&nbsp;&nbsp;&nbsp;&nbsp;&nbsp;&nbsp;&nbsp;&nbsp;&nbsp;&nbsp;&nbsp;&nbsp;&nbsp;&nbsp;&nbsp;&nbsp;1&nbsp;&nbsp;&nbsp;&nbsp;&nbsp;&nbsp;&nbsp;&nbsp;&nbsp;&nbsp;&nbsp;2&nbsp;&nbsp;&nbsp;&nbsp;&nbsp;&nbsp;&nbsp;&nbsp;&nbsp;&nbsp;&nbsp;3&nbsp;&nbsp;&nbsp;&nbsp;&nbsp;&nbsp;&nbsp;&nbsp;&nbsp;&nbsp;&nbsp;4&nbsp;&nbsp;&nbsp;&nbsp;&nbsp;&nbsp;&nbsp;&nbsp;&nbsp;&nbsp;&nbsp;5</strong>&nbsp;&nbsp;&nbsp;&nbsp;&nbsp;&nbsp;&nbsp;&nbsp;&nbsp;&nbsp;&nbsp;</span></span></p>

<p><span style="font-size:18px"><span style="font-family:verdana,geneva,sans-serif"><strong>Investigaci&oacute;n&nbsp;&nbsp;&nbsp;&nbsp;&nbsp;&nbsp;&nbsp;&nbsp;&nbsp;&nbsp;&nbsp;</strong>&nbsp;&nbsp;&nbsp;&nbsp;&nbsp;&nbsp;&nbsp;&nbsp;&nbsp;&nbsp;&nbsp;&nbsp;&nbsp;&nbsp;&nbsp;&nbsp;&nbsp;&nbsp;&nbsp;&nbsp;&nbsp;&nbsp;&nbsp;&nbsp;&nbsp;&nbsp;&nbsp;&nbsp;&nbsp;&nbsp;&nbsp;&nbsp;&nbsp;&nbsp;&nbsp;&nbsp;&nbsp;&nbsp;&nbsp;&nbsp;&nbsp;&nbsp;&nbsp;&nbsp;&nbsp;&nbsp;&nbsp;&nbsp;&nbsp;&nbsp;&nbsp;&nbsp;&nbsp;&nbsp;&nbsp;</span></span></p>

<p><span style="font-size:18px"><span style="font-family:verdana,geneva,sans-serif"><strong>&middot; </strong>Has propuesto fuentes de informaci&oacute;n en<strong> </strong><br />
&nbsp; para encontrarlos datos que necesitabas.</span></span></p>

<p><span style="font-size:18px"><span style="font-family:verdana,geneva,sans-serif"><strong>&middot; </strong>La metodolog&iacute;a propuesta ha sido<br />
&nbsp; la adecuada para recabar la informaci&oacute;n<strong> </strong><br />
&nbsp; que te hac&iacute;a falta.&nbsp;&nbsp;&nbsp;&nbsp;&nbsp;&nbsp;&nbsp;&nbsp;&nbsp;&nbsp;&nbsp;&nbsp;&nbsp;&nbsp;&nbsp;&nbsp;&nbsp;&nbsp;&nbsp;&nbsp;&nbsp;&nbsp;&nbsp;&nbsp;&nbsp;&nbsp;&nbsp;&nbsp;&nbsp;&nbsp;&nbsp;&nbsp;&nbsp;&nbsp;&nbsp;&nbsp;&nbsp;&nbsp;&nbsp;&nbsp;&nbsp;&nbsp;&nbsp;&nbsp;&nbsp;&nbsp;&nbsp;&nbsp;&nbsp;&nbsp;&nbsp;&nbsp;&nbsp;&nbsp;&nbsp;</span></span></p>

<p><span style="font-size:18px"><span style="font-family:verdana,geneva,sans-serif"><strong>&middot; </strong>Has valorado los criterios a seguir para<br />
&nbsp; seleccionar la informaci&oacute;n.</span></span></p>

<p><span style="font-size:18px"><span style="font-family:verdana,geneva,sans-serif"><strong>&middot; </strong>Has participado activamente en la b&uacute;squeda<strong> </strong><br />
&nbsp; de informaci&oacute;n.</span></span></p>

<p><span style="font-size:18px"><span style="font-family:verdana,geneva,sans-serif"><strong>&middot; </strong>Has hecho uso de diferentes tipos de informaci&oacute;n<br />
&nbsp; (electr&oacute;nica, cuestionarios, bibliogr&aacute;fica,...).&nbsp;&nbsp;&nbsp;&nbsp;&nbsp;&nbsp;&nbsp;&nbsp;&nbsp;&nbsp;&nbsp;&nbsp;&nbsp;&nbsp;&nbsp;&nbsp;&nbsp;&nbsp;&nbsp;&nbsp;&nbsp;&nbsp;&nbsp;&nbsp;&nbsp;&nbsp;&nbsp;&nbsp;&nbsp;&nbsp;&nbsp;&nbsp;&nbsp;&nbsp;&nbsp;&nbsp;&nbsp;&nbsp;&nbsp;&nbsp;&nbsp;&nbsp;&nbsp;&nbsp;</span></span></p>

<p><span style="font-size:18px"><span style="font-family:verdana,geneva,sans-serif">________________________________________________________________________&nbsp;&nbsp;&nbsp;&nbsp;&nbsp;&nbsp;&nbsp;&nbsp;&nbsp;&nbsp;&nbsp;&nbsp;&nbsp;&nbsp;&nbsp;&nbsp;&nbsp;&nbsp;&nbsp;&nbsp;&nbsp;&nbsp;&nbsp;&nbsp;&nbsp;&nbsp;&nbsp;&nbsp;&nbsp;&nbsp;&nbsp;&nbsp;&nbsp;&nbsp;&nbsp;&nbsp;&nbsp;&nbsp;&nbsp;&nbsp;&nbsp;&nbsp;&nbsp;&nbsp;&nbsp;&nbsp;&nbsp;&nbsp;&nbsp;&nbsp;&nbsp;&nbsp;&nbsp;&nbsp;&nbsp;&nbsp;&nbsp;&nbsp;&nbsp;&nbsp;&nbsp;&nbsp;&nbsp;&nbsp;&nbsp;&nbsp;</span></span></p>

<p><span style="font-size:18px"><span style="font-family:verdana,geneva,sans-serif"><strong>&nbsp;&nbsp;&nbsp;&nbsp;&nbsp;&nbsp;&nbsp;&nbsp;&nbsp;&nbsp;&nbsp;&nbsp;&nbsp;&nbsp;&nbsp;&nbsp;&nbsp;&nbsp;&nbsp;&nbsp;&nbsp;&nbsp;&nbsp;&nbsp;&nbsp;&nbsp;&nbsp;&nbsp;&nbsp;&nbsp;&nbsp;&nbsp;&nbsp;&nbsp;&nbsp;&nbsp;&nbsp;&nbsp;&nbsp;&nbsp;&nbsp;&nbsp;&nbsp;&nbsp;&nbsp;&nbsp;&nbsp;&nbsp;&nbsp;&nbsp;&nbsp;&nbsp;&nbsp;&nbsp;&nbsp;&nbsp;&nbsp;&nbsp;&nbsp;&nbsp;&nbsp;&nbsp;&nbsp;&nbsp;&nbsp;&nbsp;&nbsp;&nbsp;&nbsp;&nbsp;&nbsp;&nbsp;&nbsp;&nbsp;&nbsp;&nbsp;&nbsp;1&nbsp;&nbsp;&nbsp;&nbsp;&nbsp;&nbsp;&nbsp;&nbsp;&nbsp;&nbsp;&nbsp;2&nbsp;&nbsp;&nbsp;&nbsp;&nbsp;&nbsp;&nbsp;&nbsp;&nbsp;&nbsp;&nbsp;3&nbsp;&nbsp;&nbsp;&nbsp;&nbsp;&nbsp;&nbsp;&nbsp;&nbsp;&nbsp;&nbsp;4&nbsp;&nbsp;&nbsp;&nbsp;&nbsp;&nbsp;&nbsp;&nbsp;&nbsp;&nbsp;&nbsp;5</strong>&nbsp;&nbsp;&nbsp;&nbsp;&nbsp;&nbsp;&nbsp;&nbsp;&nbsp;&nbsp;&nbsp;</span></span></p>

<p><span style="font-size:18px"><span style="font-family:verdana,geneva,sans-serif"><strong>An&aacute;lisis de la informaci&oacute;n&nbsp;&nbsp;&nbsp;&nbsp;&nbsp;&nbsp;&nbsp;&nbsp;&nbsp;&nbsp;&nbsp;</strong>&nbsp;&nbsp;&nbsp;&nbsp;&nbsp;&nbsp;&nbsp;&nbsp;&nbsp;&nbsp;&nbsp;&nbsp;&nbsp;&nbsp;&nbsp;&nbsp;&nbsp;&nbsp;&nbsp;&nbsp;&nbsp;&nbsp;&nbsp;&nbsp;&nbsp;&nbsp;&nbsp;&nbsp;&nbsp;&nbsp;&nbsp;&nbsp;&nbsp;&nbsp;&nbsp;&nbsp;&nbsp;&nbsp;&nbsp;&nbsp;&nbsp;&nbsp;&nbsp;&nbsp;&nbsp;&nbsp;&nbsp;&nbsp;&nbsp;&nbsp;&nbsp;&nbsp;&nbsp;&nbsp;&nbsp;</span></span></p>

<p><span style="font-size:18px"><span style="font-family:verdana,geneva,sans-serif"><strong>&middot; </strong>Has sabido distinguir la informaci&oacute;n importante<strong> </strong><br />
&nbsp; respecto a la superflua.&nbsp;&nbsp;&nbsp;&nbsp;&nbsp;&nbsp;&nbsp;&nbsp;&nbsp;&nbsp;&nbsp;</span></span></p>

<p><span style="font-size:18px"><span style="font-family:verdana,geneva,sans-serif"><strong>&middot; </strong>Has redactado preguntas que te han permitido<br />
&nbsp; obtener la informaci&oacute;n que necesitabas.&nbsp;&nbsp;&nbsp;&nbsp;&nbsp;&nbsp;&nbsp;&nbsp;&nbsp;&nbsp;&nbsp;&nbsp;&nbsp;&nbsp;&nbsp;&nbsp;&nbsp;&nbsp;&nbsp;&nbsp;&nbsp;&nbsp;&nbsp;&nbsp;&nbsp;&nbsp;&nbsp;&nbsp;&nbsp;&nbsp;&nbsp;&nbsp;&nbsp;&nbsp;&nbsp;&nbsp;&nbsp;&nbsp;&nbsp;&nbsp;&nbsp;&nbsp;&nbsp;&nbsp;</span></span></p>

<p><span style="font-size:18px"><span style="font-family:verdana,geneva,sans-serif"><strong>&middot; </strong>Has ordenado todos los datos antes de analizarlos.</span></span></p>

<p><span style="font-size:18px"><span style="font-family:verdana,geneva,sans-serif">________________________________________________________________________&nbsp;&nbsp;&nbsp;&nbsp;&nbsp;&nbsp;&nbsp;&nbsp;&nbsp;&nbsp;&nbsp;&nbsp;&nbsp;&nbsp;&nbsp;&nbsp;&nbsp;&nbsp;&nbsp;&nbsp;&nbsp;&nbsp;&nbsp;&nbsp;&nbsp;&nbsp;&nbsp;&nbsp;&nbsp;&nbsp;&nbsp;&nbsp;&nbsp;&nbsp;&nbsp;&nbsp;&nbsp;&nbsp;&nbsp;&nbsp;&nbsp;&nbsp;&nbsp;&nbsp;&nbsp;&nbsp;&nbsp;&nbsp;&nbsp;&nbsp;&nbsp;&nbsp;&nbsp;&nbsp;&nbsp;&nbsp;&nbsp;&nbsp;&nbsp;&nbsp;&nbsp;&nbsp;&nbsp;&nbsp;&nbsp;&nbsp;</span></span></p>

<p><span style="font-size:18px"><span style="font-family:verdana,geneva,sans-serif"><strong>&nbsp;&nbsp;&nbsp;&nbsp;&nbsp;&nbsp;&nbsp;&nbsp;&nbsp;&nbsp;&nbsp;&nbsp;&nbsp;&nbsp;&nbsp;&nbsp;&nbsp;&nbsp;&nbsp;&nbsp;&nbsp;&nbsp;&nbsp;&nbsp;&nbsp;&nbsp;&nbsp;&nbsp;&nbsp;&nbsp;&nbsp;&nbsp;&nbsp;&nbsp;&nbsp;&nbsp;&nbsp;&nbsp;&nbsp;&nbsp;&nbsp;&nbsp;&nbsp;&nbsp;&nbsp;&nbsp;&nbsp;&nbsp;&nbsp;&nbsp;&nbsp;&nbsp;&nbsp;&nbsp;&nbsp;&nbsp;&nbsp;&nbsp;&nbsp;&nbsp;&nbsp;&nbsp;&nbsp;&nbsp;&nbsp;&nbsp;&nbsp;&nbsp;&nbsp;&nbsp;&nbsp;&nbsp;&nbsp;&nbsp;&nbsp;&nbsp;&nbsp;1&nbsp;&nbsp;&nbsp;&nbsp;&nbsp;&nbsp;&nbsp;&nbsp;&nbsp;&nbsp;&nbsp;2&nbsp;&nbsp;&nbsp;&nbsp;&nbsp;&nbsp;&nbsp;&nbsp;&nbsp;&nbsp;&nbsp;3&nbsp;&nbsp;&nbsp;&nbsp;&nbsp;&nbsp;&nbsp;&nbsp;&nbsp;&nbsp;&nbsp;4&nbsp;&nbsp;&nbsp;&nbsp;&nbsp;&nbsp;&nbsp;&nbsp;&nbsp;&nbsp;&nbsp;5</strong>&nbsp;&nbsp;&nbsp;&nbsp;&nbsp;&nbsp;&nbsp;&nbsp;&nbsp;&nbsp;&nbsp;</span></span></p>

<p><span style="font-size:18px"><span style="font-family:verdana,geneva,sans-serif"><strong>Exposici&oacute;n</strong>&nbsp;&nbsp;&nbsp;&nbsp;&nbsp;&nbsp;&nbsp;&nbsp;&nbsp;&nbsp;&nbsp;&nbsp;&nbsp;&nbsp;&nbsp;&nbsp;&nbsp;&nbsp;&nbsp;&nbsp;&nbsp;&nbsp;</span></span></p>

<p><span style="font-size:18px"><span style="font-family:verdana,geneva,sans-serif"><strong>&middot;</strong> Has dado respuesta a la pregunta principal<strong> </strong><br />
&nbsp; del proyecto.</span></span></p>

<p><span style="font-size:18px"><span style="font-family:verdana,geneva,sans-serif"><strong>&middot;</strong> Has sabido interpretar las respuestas de<br />
&nbsp; la entrevista.</span></span></p>

<p><span style="font-size:18px"><span style="font-family:verdana,geneva,sans-serif"><strong>&middot; </strong>Has participado en la extracci&oacute;n de<br />
&nbsp; conclusiones.</span></span></p>

<p><span style="font-size:18px"><span style="font-family:verdana,geneva,sans-serif"><strong>&middot; </strong>Has sabido estructurar<strong> </strong>correctamente&nbsp;<br />
&nbsp; la informaci&oacute;n en el trabajo.</span></span></p>

<p><span style="font-size:18px"><span style="font-family:verdana,geneva,sans-serif"><strong>&middot; </strong>Has incorporado el contenido visual adecuado.</span></span></p>

<p><span style="font-size:18px"><span style="font-family:verdana,geneva,sans-serif"><strong>&middot; </strong>Has sido creativo.</span></span></p>

<p><span style="font-size:18px"><span style="font-family:verdana,geneva,sans-serif">________________________________________________________________________&nbsp;&nbsp;&nbsp;&nbsp;&nbsp;&nbsp;&nbsp;&nbsp;&nbsp;&nbsp;&nbsp;&nbsp;&nbsp;&nbsp;&nbsp;&nbsp;&nbsp;&nbsp;&nbsp;&nbsp;&nbsp;&nbsp;&nbsp;&nbsp;&nbsp;&nbsp;&nbsp;&nbsp;&nbsp;&nbsp;&nbsp;&nbsp;&nbsp;&nbsp;&nbsp;&nbsp;&nbsp;&nbsp;&nbsp;&nbsp;&nbsp;&nbsp;&nbsp;&nbsp;&nbsp;&nbsp;&nbsp;&nbsp;&nbsp;&nbsp;&nbsp;&nbsp;&nbsp;&nbsp;&nbsp;&nbsp;&nbsp;&nbsp;&nbsp;&nbsp;&nbsp;&nbsp;&nbsp;&nbsp;&nbsp;&nbsp;</span></span></p>

<p><span style="font-size:18px"><span style="font-family:verdana,geneva,sans-serif"><strong>&nbsp;&nbsp;&nbsp;&nbsp;&nbsp;&nbsp;&nbsp;&nbsp;&nbsp;&nbsp;&nbsp;&nbsp;&nbsp;&nbsp;&nbsp;&nbsp;&nbsp;&nbsp;&nbsp;&nbsp;&nbsp;&nbsp;&nbsp;&nbsp;&nbsp;&nbsp;&nbsp;&nbsp;&nbsp;&nbsp;&nbsp;&nbsp;&nbsp;&nbsp;&nbsp;&nbsp;&nbsp;&nbsp;&nbsp;&nbsp;&nbsp;&nbsp;&nbsp;&nbsp;&nbsp;&nbsp;&nbsp;&nbsp;&nbsp;&nbsp;&nbsp;&nbsp;&nbsp;&nbsp;&nbsp;&nbsp;&nbsp;&nbsp;&nbsp;&nbsp;&nbsp;&nbsp;&nbsp;&nbsp;&nbsp;&nbsp;&nbsp;&nbsp;&nbsp;&nbsp;&nbsp;&nbsp;&nbsp;&nbsp;&nbsp;&nbsp;&nbsp;1&nbsp;&nbsp;&nbsp;&nbsp;&nbsp;&nbsp;&nbsp;&nbsp;&nbsp;&nbsp;&nbsp;2&nbsp;&nbsp;&nbsp;&nbsp;&nbsp;&nbsp;&nbsp;&nbsp;&nbsp;&nbsp;&nbsp;3&nbsp;&nbsp;&nbsp;&nbsp;&nbsp;&nbsp;&nbsp;&nbsp;&nbsp;&nbsp;&nbsp;4&nbsp;&nbsp;&nbsp;&nbsp;&nbsp;&nbsp;&nbsp;&nbsp;&nbsp;&nbsp;&nbsp;5</strong>&nbsp;&nbsp;&nbsp;&nbsp;&nbsp;&nbsp;&nbsp;&nbsp;&nbsp;&nbsp;&nbsp;</span></span></p>

<p><span style="font-size:18px"><span style="font-family:verdana,geneva,sans-serif"><strong>VALORACI&Oacute;N GLOBAL</strong></span></span></p>

<p><span style="font-size:18px"><span style="font-family:verdana,geneva,sans-serif"><strong>&middot;</strong> Del trabajo desarrollado.</span></span></p>

<p><span style="font-size:18px"><span style="font-family:verdana,geneva,sans-serif"><strong>&middot;</strong> De los documentos entregados.</span></span></p>

<p><span style="font-size:18px"><span style="font-family:verdana,geneva,sans-serif"><strong>&middot;</strong> Del trabajo en equipo.</span></span></p>
]]></section>
</engine>