﻿<?xml version="1.0" encoding="utf-8"?>
<motor tipo="5" clase="a" aprid="M5a">
  <plataforma>
    <grado><![CDATA[2]]></grado>
    <titulo>Conoce los principales rasgos de las civilizaciones mesopotámicas</titulo>
    <volumen><![CDATA[2]]></volumen>
    <nivel>2</nivel>
    <referencia><![CDATA[cs_07_08_04]]></referencia>
    <id_reg><![CDATA[99]]></id_reg>
    <motor><![CDATA[M5a]]></motor>
    <lang>es</lang>
  </plataforma>
  <enunciado><![CDATA[Observa las imágenes y responde a las preguntas.]]></enunciado>
  <masinfo inicio="0" />
  <sinaleatoriedad><![CDATA[0]]></sinaleatoriedad>
  <calc><![CDATA[0]]></calc>
  <respuestaunica><![CDATA[0]]></respuestaunica>
  <test cantidad="7">
    <cuestion>
      <enunciado><![CDATA[¿Qué tipo de escritura es la utilizada en esta tablilla de arcilla?]]></enunciado>
      <explicacion />
      <imagen><![CDATA[0008ux01_286.png]]></imagen>
      <ampliacion><![CDATA[0008ux01_500.png]]></ampliacion>
      <respuestas>
        <respuesta contestacion="Cuneiforme" correcta="1" />
        <respuesta contestacion="Jeroglífica" correcta="0" />
        <respuesta contestacion="Maya" correcta="0" />
        <respuesta contestacion="China" correcta="0" />
      </respuestas>
    </cuestion>
    <cuestion>
      <enunciado><![CDATA[¿Qué era un zigurat?]]></enunciado>
      <explicacion />
      <imagen><![CDATA[0008fs01_286.png]]></imagen>
      <ampliacion><![CDATA[0008fs01_500.png]]></ampliacion>
      <respuestas>
        <respuesta contestacion="Un palacio" correcta="0" />
        <respuesta contestacion="Una fortaleza" correcta="0" />
        <respuesta contestacion="Un templo" correcta="1" />
        <respuesta contestacion="Un gran mercado sumerio" correcta="0" />
      </respuestas>
    </cuestion>
    <cuestion>
      <enunciado><![CDATA[¿Qué tipo de arco se utilizó para construir la puerta de Ishtar?]]></enunciado>
      <explicacion />
      <imagen><![CDATA[0008tv01_286.png]]></imagen>
      <ampliacion><![CDATA[0008tv01_500.png]]></ampliacion>
      <respuestas>
        <respuesta contestacion="Ojival" correcta="0" />
        <respuesta contestacion="Lobulado" correcta="0" />
        <respuesta contestacion="De herradura" correcta="0" />
        <respuesta contestacion="De medio punto" correcta="1" />
      </respuestas>
    </cuestion>
    <cuestion>
      <enunciado><![CDATA[¿En torno a qué ríos se desarrolló la civilización mesopotámica?]]></enunciado>
      <explicacion />
      <imagen><![CDATA[000lrj01_286.png]]></imagen>
      <ampliacion><![CDATA[000lrj01_500.png]]></ampliacion>
      <respuestas>
        <respuesta contestacion="Ebro y Tajo" correcta="0" />
        <respuesta contestacion="Nilo Blanco y Nilo Azul" correcta="0" />
        <respuesta contestacion="Éufrates y Tigris" correcta="1" />
        <respuesta contestacion="Indo y Ganges" correcta="0" />
      </respuestas>
    </cuestion>
    <cuestion>
      <enunciado><![CDATA[¿Qué hizo sobresalir a los asirios en el arte de la guerra?]]></enunciado>
      <explicacion />
      <imagen><![CDATA[0008op01_286.png]]></imagen>
      <ampliacion><![CDATA[0008op01_500.png]]></ampliacion>
      <respuestas>
        <respuesta contestacion="Carros de guerra" correcta="1" />
        <respuesta contestacion="Catapultas" correcta="0" />
        <respuesta contestacion="Flechas de fuego" correcta="0" />
        <respuesta contestacion="Espadas de cobre" correcta="0" />
      </respuestas>
    </cuestion>
    <cuestion>
      <enunciado><![CDATA[¿Con qué se decoraban las paredes de los palacios y templos mesopotámicos?]]></enunciado>
      <explicacion />
      <imagen><![CDATA[0008xj01_286.png]]></imagen>
      <ampliacion><![CDATA[0008xj01_500.png]]></ampliacion>
      <respuestas>
        <respuesta contestacion="Jeroglíficos" correcta="0" />
        <respuesta contestacion="Graffitis" correcta="0" />
        <respuesta contestacion="Relieves" correcta="1" />
        <respuesta contestacion="Pinturas rupestres" correcta="0" />
      </respuestas>
    </cuestion>
    <cuestion>
      <enunciado><![CDATA[¿Qué rey hizo posible el surgimiento del Imperio Acadio con sus conquistas militares?]]></enunciado>
      <explicacion />
      <imagen><![CDATA[0008or01_286.png]]></imagen>
      <ampliacion><![CDATA[0008or01_500.png]]></ampliacion>
      <respuestas>
        <respuesta contestacion="Sargón" correcta="1" />
        <respuesta contestacion="Uruk" correcta="0" />
        <respuesta contestacion="Mari" correcta="0" />
        <respuesta contestacion="Elam" correcta="0" />
      </respuestas>
    </cuestion>
  </test>
  <temps>
  </temps>
</motor>