<?xml version='1.0' encoding='UTF-8'?><diaporama autoplay="false" diapoDefaultTimeOut="false" effectDefaultTimeOut="1500" textDefaultTimeOut="1000" toolbarAlign="LeftBottom" toolbarColor="White" toolbarCounter="false" toolbarCounterColor="White" toolbarMargin="40,40,40,40" fotoMargin="0,0,0,0" textMargin="40,40,40,80" aprid="diaporama"><diapo foto="fondonegro.jpg" ><texto type="Verdana" size="50" style="Normal" color="White" align="CenterCenter" effect="normal" >Hechos y personajes de#la República liberal</texto></diapo><diapo foto="CS_09_04_REC90_IMG01.jpg" ><texto type="Verdana" size="48" style="Normal" color="Black" align="CenterTop" effect="normal" >La República liberal 1930 - 1946</texto></diapo><diapo foto="CS_09_04_REC90_IMG02.jpg" ><texto type="Verdana" size="44" style="Normal" color="White" align="LeftTop" effect="normal" >Enrique Olaya#Herrera#(1930 - 1934)</texto></diapo><diapo foto="CS_09_04_REC90_IMG03.jpg" ><texto type="Verdana" size="44" style="Normal" color="White" align="LeftTop" effect="normal" >Guerra con#el Perú 1932</texto></diapo><diapo foto="CS_09_04_REC90_IMG04.jpg" ><texto type="Verdana" size="44" style="Normal" color="White" align="LeftTop" effect="normal" >Alfonso López#Pumarejo#(1934 - 1938) y#(1942 - 1946)</texto></diapo><diapo foto="CS_09_04_REC90_IMG05.jpg" ><texto type="Arial" size="48" style="Normal" color="Black" align="CenterTop" effect="normal" >Ciudad universitaria construida en#el segundo gobierno del A. López </texto></diapo><diapo foto="CS_09_04_REC90_IMG06.jpg" ><texto type="Verdana" size="44" style="Normal" color="White" align="LeftTop" effect="normal" >Eduardo Santos#(1938 - 1942)</texto></diapo></diaporama>