<?xml version="1.0" encoding="UTF-8"?>
<engine title="Elaboración de proyecciones demográficas" copy="Editorial Planeta" version="1" aprid="F13">
  <section title="Presentación" path="medias/section0.jpg" image1Text="" zoom1="false" zoom2a="false" zoom2b="false" layout="0"><![CDATA[<TextFlow><p><span>En la actualidad, viven en la Tierra cerca de 7 mil millones de personas, aunque esta población no se distribuye de forma homogénea por el planeta. Además, no todo el mundo tiene el mismo acceso a los recursos y los índices de riqueza, que, entre otros factores, son muy diferentes según los países.</span></p><p><span></span></p><p><span>A lo largo del último siglo la población mundial ha crecido de forma espectacular. Esto hace que los gobiernos deban recurrir a los demógrafos, quienes, entre otras tareas, realizan proyecciones demográficas para saber cuál será la población aproximada de un territorio determinado con base en los datos con los que ya cuentan.</span></p><p><span></span></p><p><span fontSize="12" fontWeight="bold">El objetivo de esta práctica es realizar una sencilla proyección demográfica de distintos países y presentarla en forma de gráfico lineal.</span></p><p><span></span></p><p><span>Pero antes de iniciar la actividad, te recomendamos que hagas un breve repaso a los conceptos clave que debes tener claros:</span></p><p><span></span></p><p paragraphStartIndent="20" styleName="bullet"><span>¿Qué es la natalidad? ¿Y la mortalidad?</span></p><p paragraphStartIndent="20" styleName="bullet"><span>¿Cómo se calcula la tasa de natalidad? ¿Y la tasa de mortalidad?</span></p><p paragraphStartIndent="20" styleName="bullet"><span>¿Cuántos hijos debe tener una mujer para asegurar el relevo generacional?</span></p><p paragraphStartIndent="20" styleName="bullet"><span>¿Qué sociedades presentan un índice de natalidad mayor? ¿Y cuáles un índice menor?</span></p><p paragraphStartIndent="20" styleName="bullet"><span>¿Para qué sirve una proyección demográfica?</span></p><p><span></span></p></TextFlow>]]></section>
  <section title="Tarea" path="medias/section1.jpg" image1Text="" zoom1="false" zoom2a="false" zoom2b="false" layout="1"><![CDATA[<TextFlow><p><span>Para realizar la práctica necesitarás el siguiente material y deberás seguir el procedimiento indicado más abajo. </span></p><p><span></span></p><p><span fontSize="12" fontWeight="bold">Material:</span></p><p><span></span></p><p paragraphStartIndent="20" styleName="bullet"><span>Una hoja de cálculo.</span></p><p paragraphStartIndent="20" styleName="bullet"><span>Los datos de la siguiente tabla:</span></p><p><span></span></p><p><span fontSize="12" fontWeight="bold" textDecoration="underline">PAÍS 1</span><span color="#ffffff" fontSize="12">__</span><span fontSize="12" fontWeight="bold" textDecoration="underline">POBLACIÓN</span><span color="#ffffff" fontSize="12">__</span><span fontSize="12" fontWeight="bold" textDecoration="underline">NATALIDAD</span><span color="#ffffff" fontSize="12">__</span><span fontSize="12" fontWeight="bold" textDecoration="underline">MORTALIDAD</span></p><p><span></span></p><p><span>1900</span><span color="#ffffff" fontSize="12">_____</span><span>20.570.000</span><span color="#ffffff" fontSize="12">____1.</span><span>756.500</span><span color="#ffffff" fontSize="12">____..</span><span>523.000</span></p><p><span>1950</span><span color="#ffffff" fontSize="12">_____</span><span>33.640.000</span><span color="#ffffff" fontSize="12">____1.</span><span>588.000</span><span color="#ffffff" fontSize="12">____..</span><span>475.500</span></p><p><span>2000</span><span color="#ffffff" fontSize="12">_____</span><span>38.525.000</span><span color="#ffffff" fontSize="12">____1.</span><span>220.500</span><span color="#ffffff" fontSize="12">____..</span><span>219.000</span></p><p><span>2050</span><span color="#ffffff" fontSize="12">________</span><span>¿?</span><span color="#ffffff" fontSize="12">___________</span><span>¿?</span><span color="#ffffff" fontSize="12">___________</span><span>¿?</span></p><p><span></span></p><p><span fontSize="12" fontWeight="bold" textDecoration="underline">PAÍS 2</span><span color="#ffffff" fontSize="12">__</span><span fontSize="12" fontWeight="bold" textDecoration="underline">POBLACIÓN</span><span color="#ffffff" fontSize="12">__</span><span fontSize="12" fontWeight="bold" textDecoration="underline">NATALIDAD</span><span color="#ffffff" fontSize="12">__</span><span fontSize="12" fontWeight="bold" textDecoration="underline">MORTALIDAD</span></p><p><span></span></p><p><span>1900</span><span color="#ffffff" fontSize="12">_____</span><span>1.657.500</span><span color="#ffffff" fontSize="12">_____1.</span><span>302.500</span><span color="#ffffff" fontSize="12">____..</span><span>309.000</span></p><p><span>1950</span><span color="#ffffff" fontSize="12">_____</span><span>2.323.000</span><span color="#ffffff" fontSize="12">_____1.</span><span>253.000</span><span color="#ffffff" fontSize="12">____..</span><span>254.500</span></p><p><span>2000</span><span color="#ffffff" fontSize="12">_____</span><span>2.600.500</span><span color="#ffffff" fontSize="12">___-_1.</span><span>188.500</span><span color="#ffffff" fontSize="12">____..</span><span>186.500</span></p><p><span>2050</span><span color="#ffffff" fontSize="12">________</span><span>¿?</span><span color="#ffffff" fontSize="12">___________</span><span>¿?</span><span color="#ffffff" fontSize="12">___________</span><span>¿?</span></p><p><span></span></p><p><span fontSize="12" fontWeight="bold" textDecoration="underline">PAÍS 3</span><span color="#ffffff" fontSize="12">__</span><span fontSize="12" fontWeight="bold" textDecoration="underline">POBLACIÓN</span><span color="#ffffff" fontSize="12">__</span><span fontSize="12" fontWeight="bold" textDecoration="underline">NATALIDAD</span><span color="#ffffff" fontSize="12">__</span><span fontSize="12" fontWeight="bold" textDecoration="underline">MORTALIDAD</span></p><p><span></span></p><p><span>1900</span><span color="#ffffff" fontSize="12">_____</span><span>50.029.000</span><span color="#ffffff" fontSize="12">___1.</span><span>997.500</span><span color="#ffffff" fontSize="12">____</span><span>1.020.500</span></p><p><span>1950</span><span color="#ffffff" fontSize="12">_____</span><span>50.423.500</span><span color="#ffffff" fontSize="12">___1.</span><span>956.000</span><span color="#ffffff" fontSize="12">____1.</span><span>977.500</span></p><p><span>2000</span><span color="#ffffff" fontSize="12">_____</span><span>76.572.000</span><span color="#ffffff" fontSize="12">___</span><span>1.200.700</span><span color="#ffffff" fontSize="12">____</span><span>1.235.000</span></p><p><span>2050</span><span color="#ffffff" fontSize="12">________</span><span>¿?</span><span color="#ffffff" fontSize="12">___________</span><span>¿?</span><span color="#ffffff" fontSize="12">___________</span><span>¿?</span></p><p><span></span></p><p><span fontSize="12" fontWeight="bold">Procedimiento:</span></p><p><span></span></p><p><span>1º. Lee con detenimiento los datos de la tabla. Comprueba que entiendes todo y sabes a qué hace referencia cada uno.</span></p><p><span></span></p><p><span>2º. Calcula, en función a la evolución experimentada en los años previos, qué promedio aumentará o disminuirá la población el próximo medio siglo.</span></p><p><span></span></p><p><span>3.º Introduce los datos en una hoja de cálculo para poder crear tres gráficos lineales (uno por país).</span></p><p><span></span></p><p><span>4º. Selecciona la línea de población para convertirla en columnas. Con ello obtendrás un gráfico mixto.</span></p><p><span></span></p><p><span>5.º Haz clic sobre las líneas de natalidad y mortalidad con el botón derecho del ratón y selecciona la opción “Dar formato a la serie de datos...”. Una vez hecho esto, selecciona “Eje secundario” en “Opciones de serie”.</span></p><p><span></span></p><p><span>6.º Selecciona el eje secundario que acabas de crear y con el botón de la derecha haz clic en “Dar formato a eje…”. A continuación, modifica los valores del eje para que estos se ajusten a la unidad idónea (millares, decenas de millar, etc.). Luego identifica los ejes de ordenadas. Puedes hacerlo mediante la opción “Rótulos del eje”, en la pestaña “Presentación”.</span></p><p><span></span></p><p><span>7.º No olvides insertar el título del gráfico ni la leyenda.</span></p><p><span></span></p><p><span>Para acabar, haz una reflexión sobre esta estimación que has hecho y contesta a estas preguntas:</span></p><p><span></span></p><p paragraphStartIndent="20" styleName="bullet"><span>¿Crees que la tendencia observada se mantendrá?</span></p><p paragraphStartIndent="20" styleName="bullet"><span>¿Cuáles crees que son los motivos que explican esta tendencia?</span></p><p paragraphStartIndent="20" styleName="bullet"><span>¿Qué relación observas entre natalidad y mortalidad?</span></p><p paragraphStartIndent="20" styleName="bullet"><span>Si los valores de la natalidad son inferiores a la mortalidad, ¿cuál será la evolución del crecimiento natural a corto y medio plazo?</span></p><p paragraphStartIndent="20" styleName="bullet"><span>¿Qué otros factores consideras necesarios estudiar para analizar la evolución de la población en los próximos años?</span></p><p><span></span></p><p><span>Ahora, puedes utilizar datos reales como los que encontrarás en la web del </span><a href="http://www.ine.es" target="_blank"><span>Instituto Nacional de Estadística (INE)</span></a><span>. Recuerda que para que tu proyección sea lo más ajustada posible, también deberías tener en cuenta otros factores, como la fecundidad o los movimientos migratorios.</span></p><p><span></span></p></TextFlow>]]></section>
</engine>
