<?xml version="1.0" encoding="UTF-8"?>
<engine title="Análisis del clima" copy="Editorial Planeta" version="1" aprid="F13">
  <section title="Presentación" zoom1="false" zoom2a="false" zoom2b="false" layout="2"><![CDATA[<TextFlow><p textAlign="center"><img fontSize="12" height="171" width="551" source="medias/0.swf"/><span fontSize="12"></span></p><p textAlign="center"><span fontSize="20">¿Cuál es el clima de nuestro territorio y cómo nos influye?</span></p></TextFlow>]]></section>
  <section title="Conceptos" path="medias/section1.jpg" image1Text="&lt;TextFlow&gt;&lt;p&gt;&lt;span&gt;Bosque de pinos sobre el mar en Grecia.&lt;/span&gt;&lt;/p&gt;&lt;/TextFlow&gt;" zoom1="true" zoom2a="true" zoom2b="true" layout="1"><![CDATA[<TextFlow><p><span>Antes de comenzar a preparar y diseñar el proyecto es importante que repaséis algunos de los conceptos que ya habéis visto en clase y que os resultarán útiles a la hora de realizar el trabajo: </span></p><p><span></span></p><p><span fontSize="12" fontWeight="bold">Meteorología:</span></p><p><span></span></p><p paragraphStartIndent="20" styleName="bullet"><span>clima</span></p><p paragraphStartIndent="20" styleName="bullet"><span>tiempo</span></p><p paragraphStartIndent="20" styleName="bullet"><span>altitud</span></p><p paragraphStartIndent="20" styleName="bullet"><span>latitud</span></p><p paragraphStartIndent="20" styleName="bullet"><span>presión atmosférica – isobaras</span></p><p><span></span></p><p><span fontSize="12" fontWeight="bold">Instrumentos meteorológicos:</span></p><p><span></span></p><p paragraphStartIndent="20" styleName="bullet"><span>barómetro</span></p><p paragraphStartIndent="20" styleName="bullet"><span>anemómetro</span></p><p paragraphStartIndent="20" styleName="bullet"><span>higrómetro</span></p><p paragraphStartIndent="20" styleName="bullet"><span>pluviómetro</span></p><p paragraphStartIndent="20" styleName="bullet"><span>mapas meteorológicos</span></p><p paragraphStartIndent="20" styleName="bullet"><span>climogramas</span></p><p><span></span></p><p><span fontSize="12" fontWeight="bold">Cambio climático:</span></p><p><span></span></p><p paragraphStartIndent="20" styleName="bullet"><span>efecto invernadero</span></p><p paragraphStartIndent="20" styleName="bullet"><span>calentamiento global</span></p><p paragraphStartIndent="20" styleName="bullet"><span>deshielo</span></p></TextFlow>]]></section>
  <section title="Objetivos " path="medias/section2.jpg" image1Text="" zoom1="false" zoom2a="false" zoom2b="false" layout="1"><![CDATA[<TextFlow><p><span fontSize="12" fontWeight="bold">Objetivo</span><span>: conocer el clima de vuestro territorio a partir de mapas climáticos y entender las actividades </span><span fontSize="12">económicas</span><span> y sociales que se desarrollan condicionadas por este clima.</span></p><p><span fontSize="12" fontWeight="bold"></span></p><p><span fontSize="12" fontWeight="bold">Organización</span><span>: grupos de un máximo de cuatro personas.</span></p><p><span fontSize="12" fontWeight="bold"></span></p><p><span fontSize="12" fontWeight="bold">Presentación</span><span>: presentación de un trabajo escrito en el que se incluyan los mapas empleados.</span></p><p><span fontSize="12" fontWeight="bold"></span></p><p><span fontSize="12" fontWeight="bold">Plazo</span><span>: dos semanas.</span></p><p><span></span></p><p><span fontSize="12" fontWeight="bold">Punto de partida</span><span>: para poder responder a la pregunta inicial del proyecto, pensad en qué tipo de mapa necesitáis para saber en qué región climática mundial y/o peninsular se encuentra vuestro territorio y debatid con el grupo dónde debéis buscar estos mapas y qué tipo de información adicional necesitaréis para leerlos e interpretarlos. Además, necesitaréis buscar información sobre las actividades que se desarrollan en vuestro territorio, la vegetación, la localización de los centros urbanos, etc. para poder alcanzar la respuesta sobre si existe una relación directa entre clima-tiempo y estos aspectos de la sociedad. </span></p><p><span></span></p><p><span>Haced una lluvia de ideas en la que os formuléis preguntas concisas para que os ayuden a alcanzar el objetivo de vuestra investigación. Por ejemplo:</span></p><p><span></span></p><p paragraphStartIndent="20" styleName="bullet"><span>¿Cómo es el clima de nuestro territorio: húmedo, seco…?</span></p><p paragraphStartIndent="20" styleName="bullet"><span>¿Cómo es la vegetación: frondosa, escasa…?</span></p><p paragraphStartIndent="20" styleName="bullet"><span>¿Se desarrollan actividades primarias de explotación forestal?</span></p><p paragraphStartIndent="20" styleName="bullet"><span>¿Cuál es el volumen de población del territorio?</span></p><p><span></span></p><p><span>Al final, intentad ofrecer una respuesta previa a la pregunta del proyecto. La investigación os ayudará a averiguar si estabais en lo cierto o no. </span></p></TextFlow>]]></section>
  <section title="Planificación" path2a="medias/2a_section3.jpg" image2aText="&lt;TextFlow&gt;&lt;p&gt;&lt;span&gt;Ejemplo de tabla que os ayudará a realizar la planificación.&lt;/span&gt;&lt;/p&gt;&lt;/TextFlow&gt;" path2b="medias/2b_section3.jpg" image2bText="&lt;TextFlow&gt;&lt;p&gt;&lt;span&gt;Ejemplo de planificación que os puede ayudar a organizar el proyecto.&lt;/span&gt;&lt;/p&gt;&lt;/TextFlow&gt;" zoom1="true" zoom2a="true" zoom2b="true" layout="4"><![CDATA[<TextFlow><p><span>Para realizar la práctica, os proponemos comenzar por organizar el trabajo. Para ello os sugerimos seguir estos pasos:</span></p><p><span></span></p><p><span>1.º Identificar el </span><span fontSize="12" fontWeight="bold">objetivo</span><span> del proyecto.</span></p><p><span></span></p><p><span>2.º Listar las </span><span fontSize="12" fontWeight="bold">tareas</span><span> que debéis completar a lo largo del proyecto.</span></p><p><span></span></p><p><span>3.º Definir </span><span fontSize="12" fontWeight="bold">quién</span><span> (o quiénes) va realizar cada una de las tareas o actividades que deben desarrollarse para llegar al objetivo.</span></p><p><span></span></p><p><span>4.º Establecer el </span><span fontSize="12" fontWeight="bold">tiempo</span><span> que deberéis dedicar a cada tarea.</span></p><p><span></span></p><p><span>5.º Anotar </span><span fontSize="12" fontWeight="bold">cuándo</span><span> y </span><span fontSize="12" fontWeight="bold">cómo</span><span> se pondrá en común el trabajo realizado por los miembros del grupo y se preparará la presentación escrita.</span></p><p><span></span></p><p><span>Cuando queremos planificar cualquier tarea, puede resultar de ayuda utilizar una tabla o una hoja de cálculo en la que concretemos, por ejemplo, quién forma el grupo, de qué tarea se hace cargo cada persona, cuánto tiempo le vamos a dedicar a cada una de las tareas, cuándo tenemos que hacer la presentación del proyecto, etc. </span></p><p><span></span></p><p><span>En la primera imagen adjunta podéis observar un ejemplo de estructura de esta tabla que os ayudará a orientar vuestra planificación.</span></p><p><span></span></p><p><span>En la segunda imagen podéis observar un ejemplo de planificación de un proyecto similar que os puede ser de ayuda.</span></p></TextFlow>]]></section>
  <section title="Investigación" path="medias/section4.jpg" image1Text="" zoom1="false" zoom2a="false" zoom2b="false" layout="1"><![CDATA[<TextFlow><p><span>A la hora de realizar vuestra investigación, es importante que penséis y discutáis sobre qué recursos y fuentes de información pueden resultar útiles. Os recomendamos: </span></p><p><span></span></p><p paragraphStartIndent="20" styleName="bullet"><span>Consultar publicaciones de diferentes fuentes: bibliográficas, archivos históricos, hemerotecas o electrónicas.</span></p><p paragraphStartIndent="20" styleName="bullet"><span>Acudid a lugares donde se almacenen planos, mapas y documentos cartográficos sobre vuestro territorio, como hemerotecas o cartotecas.</span></p><p paragraphStartIndent="20" styleName="bullet"><span>Contrastar con varias fuentes la información que utilicéis: no dar por buena una información si no es de una institución pública o privada de reconocido prestigio (Gran Enciclopedia Planeta, etc.)</span></p><p paragraphStartIndent="20" styleName="bullet"><span>Utilizar solo la información que sea útil y descartar aquella que no aporte nada para alcanzar el objetivo de la investigación.</span></p><p paragraphStartIndent="20" styleName="bullet"><span>Elaborar una lista con las fuentes consultadas (bibliografía: listado de libros consultados, webs, etc.)</span></p><p paragraphStartIndent="20" styleName="bullet"><span>Resumir con vuestras palabras la información obtenida. </span></p><p><span></span></p><p><span fontSize="12" fontWeight="bold">¡Atención!</span><span> No debéis copiar y utilizar el material que encontréis como si fuera vuestro: debéis elaborar las ideas y recogerlo con vuestras propias palabras. Cuando recuperéis palabras de forma literal de un texto, este debe ir entrecomillado.</span></p></TextFlow>]]></section>
  <section title="Análisis" path="medias/section5.jpg" image1Text="" zoom1="false" zoom2a="false" zoom2b="false" layout="1"><![CDATA[<TextFlow><p><span>A partir de la información que habéis recopilado, debéis presentar un trabajo escrito sobre cómo nos afecta el clima de nuestro territorio que sintetice la siguiente información:</span></p><p><span></span></p><p paragraphStartIndent="20" styleName="bullet"><span>Localización de las principales concentraciones urbanas y si están en las zonas más frías o cálidas.</span></p><p paragraphStartIndent="20" styleName="bullet"><span>Mapas ilustrativos de lo que se explica, que contengan las leyendas necesarias para poder comprenderlos.</span></p><p paragraphStartIndent="20" styleName="bullet"><span>Tradiciones relacionadas con algún fenómeno meteorológico.</span></p><p paragraphStartIndent="20" styleName="bullet"><span>Detección de actividades económicas específicas en el territorio.</span></p><p paragraphStartIndent="20" styleName="bullet"><span>Explicación de las relaciones directas e indirectas que existen entre el clima y el desarrollo de la vida humana en vuestro territorio.</span></p></TextFlow>]]></section>
  <section title="Síntesis" path="medias/section6.jpg" image1Text="" zoom1="false" zoom2a="false" zoom2b="false" layout="1"><![CDATA[<TextFlow><p><span>A partir de la investigación realizada, habéis obtenido una información que os ha permitido elaborar una </span><span fontSize="12" fontWeight="bold">presentación escrita</span><span>. Esto os debe servir como base para elaborar vuestras conclusiones. Para ello, pueden resultaros de ayuda los mapas y tratar de responder a preguntas como:</span></p><p><span></span></p><p paragraphStartIndent="20" styleName="bullet"><span>¿Existe relación entre la vegetación de nuestro territorio y el clima?</span></p><p paragraphStartIndent="20" styleName="bullet"><span>¿Cómo varía el tiempo de una estación a otra y cómo repercute en el comportamiento de la gente y en sus actividades?</span></p><p paragraphStartIndent="20" styleName="bullet"><span>¿Existe alguna actividad económica que dependa directamente del tiempo y del clima? ¿Cuál?</span></p><p paragraphStartIndent="20" styleName="bullet"><span>¿El clima del territorio en el que vives se corresponde con las características que suelen definirse en los libros?</span></p><p><span></span></p><p><span>Para preparar vuestra presentación, en la tendréis que detallar los pasos seguidos en la investigación y plasmar los resultados, el análisis y las conclusiones a las que habéis llegado, debería seguirse la siguiente organización:</span></p><p><span></span></p><p paragraphStartIndent="20" styleName="bullet"><span>portada</span></p><p paragraphStartIndent="20" styleName="bullet"><span>índice</span></p><p paragraphStartIndent="20" styleName="bullet"><span>introducción</span></p><p paragraphStartIndent="20" styleName="bullet"><span>desarrollo</span></p><p paragraphStartIndent="20" styleName="bullet"><span>conclusiones</span></p><p paragraphStartIndent="20" styleName="bullet"><span>bibliografía</span></p><p><span></span></p><p><span fontSize="12" fontWeight="bold">¡Atención! </span><span>Recordad que debéis incluir los mapas que habéis elaborado. Además, podéis utilizar imágenes y esquemas si ayuda a comprender mejor la explicación. Debéis corregir las faltas de ortografía antes de entregar vuestro trabajo.</span></p></TextFlow>]]></section>
  <section title="Evaluación" zoom1="false" zoom2a="false" zoom2b="false" layout="2"><![CDATA[<TextFlow><p><span>Al acabar, podéis autoevaluaros vosotros mismos para comprobar qué tareas habéis hecho mejor o peor y si el proyecto se ha realizado correctamente.</span></p><p><span></span></p><p><span fontSize="12" fontStyle="italic">Valorad de 1 a 5, siendo 1 muy mal y 5 muy bien. </span></p><p><span></span></p><p><span></span></p><p><span fontSize="12" fontWeight="bold">ÍTEMS DE VALORACIÓN<tab/></span></p><p><span fontSize="12">________________________________________________________________________<tab/><tab/><tab/><tab/><tab/><tab/></span></p><p><span fontSize="12" fontWeight="bold"><tab/><tab/><tab/><tab/><tab/><tab/><tab/>1<tab/>2<tab/>3<tab/>4<tab/>5</span><span><tab/></span></p><p><span fontSize="12" fontWeight="bold">Objetivos</span><span><tab/><tab/><tab/><tab/></span></p><p><span fontSize="12" fontWeight="bold">· </span><span>Has comprendido el objetivo del proyecto.<tab/><tab/><tab/><tab/><tab/><tab/><tab/></span></p><p><span fontSize="12" fontWeight="bold">· </span><span>Has participado activamente en la lluvia</span></p><p><span color="#ffffff" fontSize="12" fontWeight="bold">· </span><span>de ideas.<tab/><tab/><tab/><tab/><tab/><tab/></span></p><p><span fontSize="12" fontWeight="bold">· </span><span>Has propuesto preguntas que os hayan</span></p><p><span color="#ffffff" fontSize="12" fontWeight="bold">· </span><span>servido de guía.<tab/><tab/><tab/><tab/><tab/></span></p><p><span fontSize="12" fontWeight="bold">· </span><span>Has previsto aspectos que después habéis</span></p><p><span color="#ffffff" fontSize="12" fontWeight="bold">· </span><span>necesitado para el desarrollo de la investigación.</span></p><p><span fontSize="12">________________________________________________________________________<tab/><tab/><tab/><tab/><tab/><tab/></span></p><p><span fontSize="12" fontWeight="bold"><tab/><tab/><tab/><tab/><tab/><tab/><tab/>1<tab/>2<tab/>3<tab/>4<tab/>5</span><span><tab/></span></p><p><span fontSize="12" fontWeight="bold">Planificación del proyecto<tab/></span><span><tab/><tab/><tab/><tab/><tab/><tab/><tab/><tab/></span></p><p><span fontSize="12" fontWeight="bold">·</span><span fontSize="12"> Has participado en la planificación del proyecto.</span></p><p><span fontSize="12" fontWeight="bold">·</span><span> Has contribuido en la distribución de tareas.</span></p><p><span fontSize="12" fontWeight="bold">·</span><span> Habéis calculado correctamente el tiempo</span></p><p><span color="#ffffff" fontSize="12" fontWeight="bold">· </span><span>necesario para desarrollar cada tarea.<tab/><tab/><tab/><tab/><tab/><tab/><tab/></span></p><p><span fontSize="12" fontWeight="bold">· </span><span fontSize="12">H</span><span>as desempeñado correctamente las tareas que </span></p><p><span color="#ffffff" fontSize="12" fontWeight="bold">· </span><span>te han sido asignadas.<tab/><tab/><tab/><tab/><tab/><tab/><tab/><tab/></span></p><p><span fontSize="12" fontWeight="bold">· </span><span>Habéis distribuido de forma equitativa las tareas</span></p><p><span color="#ffffff" fontSize="12" fontWeight="bold">· </span><span>entre los miembros del grupo.</span></p><p><span fontSize="12" fontWeight="bold">· </span><span fontSize="12">Has realizado las tareas asignadas en el tiempo</span></p><p><span color="#ffffff" fontSize="12" fontWeight="bold">· </span><span fontSize="12">previsto.</span></p><p><span fontSize="12" fontWeight="bold">· </span><span fontSize="12">Todos los miembros del grupo han participado</span></p><p><span color="#ffffff" fontSize="12" fontWeight="bold">· </span><span fontSize="12">según lo previsto.</span></p><p><span fontSize="12">________________________________________________________________________<tab/><tab/><tab/><tab/><tab/><tab/></span></p><p><span fontSize="12" fontWeight="bold"><tab/><tab/><tab/><tab/><tab/><tab/><tab/>1<tab/>2<tab/>3<tab/>4<tab/>5</span><span><tab/></span></p><p><span fontSize="12" fontWeight="bold">Investigación<tab/></span><span><tab/><tab/><tab/><tab/><tab/></span></p><p><span fontSize="12" fontWeight="bold">· </span><span>Has propuesto fuentes de información en</span></p><p><span color="#ffffff" fontSize="12" fontWeight="bold">· </span><span>las que encontrar los datos que necesitabais.<tab/><tab/><tab/><tab/><tab/></span></p><p><span fontSize="12" fontWeight="bold">· </span><span fontSize="12">L</span><span>a metodología propuesta ha </span></p><p><span color="#ffffff" fontSize="12" fontWeight="bold">· </span><span>sido la adecuada para recabar la información</span></p><p><span color="#ffffff" fontSize="12" fontWeight="bold">· </span><span>que os hacía falta.<tab/><tab/><tab/><tab/><tab/></span></p><p><span fontSize="12" fontWeight="bold">· </span><span>Habéis valorado los criterios a seguir para </span></p><p><span color="#ffffff" fontSize="12" fontWeight="bold">· </span><span>seleccionar la información.</span></p><p><span fontSize="12" fontWeight="bold">· </span><span>Has participado activamente en la búsqueda</span></p><p><span color="#ffffff" fontSize="12" fontWeight="bold">· </span><span>de información.</span></p><p><span fontSize="12" fontWeight="bold">· </span><span fontSize="12">Has hecho uso de diferentes tipos de información </span></p><p><span color="#ffffff" fontSize="12" fontWeight="bold">· </span><span fontSize="12">(electrónica, bibliográfica,...)</span><span><tab/><tab/><tab/><tab/><tab/></span></p><p><span fontSize="12">________________________________________________________________________<tab/><tab/><tab/><tab/><tab/><tab/></span></p><p><span fontSize="12" fontWeight="bold"><tab/><tab/><tab/><tab/><tab/><tab/><tab/>1<tab/>2<tab/>3<tab/>4<tab/>5</span><span><tab/></span></p><p><span fontSize="12" fontWeight="bold">Análisis de la información<tab/></span><span><tab/><tab/><tab/><tab/><tab/></span></p><p><span fontSize="12" fontWeight="bold">· </span><span fontSize="12">Has sabido distinguir la información importante </span></p><p><span color="#ffffff" fontSize="12" fontWeight="bold">· </span><span fontSize="12">respecto a la superflua.<tab/></span><span><tab/><tab/><tab/><tab/><tab/></span></p><p><span fontSize="12" fontWeight="bold">· </span><span fontSize="12">Has ordenado todos los datos antes de analizarlos.</span></p><p><span fontSize="12" fontWeight="bold">· </span><span fontSize="12">Has sabido trasladar al escrito según</span></p><p><span color="#ffffff" fontSize="12" fontWeight="bold">· </span><span fontSize="12">se requería.</span></p><p><span fontSize="12">________________________________________________________________________<tab/><tab/><tab/><tab/><tab/><tab/></span></p><p><span fontSize="12" fontWeight="bold"><tab/><tab/><tab/><tab/><tab/><tab/><tab/>1<tab/>2<tab/>3<tab/>4<tab/>5</span><span><tab/></span></p><p><span fontSize="12" fontWeight="bold">Síntesis</span><span><tab/><tab/><tab/></span></p><p><span fontSize="12" fontWeight="bold">·</span><span fontSize="12"> Has dado respuesta a la pregunta principal</span></p><p><span color="#ffffff" fontSize="12" fontWeight="bold">· </span><span fontSize="12">del proyecto.</span></p><p><span fontSize="12" fontWeight="bold">·</span><span fontSize="12"> </span><span>Has sabido interpretar los datos.<tab/><tab/><tab/><tab/><tab/></span></p><p><span fontSize="12" fontWeight="bold">· </span><span>Has participado en la extracción de </span></p><p><span color="#ffffff" fontSize="12" fontWeight="bold">· </span><span>conclusiones.</span></p><p><span fontSize="12" fontWeight="bold">· </span><span>Has sabido estructurar la información</span></p><p><span color="#ffffff" fontSize="12" fontWeight="bold">· </span><span>correctamente en el escrito.<tab/><tab/><tab/><tab/><tab/></span></p><p><span fontSize="12" fontWeight="bold">· </span><span fontSize="12">Ha quedado clara la información expuesta.</span></p><p><span fontSize="12" fontWeight="bold">· </span><span fontSize="12">Has incorporado el contenido visual adecuado.</span></p><p><span fontSize="12" fontWeight="bold">· </span><span fontSize="12">Has sido creativo.<tab/></span></p><p><span fontSize="12">________________________________________________________________________<tab/><tab/><tab/><tab/><tab/><tab/></span></p><p><span fontSize="12" fontWeight="bold"><tab/><tab/><tab/><tab/><tab/><tab/><tab/>1<tab/>2<tab/>3<tab/>4<tab/>5</span><span><tab/></span></p><p><span fontSize="12" fontWeight="bold">VALORACIÓN GLOBAL</span></p><p><span fontSize="12" fontWeight="bold">·</span><span fontSize="12"> Del trabajo desarrollado.</span></p><p><span fontSize="12" fontWeight="bold">·</span><span fontSize="12"> De los documentos entregados.</span></p><p><span fontSize="12" fontWeight="bold">·</span><span fontSize="12"> Del trabajo en equipo.</span><span><tab/> <tab/><tab/><tab/><tab/></span></p><p><span fontSize="8"></span></p></TextFlow>]]></section>
</engine>
