﻿<?xml version="1.0" encoding="utf-8"?><motor tipo="101" clase="a" aprid="M101a">
  <plataforma>
    <grado><![CDATA[2]]></grado>
    <titulo>Refuerza tu aprendizaje: Las revoluciones liberales</titulo>
    <area>2</area>
    <nivel>2</nivel>
    <referencia><![CDATA[CS_10_02]]></referencia>
    <idreg><![CDATA[4410]]></idreg>
    <motor><![CDATA[M101AP]]></motor>
    <lang>es</lang>
  </plataforma>
  <enunciado><![CDATA[Realiza la actividad. Cuando termines, haz clic en Enviar para que tus respuestas lleguen al email de tu profesor y pueda validarlas. Si es necesario, entrégalas en una hoja aparte.]]></enunciado>
  <masinfo inicio="0"/>
  <calc><![CDATA[0]]></calc>
  <preguntas cantidad="5">
    <pregunta>
      <enunciado><![CDATA[Fíjate en la obra {{cur}}La Libertad guiando al pueblo{{normal}}, de Eugène Delacroix. Haz un breve comentario de la obra: qué figuras aparecen, qué representan, qué símbolos hay, etc. ]]></enunciado>
      <explicacion/>
      <nivel><![CDATA[1]]></nivel>
      <tipo/>
      <imagen><![CDATA[CS_10_02_T1_img1_small.jpg]]></imagen>
      <ampliacion><![CDATA[CS_10_02_T1_img1_zoom.jpg]]></ampliacion>
      <texto/>
    </pregunta>
    <pregunta>
      <enunciado><![CDATA[¿Cómo relacionas esta obra con lo ocurrido en las revoluciones liberales?]]></enunciado>
      <explicacion/>
      <nivel><![CDATA[3]]></nivel>
      <tipo/>
      <imagen/>
      <ampliacion/>
      <texto/>
    </pregunta>
    <pregunta>
      <enunciado><![CDATA[ Compara las revoluciones de 1820 y las de 1830.]]></enunciado>
      <explicacion/>
      <nivel><![CDATA[2]]></nivel>
      <tipo/>
      <imagen/>
      <ampliacion/>
      <texto/>
    </pregunta>
    <pregunta>
      <enunciado><![CDATA[Reflexiona sobre las revoluciones europeas de la primera mitad del siglo XIX. Explica si triunfaron o no y qué consecuencias tuvieron.]]></enunciado>
      <explicacion/>
      <nivel><![CDATA[2]]></nivel>
      <tipo/>
      <imagen/>
      <ampliacion/>
      <texto/>
    </pregunta>
    <pregunta>
      <enunciado><![CDATA[Busca información sobre las revoluciones de 1830 y explica por qué fracasaron en Italia.]]></enunciado>
      <explicacion/>
      <nivel><![CDATA[3]]></nivel>
      <tipo/>
      <imagen/>
      <ampliacion/>
      <texto/>
    </pregunta>
  </preguntas>
</motor>