﻿<?xml version="1.0" encoding="utf-8"?>
<engine copy="Editorial Planeta" version="1" aprid="f12">
  <main mode="f12" title="La expedición de Cristóbal Colón">
    <video>videoDummy.mp4</video>
  </main>
  <understanding title="Los viajes de exploración de Cristobal Colón" title2="Viajes de exploración" buttons="false" visible="true">
    <definition>
      <title>
      </title>
      <def><![CDATA[<p>Preguntas previas</p>

<p>&iquest;Cu&aacute;les son los retos de los viajes ultramarinos?</p>

<p>&iquest;Qu&eacute; caracter&iacute;sticas deber&iacute;an tener los tripulantes de estas campa&ntilde;as de exploraci&oacute;n?</p>

<p>&iquest;Qu&eacute; sentir&iacute;as si tuvieras que efectuar un viaje en el cual no tienes un rumbo claro, ni un tiempo definido de duraci&oacute;n?</p>

<p>&iquest;Ta habr&iacute;as enrolado en la tripulaci&oacute;n de Cristobla Col&oacute;n? &iquest;En cu&aacute;l de sus cuatro viajes lo habr&iacute;as hecho?</p>

<p></p>]]></def>
    </definition>
    <definition>
      <title>
      </title>
      <def><![CDATA[<p></p>

<p></p>]]></def>
    </definition>
  </understanding>
  <definitions title="La exploración del Atlántico" title2="Instrumentos y navíos " visible="true">
    <definition>
      <title>Portulanos</title>
      <def><![CDATA[Colecci&oacute;n de planos de varios puertos, encuadernada en forma de atlas. Prove&iacute;a informaci&oacute;n n&aacute;utica que facilitaba los viajes de exploraci&oacute;n.]]></def>
    </definition>
    <definition>
      <title>Nao</title>
      <def><![CDATA[Embarcaci&oacute;n grande de vela, en especial las antiguas con castillo de proa.]]></def>
    </definition>
    <definition>
      <title>Especia</title>
      <def><![CDATA[Sustancia o extracto vegetal que se a&ntilde;ade en poca cantidad a un alimento para darle m&aacute;s sabor o hacerlo m&aacute;s gustoso.]]></def>
    </definition>
    <definition>
      <title>Astrolabio</title>
      <def><![CDATA[Instrumento de navegaci&oacute;n usado para orientarse que permite determinar la altura de un astro y deducir&nbsp; seg&uacute;n esta, la hora y la latitud]]></def>
    </definition>
    <definition>
      <title>Recalar</title>
      <def><![CDATA[Llegar a un puerto que es su destino o a un punto de la costa que se propone reconocer.]]></def>
    </definition>
    <definition>
      <title>Carabela</title>
      <def><![CDATA[Embarcaci&oacute;n larga, angosta, muy ligera y manejable, con una sola cubierta, espol&oacute;n a proa, tres palos con velas latinas. Se utilizaba para la pesca, comercio y en expediciones de exploraci&oacute;n]]></def>
    </definition>
  </definitions>
  <reaserch title="Antecedentes y Motivaciones" title2="Viajes de Colón" buttons="true" visible="true">
    <definition>
      <title>Lo desconocido</title>
      <def><![CDATA[<p>&iquest;Cu&aacute;l fue la importancia de Enrique El navegante en la exploraci&oacute;n portuguesa de la costa occidental de &Aacute;frica?</p>

<p>Determina en qu&eacute; consisti&oacute; el sincretismo del origen de la nao portuguesa y su versatilidad en la navegaci&oacute;n en altamar</p>

<p>Indaga las caracter&iacute;sticas de las especias en relaci&oacute;n con sus usos diversos y su origen geogr&aacute;fico</p>

<p></p>]]></def>
    </definition>
    <definition>
      <title>Primer viaje</title>
      <def><![CDATA[<p>&iquest;Cu&aacute;l es la funci&oacute;n de las islas Canarias en la ejecuci&oacute;n del primer viaje de Cristobal Col&oacute;n?</p>

<p></p>

<p>&iquest;Cu&aacute;l fue la zona inicial de exploraci&oacute;n durante el primer viaje?</p>

<p></p>

<p></p>

<p>&iquest;Cu&aacute;les ser&iacute;an los retos que tuvo enfrentar el primer viaje de exploraci&oacute;n de Cristobal Col&oacute;n?</p>

<p></p>]]></def>
    </definition>
    <definition>
      <title>Segundo viaje</title>
      <def><![CDATA[<p>&iquest;Qu&eacute; es una factor&iacute;a?</p>

<p></p>

<p>&iquest;Por qu&eacute; se designa como &ldquo;descubrimiento&rdquo; la supuesta llegada de Col&oacute;n a las costas de Asia?</p>

<p></p>

<p>&iquest;C&oacute;mo establece Cristobal Col&oacute;n, al servicio de la corona de Castilla, el dominio de los nuevos territorios? &iquest;Por qu&eacute; insiste Col&oacute;n en la exploraci&oacute;n de las islas Antilas?</p>

<p></p>]]></def>
    </definition>
    <definition>
      <title>Tercer viaje</title>
      <def><![CDATA[<p>&iquest;Cu&aacute;les son las diferencias entre los objetivos del primer y segundo viaje respecto al tercero?</p>

<p></p>

<p>&iquest;Por qu&eacute; se presenta un levantamiento contra Cristobal Col&oacute;n? &iquest;Cu&aacute;les crees que hayan sido las causas de dicho levantamiento?</p>

<p>&iquest;Qu&eacute; dificultades revest&iacute;a el establecimiento de un poblamiento europeo en las islas del Caribe?</p>]]></def>
    </definition>
    <definition>
      <title>Cuarto viaje</title>
      <def><![CDATA[<p>&iquest;Cu&aacute;les son las razones que motivan a Cristobal Col&oacute;n a explorar insistentemente la zona del Caribe y las costas de la actual Am&eacute;rica Central?</p>

<p></p>

<p></p>

<p>&iquest;Cu&aacute;l es la impresi&oacute;n que te deja la figura de Cristobal Col&oacute;n?</p>

<p>&iquest;Crees que Col&oacute;n sab&iacute;a que no hab&iacute;a llegado a la China y Jap&oacute;n? Si - No, argumenta tu respuesta</p>

<p></p>]]></def>
    </definition>
  </reaserch>
  <activity title2="" visible="false" path="">
  </activity>
</engine>