﻿<?xml version="1.0" encoding="UTF-8"?><motor tipo="2" clase="a" aprid="M2a"><enunciado>Rellena los huecos con la palabra que corresponda.</enunciado><textoacategoria><cuestion><pregunta>El universo está formado por [*], que son conjuntos de gran tamaño constituidos por una cantidad variable de estrellas, planetas, polvo interestelar, gases y partículas. La nuestra es la Vía Láctea. 
El [*] está formado por ocho planetas principales y tres planetas enanos. Los planetas principales son: Mercurio, Venus, la Tierra, Júpiter, Marte, Saturno, Urano y Neptuno. Estos planetas giran alrededor del [*]. 
Las estrellas pueden agruparse en [*]. Una [*] es una estrella que explota y libera gran cantidad de energía. Dentro del universo también hay cometas, asteroides y satélites. Los [*] son cuerpos celestes que giran alrededor de un [*]. La [*] es el satélite de la Tierra.</pregunta><respuestas><respuesta orden="1">galaxias</respuesta><respuesta orden="2">sistema solar</respuesta><respuesta orden="3">Sol</respuesta><respuesta orden="4">constelaciones</respuesta><respuesta orden="5">supernova</respuesta><respuesta orden="6">satélites</respuesta><respuesta orden="7">planeta</respuesta><respuesta orden="8">Luna</respuesta></respuestas></cuestion></textoacategoria><plataforma><grado><![CDATA[2]]></grado><titulo>Completa un texto sobre el universo </titulo><volumen><![CDATA[1]]></volumen><nivel><![CDATA[2]]></nivel><referencia><![CDATA[mn_3c_01_02]]></referencia><id_reg><![CDATA[39]]></id_reg><motor><![CDATA[M2a]]></motor><lang>es</lang></plataforma></motor>