﻿<?xml version="1.0" encoding="utf-8"?><motor tipo="101" clase="a" aprid="M101a">
  <plataforma>
    <grado><![CDATA[1]]></grado>
    <titulo>Refuerza tu aprendizaje: El origen del universo</titulo>
    <area>1</area>
    <nivel>2</nivel>
    <referencia><![CDATA[MN_3C_01]]></referencia>
    <idreg><![CDATA[3701]]></idreg>
    <motor><![CDATA[M101A]]></motor>
    <lang>es</lang>
  </plataforma>
  <enunciado><![CDATA[Realiza la siguiente actividad. Cuando termines haz clic en Enviar. Si es necesario, entrega las respuestas por escrito o por email a tu docente para que pueda validarlas.]]></enunciado>
  <masinfo inicio="0"/>
  <calc><![CDATA[0]]></calc>
  <preguntas cantidad="3">
    <pregunta>
      <enunciado><![CDATA[Describe con tus palabras el origen del universo.]]></enunciado>
      <explicacion/>
      <nivel><![CDATA[1]]></nivel>
      <tipo/>
      <imagen/>
      <ampliacion/>
      <texto/>
    </pregunta>
    <pregunta>
      <enunciado><![CDATA[Explica cómo se crearon los planetas y otros cuerpos celestes según la teoría del Big Bang.]]></enunciado>
      <explicacion/>
      <nivel><![CDATA[1]]></nivel>
      <tipo/>
      <imagen/>
      <ampliacion/>
      <texto/>
    </pregunta>
    <pregunta>
      <enunciado><![CDATA[Determina cuándo será mayor el universo, dentro de 1 000 años o dentro de 1 millón de años. Argumenta tu respuesta.]]></enunciado>
      <explicacion/>
      <nivel><![CDATA[2]]></nivel>
      <tipo/>
      <imagen/>
      <ampliacion/>
      <texto/>
    </pregunta>
  </preguntas>
</motor>