<?xml version='1.0' encoding='UTF-8'?><engine copy="Editorial Planeta" version="1" aprid="f13" title="Estudio de la historia del pueblo judío" >
<section title="Presentación" path="" pathAmp="" image1Text="" zoom1="false" zoom2a="false" zoom2b="false" layout="2" >
<![CDATA[
<p><img alt="" src="data/imagenes/0.png" style="height:253px; width:820px" /></p>

<p style="text-align:center"><span style="font-size:28px"><span style="font-family:verdana,geneva,sans-serif">&iquest;Cu&aacute;l ha sido la evoluci&oacute;n del pueblo jud&iacute;o<br />
desde la muerte de Salom&oacute;n?</span></span></p>
]]></section>
<section title="Conceptos" path="section1.jpg" pathAmp="" image1Text="" zoom1="false" zoom2a="false" zoom2b="false" layout="1" >
<![CDATA[
<p>Antes de comenzar a preparar y dise&ntilde;ar el proyecto, es importante que repases algunos de los conceptos que ya has visto en clase y que te resultar&aacute;n &uacute;tiles a la hora de realizar el trabajo:</p>

<p><strong>Formas de gobierno:</strong></p>

<ul>
	<li>monarqu&iacute;a</li>
	<li>imperio</li>
	<li>fara&oacute;n</li>
</ul>

<p><strong>Religi&oacute;n:</strong></p>

<ul>
	<li>polite&iacute;smo</li>
	<li>monote&iacute;smo</li>
	<li>Yahv&eacute;</li>
	<li>cristianismo</li>
</ul>

<p><strong>Cultura:</strong></p>

<ul>
	<li>tipos de escritura</li>
	<li>sistemas de irrigaci&oacute;n</li>
	<li>matem&aacute;ticas</li>
	<li>astronom&iacute;a</li>
</ul>

<p>Para revisar los conceptos relativos a las formas de gobierno, la religi&oacute;n y la cultura de las primeras civilizaciones consulta la unidad <em>Civilizaciones de la Antigüedad</em> y <em>La historia</em> de este curso.</p>
]]></section>
<section title="Objetivos" path="CS_06_03_REC23_IMG03.jpg" pathAmp="" image1Text="" zoom1="false" zoom2a="false" zoom2b="false" layout="1" >
<![CDATA[
<p><strong>Objetivo:</strong> conocer cu&aacute;l ha sido la evoluci&oacute;n del pueblo jud&iacute;o desde la muerte de Salom&oacute;n y su territorio, Cana&aacute;n, hasta la actualidad.</p>

<p><strong>Organizaci&oacute;n:</strong> grupos de tres personas.</p>

<p><strong>Presentaci&oacute;n:</strong> entrega de un dossier que recoja la informaci&oacute;n b&aacute;sica analizada y un comentario de la pel&iacute;cula <em>La vida es bella </em>a partir de algunas escenas.</p>

<p><strong>Plazo:</strong> tres semanas.</p>

<p><strong>Punto de partida: </strong>para responder a la pregunta inicial y averiguar el desarrollo del pueblo jud&iacute;o hasta la actualidad, te proponemos conocer el origen del pueblo jud&iacute;o, sus rasgos culturales y los conflictos b&eacute;licos en torno a esta comunidad. Empieza comentando algunas pel&iacute;culas que hayas visto que tengan como protagonista el pueblo jud&iacute;o e intenta extraer algunas ideas. Piensa tambi&eacute;n qu&eacute; preguntas tendr&aacute;s que resolver durante la investigaci&oacute;n para alcanzar tu objetivo. Por ejemplo:</p>

<ul>
	<li>&iquest;Qu&eacute; es y qu&eacute; simboliza la estrella de David?</li>
	<li>&iquest;Cu&aacute;les son las celebraciones m&aacute;s importantes?</li>
</ul>
]]></section>
<section title="Planificación" path2a="2a_section3.jpg" path2b="2b_section3.jpg" path2aAmp="2a_section3_big.jpg" path2bAmp="2b_section3_big.jpg" image2aText="&lt;p&gt;Ejemplo de tabla que te ayudar&amp;aacute; a realizar la planificaci&amp;oacute;n.&lt;/p&gt; " image2bText="&lt;p&gt;Ejemplo de planificaci&amp;oacute;n que te puede ayudar a organizar el proyecto.&lt;/p&gt; " zoom1="true" zoom2a="true" zoom2b="true" layout="4" >
<![CDATA[
<p>Para realizar el ejercicio, te proponemos comenzar por organizar el trabajo. Para ello te sugerimos seguir los siguientes pasos:</p>

<p>1.&ordm; Identificar el <strong>objetivo</strong> del proyecto.</p>

<p>2.&ordm; Listar las <strong>tareas</strong> que debes completar a lo largo del proyecto.</p>

<p>3.&ordm; Definir <strong>qui&eacute;n</strong> (o qui&eacute;nes) va realizar cada una de las tareas o actividades que deben desarrollarse para llegar al objetivo.</p>

<p>4.&ordm; Establecer el <strong>tiempo</strong> que deber&aacute;s dedicar a cada tarea.</p>

<p>5.&ordm; Anotar <strong>cu&aacute;ndo</strong> y <strong>c&oacute;mo</strong> se pondr&aacute; en com&uacute;n el trabajo realizado por los miembros del grupo.</p>

<p>6.&ordm; Redactar el <strong>dossier</strong>.</p>

<p>7.&ordm; Buscar, visualizar y seleccionar los fragmentos de la <strong>pel&iacute;cula</strong><em> La vida es bella</em> de Roberto Benigni que ilustren la vida, tradici&oacute;n y cultura, as&iacute; como las persecuciones a las que se ha visto sometidas el pueblo jud&iacute;o.</p>

<p>Cuando queremos planificar cualquier tarea, puede resultar de ayuda utilizar una tabla o una hoja de c&aacute;lculo en la que concretemos, por ejemplo, qui&eacute;n forma el grupo, de qu&eacute; tarea se hace cargo cada persona, cu&aacute;nto tiempo le vamos a dedicar a cada una de las tareas, cu&aacute;ndo tenemos que hacer la presentaci&oacute;n del proyecto, etc.</p>

<p>En la primera imagen adjunta puedes observar un ejemplo de estructura de esta tabla que te ayudar&aacute; a orientar tu planificaci&oacute;n.</p>

<p>En la segunda imagen puedes observar un ejemplo de planificaci&oacute;n de un proyecto similar que te puede ser de ayuda.</p>
]]></section>
<section title="Investigación" path="CS_06_03_REC23_IMG02.jpg" pathAmp="" image1Text="" zoom1="false" zoom2a="false" zoom2b="false" layout="0" >
<![CDATA[
<p>De manera conjunta, entre todos los miembros del grupo, piensen y discutan qu&eacute; recursos pueden emplear para obtener la m&aacute;xima informaci&oacute;n posible. Necesitan recursos que permitan entender no solo el foco de origen y las primeras escisiones del pueblo jud&iacute;o, sino tambi&eacute;n la evoluci&oacute;n que tuvieron a lo largo de la historia. Recomendamos:</p>

<ul>
	<li>Averiguar el contexto general (social, pol&iacute;tico y econ&oacute;mico) para poder llegar a entender el porqu&eacute; de muchas luchas, enfrentamientos y peregrinaciones.</li>
	<li>Consultar publicaciones y p&aacute;ginas web fiables.</li>
	<li>Contrastar con varias fuentes la informaci&oacute;n que utilicen: no dar por buena una informaci&oacute;n si no es de una instituci&oacute;n p&uacute;blica (por ejemplo, Ministerio de Educaci&oacute;n, Instituto Nacional de Estad&iacute;stica, etc.) o privada de reconocido prestigio (Gran Enciclopedia Planeta, etc.)</li>
	<li>Utilizar solo la informaci&oacute;n que sea &uacute;til y descartar aquella que no aporte nada.</li>
	<li>Elaborar una lista con las fuentes consultadas (bibliograf&iacute;a: listado de libros consultados, webs, etc.)</li>
	<li>Resumir con sus palabras la informaci&oacute;n obtenida.</li>
</ul>

<p><strong>&iexcl;Atenci&oacute;n! </strong>No debes copiar y utilizar el material que encuentres como si fuera tuyo: debes elaborar las ideas y redactarlo con tus propias palabras. Cuando anotes palabras de forma literal de un texto, este debe ir entrecomillado.</p>
]]></section>
<section title="Análisis" path="CS_06_03_REC23_IMG01.jpg" pathAmp="" image1Text="" zoom1="false" zoom2a="false" zoom2b="false" layout="0" >
<![CDATA[
<p>A partir de toda la informaci&oacute;n que has recopilado, debes realizar un dossier sobre la <strong>evoluci&oacute;n del pueblo jud&iacute;o tras la muerte de Salom&oacute;n</strong>. Este deber&aacute; incluir la siguiente informaci&oacute;n:</p>

<ul>
	<li>Qui&eacute;nes son los jud&iacute;os y de d&oacute;nde toman su nombre.</li>
	<li>Qui&eacute;n era Salom&oacute;n y por qu&eacute; se relaciona con el juda&iacute;smo.</li>
	<li>En qu&eacute; se basaba la econom&iacute;a de los primeros hebreos antes de abandonar su tierra.</li>
	<li>Cu&aacute;l fue el motivo por el que los hebreos abandonaron sus tierras en el 2000 a.C.</li>
	<li>D&oacute;nde se encuentra la tierra prometida y qu&eacute; otros pueblos la habitan.</li>
	<li>Qu&eacute; persecuciones han sufrido los jud&iacute;os a lo largo de la historia.</li>
	<li>Cu&aacute;l es el problema actual en Palestina e Israel.</li>
</ul>

<p>Despu&eacute;s, prepara una exposici&oacute;n a partir de la visualizaci&oacute;n de fragmentos de la pel&iacute;cula <em>La vida es bella</em> de Alberto Benigni. Ord&eacute;nalos de modo que puedas tratar:</p>

<ul>
	<li>Las caracter&iacute;sticas culturales del pueblo jud&iacute;o.</li>
	<li>La vida del pueblo jud&iacute;o en los campos de concentraci&oacute;n y de exterminio.</li>
</ul>
]]></section>
<section title="Síntesis" path="CS_06_03_REC23_IMG04.jpg" pathAmp="" image1Text="" zoom1="false" zoom2a="false" zoom2b="false" layout="1" >
<![CDATA[
<p>A partir de la investigaci&oacute;n realizada, has obtenido una informaci&oacute;n que te permitir&aacute; elaborar un <strong>dossier</strong>. Este debe contener los siguientes apartados:</p>

<ul>
	<li>portada</li>
	<li>&iacute;ndice</li>
	<li>introducci&oacute;n</li>
	<li>desarrollo</li>
	<li>conclusiones</li>
	<li>bibliograf&iacute;a</li>
</ul>

<p>La &uacute;ltima fase del proyecto implica exponer delante de los otros compa&ntilde;eros la informaci&oacute;n que encontraste mediante la visualizaci&oacute;n de fragmentos de la pel&iacute;cula <em>La vida es bella</em>. Recuerda que debes incluir en el dossier un apartado en el que comentes la pel&iacute;cula en relaci&oacute;n con la informaci&oacute;n que recopilaste.</p>

<p><strong>&iexcl;Atenci&oacute;n! </strong>Debes corregir las faltas de ortograf&iacute;a antes de entregar tu trabajo.</p>
]]></section>
<section title="Evaluación" path="" pathAmp="" image1Text="" zoom1="false" zoom2a="false" zoom2b="false" layout="2" >
<![CDATA[
<p>Al acabar, pueden autoevaluarse para comprobar qu&eacute; tareas han hecho mejor o peor y si el proyecto se ha realizado correctamente.</p>

<p><em>Valora de 1 a 5, siendo 1 muy mal y 5 muy bien. </em></p>

<p><strong>&Iacute;TEMS DE VALORACI&Oacute;N&nbsp;&nbsp;&nbsp;&nbsp;&nbsp;&nbsp;&nbsp;&nbsp;&nbsp;&nbsp;&nbsp;</strong></p>

<p>________________________________________________________________________&nbsp;&nbsp;&nbsp;&nbsp;&nbsp;&nbsp;&nbsp;&nbsp;&nbsp;&nbsp;&nbsp;&nbsp;&nbsp;&nbsp;&nbsp;&nbsp;&nbsp;&nbsp;&nbsp;&nbsp;&nbsp;&nbsp;&nbsp;&nbsp;&nbsp;&nbsp;&nbsp;&nbsp;&nbsp;&nbsp;&nbsp;&nbsp;&nbsp;&nbsp;&nbsp;&nbsp;&nbsp;&nbsp;&nbsp;&nbsp;&nbsp;&nbsp;&nbsp;&nbsp;&nbsp;&nbsp;&nbsp;&nbsp;&nbsp;&nbsp;&nbsp;&nbsp;&nbsp;&nbsp;&nbsp;&nbsp;&nbsp;&nbsp;&nbsp;&nbsp;&nbsp;&nbsp;&nbsp;&nbsp;&nbsp;&nbsp;</p>

<p><strong>&nbsp;&nbsp;&nbsp;&nbsp;&nbsp;&nbsp;&nbsp;&nbsp;&nbsp;&nbsp;&nbsp;&nbsp;&nbsp;&nbsp;&nbsp;&nbsp;&nbsp;&nbsp;&nbsp;&nbsp;&nbsp;&nbsp;&nbsp;&nbsp;&nbsp;&nbsp;&nbsp;&nbsp;&nbsp;&nbsp;&nbsp;&nbsp;&nbsp;&nbsp;&nbsp;&nbsp;&nbsp;&nbsp;&nbsp;&nbsp;&nbsp;&nbsp;&nbsp;&nbsp;&nbsp;&nbsp;&nbsp;&nbsp;&nbsp;&nbsp;&nbsp;&nbsp;&nbsp;&nbsp;&nbsp;&nbsp;&nbsp;&nbsp;&nbsp;&nbsp;&nbsp;&nbsp;&nbsp;&nbsp;&nbsp;&nbsp;&nbsp;&nbsp;&nbsp;&nbsp;&nbsp;&nbsp;&nbsp;&nbsp;&nbsp;&nbsp;&nbsp;1&nbsp;&nbsp;&nbsp;&nbsp;&nbsp;&nbsp;&nbsp;&nbsp;&nbsp;&nbsp;&nbsp;2&nbsp;&nbsp;&nbsp;&nbsp;&nbsp;&nbsp;&nbsp;&nbsp;&nbsp;&nbsp;&nbsp;3&nbsp;&nbsp;&nbsp;&nbsp;&nbsp;&nbsp;&nbsp;&nbsp;&nbsp;&nbsp;&nbsp;4&nbsp;&nbsp;&nbsp;&nbsp;&nbsp;&nbsp;&nbsp;&nbsp;&nbsp;&nbsp;&nbsp;5</strong>&nbsp;&nbsp;&nbsp;&nbsp;&nbsp;&nbsp;&nbsp;&nbsp;&nbsp;&nbsp;&nbsp;</p>

<p><strong>Objetivos</strong>&nbsp;&nbsp;&nbsp;&nbsp;&nbsp;&nbsp;&nbsp;&nbsp;&nbsp;&nbsp;&nbsp;&nbsp;&nbsp;&nbsp;&nbsp;&nbsp;&nbsp;&nbsp;&nbsp;&nbsp;&nbsp;&nbsp;&nbsp;&nbsp;&nbsp;&nbsp;&nbsp;&nbsp;&nbsp;&nbsp;&nbsp;&nbsp;&nbsp;&nbsp;&nbsp;&nbsp;&nbsp;&nbsp;&nbsp;&nbsp;&nbsp;&nbsp;&nbsp;&nbsp;</p>

<p><strong>&middot; </strong>Has comprendido el objetivo del proyecto.</p>

<p><strong>&middot; </strong>Has participado activamente en la lluvia<strong><br />
&nbsp; </strong>de ideas.&nbsp;&nbsp;&nbsp;&nbsp;&nbsp;&nbsp;&nbsp;&nbsp;&nbsp;&nbsp;&nbsp;&nbsp;&nbsp;&nbsp;&nbsp;&nbsp;&nbsp;&nbsp;&nbsp;&nbsp;&nbsp;&nbsp;&nbsp;&nbsp;&nbsp;&nbsp;&nbsp;&nbsp;&nbsp;&nbsp;&nbsp;&nbsp;&nbsp;&nbsp;&nbsp;&nbsp;&nbsp;&nbsp;&nbsp;&nbsp;&nbsp;&nbsp;&nbsp;&nbsp;&nbsp;&nbsp;&nbsp;&nbsp;&nbsp;&nbsp;&nbsp;&nbsp;&nbsp;&nbsp;&nbsp;&nbsp;&nbsp;&nbsp;&nbsp;&nbsp;&nbsp;&nbsp;&nbsp;&nbsp;&nbsp;&nbsp;</p>

<p><strong>&middot; </strong>Has propuesto posibles hip&oacute;tesis.&nbsp;&nbsp;&nbsp;&nbsp;&nbsp;&nbsp;&nbsp;&nbsp;&nbsp;&nbsp;&nbsp;&nbsp;&nbsp;&nbsp;&nbsp;&nbsp;&nbsp;&nbsp;&nbsp;&nbsp;&nbsp;&nbsp;&nbsp;&nbsp;&nbsp;&nbsp;&nbsp;&nbsp;&nbsp;&nbsp;&nbsp;&nbsp;&nbsp;&nbsp;&nbsp;&nbsp;&nbsp;&nbsp;&nbsp;&nbsp;&nbsp;&nbsp;&nbsp;&nbsp;&nbsp;&nbsp;&nbsp;&nbsp;&nbsp;&nbsp;&nbsp;&nbsp;&nbsp;&nbsp;&nbsp;</p>

<p><strong>&middot; </strong>Has previsto aspectos que despu&eacute;s has<br />
<strong>&nbsp; </strong>necesitado para el desarrollo de la investigaci&oacute;n.</p>

<p>________________________________________________________________________&nbsp;&nbsp;&nbsp;&nbsp;&nbsp;&nbsp;&nbsp;&nbsp;&nbsp;&nbsp;&nbsp;&nbsp;&nbsp;&nbsp;&nbsp;&nbsp;&nbsp;&nbsp;&nbsp;&nbsp;&nbsp;&nbsp;&nbsp;&nbsp;&nbsp;&nbsp;&nbsp;&nbsp;&nbsp;&nbsp;&nbsp;&nbsp;&nbsp;&nbsp;&nbsp;&nbsp;&nbsp;&nbsp;&nbsp;&nbsp;&nbsp;&nbsp;&nbsp;&nbsp;&nbsp;&nbsp;&nbsp;&nbsp;&nbsp;&nbsp;&nbsp;&nbsp;&nbsp;&nbsp;&nbsp;&nbsp;&nbsp;&nbsp;&nbsp;&nbsp;&nbsp;&nbsp;&nbsp;&nbsp;&nbsp;&nbsp;</p>

<p><strong>&nbsp;&nbsp;&nbsp;&nbsp;&nbsp;&nbsp;&nbsp;&nbsp;&nbsp;&nbsp;&nbsp;&nbsp;&nbsp;&nbsp;&nbsp;&nbsp;&nbsp;&nbsp;&nbsp;&nbsp;&nbsp;&nbsp;&nbsp;&nbsp;&nbsp;&nbsp;&nbsp;&nbsp;&nbsp;&nbsp;&nbsp;&nbsp;&nbsp;&nbsp;&nbsp;&nbsp;&nbsp;&nbsp;&nbsp;&nbsp;&nbsp;&nbsp;&nbsp;&nbsp;&nbsp;&nbsp;&nbsp;&nbsp;&nbsp;&nbsp;&nbsp;&nbsp;&nbsp;&nbsp;&nbsp;&nbsp;&nbsp;&nbsp;&nbsp;&nbsp;&nbsp;&nbsp;&nbsp;&nbsp;&nbsp;&nbsp;&nbsp;&nbsp;&nbsp;&nbsp;&nbsp;&nbsp;&nbsp;&nbsp;&nbsp;&nbsp;&nbsp;1&nbsp;&nbsp;&nbsp;&nbsp;&nbsp;&nbsp;&nbsp;&nbsp;&nbsp;&nbsp;&nbsp;2&nbsp;&nbsp;&nbsp;&nbsp;&nbsp;&nbsp;&nbsp;&nbsp;&nbsp;&nbsp;&nbsp;3&nbsp;&nbsp;&nbsp;&nbsp;&nbsp;&nbsp;&nbsp;&nbsp;&nbsp;&nbsp;&nbsp;4&nbsp;&nbsp;&nbsp;&nbsp;&nbsp;&nbsp;&nbsp;&nbsp;&nbsp;&nbsp;&nbsp;5</strong>&nbsp;&nbsp;&nbsp;&nbsp;&nbsp;&nbsp;&nbsp;&nbsp;&nbsp;&nbsp;&nbsp;</p>

<p><strong>Planificaci&oacute;n del proyecto&nbsp;&nbsp;&nbsp;&nbsp;&nbsp;&nbsp;&nbsp;&nbsp;&nbsp;&nbsp;&nbsp;</strong>&nbsp;&nbsp;&nbsp;&nbsp;&nbsp;&nbsp;&nbsp;&nbsp;&nbsp;&nbsp;&nbsp;&nbsp;&nbsp;&nbsp;&nbsp;&nbsp;&nbsp;&nbsp;&nbsp;&nbsp;&nbsp;&nbsp;&nbsp;&nbsp;&nbsp;&nbsp;&nbsp;&nbsp;&nbsp;&nbsp;&nbsp;&nbsp;&nbsp;&nbsp;&nbsp;&nbsp;&nbsp;&nbsp;&nbsp;&nbsp;&nbsp;&nbsp;&nbsp;&nbsp;&nbsp;&nbsp;&nbsp;&nbsp;&nbsp;&nbsp;&nbsp;&nbsp;&nbsp;&nbsp;&nbsp;&nbsp;&nbsp;&nbsp;&nbsp;&nbsp;&nbsp;&nbsp;&nbsp;&nbsp;&nbsp;&nbsp;&nbsp;&nbsp;&nbsp;&nbsp;&nbsp;&nbsp;&nbsp;&nbsp;&nbsp;&nbsp;&nbsp;&nbsp;&nbsp;&nbsp;&nbsp;&nbsp;&nbsp;&nbsp;&nbsp;&nbsp;&nbsp;&nbsp;</p>

<p><strong>&middot;</strong> Has participado en la planificaci&oacute;n del proyecto.</p>

<p><strong>&middot;</strong> Has contribuido en la distribuci&oacute;n de tareas.</p>

<p><strong>&middot;</strong> Has calculado correctamente el tiempo<br />
<strong>&nbsp; </strong>necesario para desarrollar cada tarea.&nbsp;&nbsp;</p>

<p><strong>&middot; </strong>Has desempe&ntilde;ado correctamente las tareas que<br />
<strong>&nbsp; </strong>te han sido asignadas.&nbsp;&nbsp;&nbsp;&nbsp;&nbsp;&nbsp;&nbsp;&nbsp;&nbsp;&nbsp;&nbsp;&nbsp;&nbsp;&nbsp;&nbsp;&nbsp;</p>

<p><strong>&middot; </strong>Has distribuido de forma equitativa las tareas<br />
<strong>&nbsp; </strong>entre los miembros del grupo.</p>

<p><strong>&middot; </strong>Has realizado las tareas asignadas en<br />
&nbsp; el tiempo<strong> </strong>previsto.</p>

<p><strong>&middot; </strong>Todos los miembros del grupo han participado<br />
<strong>&nbsp; </strong>seg&uacute;n lo previsto.</p>

<p>________________________________________________________________________&nbsp;&nbsp;&nbsp;&nbsp;&nbsp;&nbsp;&nbsp;&nbsp;&nbsp;&nbsp;&nbsp;&nbsp;&nbsp;&nbsp;&nbsp;&nbsp;&nbsp;&nbsp;&nbsp;&nbsp;&nbsp;&nbsp;&nbsp;&nbsp;&nbsp;&nbsp;&nbsp;&nbsp;&nbsp;&nbsp;&nbsp;&nbsp;&nbsp;&nbsp;&nbsp;&nbsp;&nbsp;&nbsp;&nbsp;&nbsp;&nbsp;&nbsp;&nbsp;&nbsp;&nbsp;&nbsp;&nbsp;&nbsp;&nbsp;&nbsp;&nbsp;&nbsp;&nbsp;&nbsp;&nbsp;&nbsp;&nbsp;&nbsp;&nbsp;&nbsp;&nbsp;&nbsp;&nbsp;&nbsp;&nbsp;&nbsp;</p>

<p><strong>&nbsp;&nbsp;&nbsp;&nbsp;&nbsp;&nbsp;&nbsp;&nbsp;&nbsp;&nbsp;&nbsp;&nbsp;&nbsp;&nbsp;&nbsp;&nbsp;&nbsp;&nbsp;&nbsp;&nbsp;&nbsp;&nbsp;&nbsp;&nbsp;&nbsp;&nbsp;&nbsp;&nbsp;&nbsp;&nbsp;&nbsp;&nbsp;&nbsp;&nbsp;&nbsp;&nbsp;&nbsp;&nbsp;&nbsp;&nbsp;&nbsp;&nbsp;&nbsp;&nbsp;&nbsp;&nbsp;&nbsp;&nbsp;&nbsp;&nbsp;&nbsp;&nbsp;&nbsp;&nbsp;&nbsp;&nbsp;&nbsp;&nbsp;&nbsp;&nbsp;&nbsp;&nbsp;&nbsp;&nbsp;&nbsp;&nbsp;&nbsp;&nbsp;&nbsp;&nbsp;&nbsp;&nbsp;&nbsp;&nbsp;&nbsp;&nbsp;&nbsp;1&nbsp;&nbsp;&nbsp;&nbsp;&nbsp;&nbsp;&nbsp;&nbsp;&nbsp;&nbsp;&nbsp;2&nbsp;&nbsp;&nbsp;&nbsp;&nbsp;&nbsp;&nbsp;&nbsp;&nbsp;&nbsp;&nbsp;3&nbsp;&nbsp;&nbsp;&nbsp;&nbsp;&nbsp;&nbsp;&nbsp;&nbsp;&nbsp;&nbsp;4&nbsp;&nbsp;&nbsp;&nbsp;&nbsp;&nbsp;&nbsp;&nbsp;&nbsp;&nbsp;&nbsp;5</strong>&nbsp;&nbsp;&nbsp;&nbsp;&nbsp;&nbsp;&nbsp;&nbsp;&nbsp;&nbsp;&nbsp;</p>

<p><strong>Investigaci&oacute;n&nbsp;&nbsp;&nbsp;&nbsp;&nbsp;&nbsp;&nbsp;&nbsp;&nbsp;&nbsp;&nbsp;</strong>&nbsp;&nbsp;&nbsp;&nbsp;&nbsp;&nbsp;&nbsp;&nbsp;&nbsp;&nbsp;&nbsp;&nbsp;&nbsp;&nbsp;&nbsp;&nbsp;&nbsp;&nbsp;&nbsp;&nbsp;&nbsp;&nbsp;&nbsp;&nbsp;&nbsp;&nbsp;&nbsp;&nbsp;&nbsp;&nbsp;&nbsp;&nbsp;&nbsp;&nbsp;&nbsp;&nbsp;&nbsp;&nbsp;&nbsp;&nbsp;&nbsp;&nbsp;&nbsp;&nbsp;&nbsp;&nbsp;&nbsp;&nbsp;&nbsp;&nbsp;&nbsp;&nbsp;&nbsp;&nbsp;&nbsp;</p>

<p><strong>&middot; </strong>Has propuesto fuentes de informaci&oacute;n en<br />
<strong>&nbsp; </strong>las que encontrar los datos que necesitabas.&nbsp;&nbsp;&nbsp;&nbsp;</p>

<p><strong>&middot; </strong>La metodolog&iacute;a propuesta ha<strong> </strong>sido la adecuada<br />
&nbsp; para recabar la informaci&oacute;n<strong> </strong>que te hac&iacute;a falta.&nbsp;</p>

<p><strong>&middot; </strong>Has valorado los criterios para<br />
<strong>&nbsp; </strong>seleccionar la informaci&oacute;n.</p>

<p><strong>&middot; </strong>Has participado activamente en la b&uacute;squeda<br />
<strong>&nbsp; </strong>de informaci&oacute;n.</p>

<p><strong>&middot; </strong>Has hecho uso de diferentes tipos de informaci&oacute;n<br />
<strong>&nbsp; </strong>(electr&oacute;nica, cuestionarios, bibliogr&aacute;fica,...)&nbsp;&nbsp;&nbsp;&nbsp;&nbsp;&nbsp;&nbsp;</p>

<p>________________________________________________________________________&nbsp;&nbsp;&nbsp;&nbsp;&nbsp;&nbsp;&nbsp;&nbsp;&nbsp;&nbsp;&nbsp;&nbsp;&nbsp;&nbsp;&nbsp;&nbsp;&nbsp;&nbsp;&nbsp;&nbsp;&nbsp;&nbsp;&nbsp;&nbsp;&nbsp;&nbsp;&nbsp;&nbsp;&nbsp;&nbsp;&nbsp;&nbsp;&nbsp;&nbsp;&nbsp;&nbsp;&nbsp;&nbsp;&nbsp;&nbsp;&nbsp;&nbsp;&nbsp;&nbsp;&nbsp;&nbsp;&nbsp;&nbsp;&nbsp;&nbsp;&nbsp;&nbsp;&nbsp;&nbsp;&nbsp;&nbsp;&nbsp;&nbsp;&nbsp;&nbsp;&nbsp;&nbsp;&nbsp;&nbsp;&nbsp;&nbsp;</p>

<p><strong>&nbsp;&nbsp;&nbsp;&nbsp;&nbsp;&nbsp;&nbsp;&nbsp;&nbsp;&nbsp;&nbsp;&nbsp;&nbsp;&nbsp;&nbsp;&nbsp;&nbsp;&nbsp;&nbsp;&nbsp;&nbsp;&nbsp;&nbsp;&nbsp;&nbsp;&nbsp;&nbsp;&nbsp;&nbsp;&nbsp;&nbsp;&nbsp;&nbsp;&nbsp;&nbsp;&nbsp;&nbsp;&nbsp;&nbsp;&nbsp;&nbsp;&nbsp;&nbsp;&nbsp;&nbsp;&nbsp;&nbsp;&nbsp;&nbsp;&nbsp;&nbsp;&nbsp;&nbsp;&nbsp;&nbsp;&nbsp;&nbsp;&nbsp;&nbsp;&nbsp;&nbsp;&nbsp;&nbsp;&nbsp;&nbsp;&nbsp;&nbsp;&nbsp;&nbsp;&nbsp;&nbsp;&nbsp;&nbsp;&nbsp;&nbsp;&nbsp;&nbsp;1&nbsp;&nbsp;&nbsp;&nbsp;&nbsp;&nbsp;&nbsp;&nbsp;&nbsp;&nbsp;&nbsp;2&nbsp;&nbsp;&nbsp;&nbsp;&nbsp;&nbsp;&nbsp;&nbsp;&nbsp;&nbsp;&nbsp;3&nbsp;&nbsp;&nbsp;&nbsp;&nbsp;&nbsp;&nbsp;&nbsp;&nbsp;&nbsp;&nbsp;4&nbsp;&nbsp;&nbsp;&nbsp;&nbsp;&nbsp;&nbsp;&nbsp;&nbsp;&nbsp;&nbsp;5</strong>&nbsp;&nbsp;&nbsp;&nbsp;&nbsp;&nbsp;&nbsp;&nbsp;&nbsp;&nbsp;&nbsp;</p>

<p><strong>An&aacute;lisis de la informaci&oacute;n&nbsp;&nbsp;&nbsp;&nbsp;&nbsp;&nbsp;&nbsp;&nbsp;&nbsp;&nbsp;&nbsp;</strong>&nbsp;&nbsp;&nbsp;&nbsp;&nbsp;&nbsp;&nbsp;&nbsp;&nbsp;&nbsp;&nbsp;&nbsp;&nbsp;&nbsp;&nbsp;&nbsp;&nbsp;&nbsp;&nbsp;&nbsp;&nbsp;&nbsp;&nbsp;&nbsp;&nbsp;&nbsp;&nbsp;&nbsp;&nbsp;&nbsp;&nbsp;&nbsp;&nbsp;&nbsp;&nbsp;&nbsp;&nbsp;&nbsp;&nbsp;&nbsp;&nbsp;&nbsp;&nbsp;&nbsp;&nbsp;&nbsp;&nbsp;&nbsp;&nbsp;&nbsp;&nbsp;&nbsp;&nbsp;&nbsp;&nbsp;</p>

<p><strong>&middot; </strong>Has sabido distinguir la informaci&oacute;n importante<br />
<strong>&nbsp; </strong>respecto a la superflua.&nbsp;&nbsp;&nbsp;&nbsp;&nbsp;&nbsp;&nbsp;&nbsp;&nbsp;&nbsp;&nbsp;&nbsp;&nbsp;&nbsp;&nbsp;&nbsp;&nbsp;&nbsp;&nbsp;&nbsp;&nbsp;&nbsp;&nbsp;&nbsp;&nbsp;&nbsp;&nbsp;&nbsp;&nbsp;&nbsp;&nbsp;&nbsp;&nbsp;&nbsp;&nbsp;&nbsp;&nbsp;&nbsp;&nbsp;&nbsp;&nbsp;&nbsp;&nbsp;&nbsp;&nbsp;&nbsp;&nbsp;&nbsp;&nbsp;&nbsp;&nbsp;&nbsp;&nbsp;&nbsp;&nbsp;&nbsp;&nbsp;&nbsp;&nbsp;&nbsp;&nbsp;&nbsp;&nbsp;&nbsp;&nbsp;&nbsp;</p>

<p><strong>&middot; </strong>Has ordenado todos los datos antes de analizarlos.</p>

<p><strong>&middot; </strong>Has sabido trasladar los datos en la tabla seg&uacute;n<br />
<strong>&nbsp; </strong>se requer&iacute;a.</p>

<p>________________________________________________________________________&nbsp;&nbsp;&nbsp;&nbsp;&nbsp;&nbsp;&nbsp;&nbsp;&nbsp;&nbsp;&nbsp;&nbsp;&nbsp;&nbsp;&nbsp;&nbsp;&nbsp;&nbsp;&nbsp;&nbsp;&nbsp;&nbsp;&nbsp;&nbsp;&nbsp;&nbsp;&nbsp;&nbsp;&nbsp;&nbsp;&nbsp;&nbsp;&nbsp;&nbsp;&nbsp;&nbsp;&nbsp;&nbsp;&nbsp;&nbsp;&nbsp;&nbsp;&nbsp;&nbsp;&nbsp;&nbsp;&nbsp;&nbsp;&nbsp;&nbsp;&nbsp;&nbsp;&nbsp;&nbsp;&nbsp;&nbsp;&nbsp;&nbsp;&nbsp;&nbsp;&nbsp;&nbsp;&nbsp;&nbsp;&nbsp;&nbsp;</p>

<p><strong>&nbsp;&nbsp;&nbsp;&nbsp;&nbsp;&nbsp;&nbsp;&nbsp;&nbsp;&nbsp;&nbsp;&nbsp;&nbsp;&nbsp;&nbsp;&nbsp;&nbsp;&nbsp;&nbsp;&nbsp;&nbsp;&nbsp;&nbsp;&nbsp;&nbsp;&nbsp;&nbsp;&nbsp;&nbsp;&nbsp;&nbsp;&nbsp;&nbsp;&nbsp;&nbsp;&nbsp;&nbsp;&nbsp;&nbsp;&nbsp;&nbsp;&nbsp;&nbsp;&nbsp;&nbsp;&nbsp;&nbsp;&nbsp;&nbsp;&nbsp;&nbsp;&nbsp;&nbsp;&nbsp;&nbsp;&nbsp;&nbsp;&nbsp;&nbsp;&nbsp;&nbsp;&nbsp;&nbsp;&nbsp;&nbsp;&nbsp;&nbsp;&nbsp;&nbsp;&nbsp;&nbsp;&nbsp;&nbsp;&nbsp;&nbsp;&nbsp;&nbsp;1&nbsp;&nbsp;&nbsp;&nbsp;&nbsp;&nbsp;&nbsp;&nbsp;&nbsp;&nbsp;&nbsp;2&nbsp;&nbsp;&nbsp;&nbsp;&nbsp;&nbsp;&nbsp;&nbsp;&nbsp;&nbsp;&nbsp;3&nbsp;&nbsp;&nbsp;&nbsp;&nbsp;&nbsp;&nbsp;&nbsp;&nbsp;&nbsp;&nbsp;4&nbsp;&nbsp;&nbsp;&nbsp;&nbsp;&nbsp;&nbsp;&nbsp;&nbsp;&nbsp;&nbsp;5</strong>&nbsp;&nbsp;&nbsp;&nbsp;&nbsp;&nbsp;&nbsp;&nbsp;&nbsp;&nbsp;&nbsp;</p>

<p><strong>S&iacute;ntesis</strong>&nbsp;&nbsp;&nbsp;&nbsp;&nbsp;&nbsp;&nbsp;&nbsp;&nbsp;&nbsp;&nbsp;&nbsp;&nbsp;&nbsp;&nbsp;&nbsp;&nbsp;&nbsp;&nbsp;&nbsp;&nbsp;&nbsp;&nbsp;&nbsp;&nbsp;&nbsp;&nbsp;&nbsp;&nbsp;&nbsp;&nbsp;&nbsp;&nbsp;</p>

<p><strong>&middot;</strong> Has dado respuesta a la pregunta principal<br />
<strong>&nbsp; </strong>del proyecto.&nbsp;&nbsp;&nbsp;&nbsp;&nbsp;&nbsp;&nbsp;&nbsp;&nbsp;&nbsp;&nbsp;&nbsp;&nbsp;&nbsp;&nbsp;&nbsp;&nbsp;&nbsp;&nbsp;&nbsp;&nbsp;&nbsp;&nbsp;&nbsp;&nbsp;&nbsp;&nbsp;&nbsp;&nbsp;&nbsp;&nbsp;&nbsp;&nbsp;&nbsp;&nbsp;&nbsp;&nbsp;&nbsp;&nbsp;&nbsp;&nbsp;&nbsp;&nbsp;&nbsp;</p>

<p><strong>&middot; </strong>Has participado en la extracci&oacute;n de<br />
<strong>&nbsp; </strong>conclusiones.</p>

<p><strong>&middot; </strong>Has sabido estructurar la informaci&oacute;n<br />
<strong>&nbsp; </strong>correctamente en el dossier. &nbsp;&nbsp;&nbsp;&nbsp;&nbsp;&nbsp;&nbsp;&nbsp;&nbsp;&nbsp;&nbsp;&nbsp;&nbsp;&nbsp;&nbsp;&nbsp;&nbsp;&nbsp;&nbsp;&nbsp;&nbsp;&nbsp;&nbsp;&nbsp;&nbsp;&nbsp;&nbsp;&nbsp;&nbsp;&nbsp;&nbsp;&nbsp;&nbsp;&nbsp;&nbsp;&nbsp;&nbsp;&nbsp;&nbsp;&nbsp;&nbsp;&nbsp;&nbsp;&nbsp;&nbsp;&nbsp;&nbsp;&nbsp;&nbsp;&nbsp;&nbsp;&nbsp;&nbsp;</p>

<p><strong>&middot; </strong>Has hecho una buena exposici&oacute;n.</p>

<p><strong>&middot; </strong>Ha quedado clara la informaci&oacute;n expuesta.</p>

<p><strong>&middot; </strong>Has sabido argumentar las afirmaciones y<br />
<strong>&nbsp; </strong>responder a las preguntas durante la exposici&oacute;n.</p>

<p><strong>&middot; </strong>Has incorporado el contenido visual adecuado.</p>

<p><strong>&middot; </strong>Has sido creativo.&nbsp;&nbsp;&nbsp;&nbsp;&nbsp;&nbsp;&nbsp;&nbsp;&nbsp;&nbsp;&nbsp;</p>

<p>________________________________________________________________________&nbsp;&nbsp;&nbsp;&nbsp;&nbsp;&nbsp;&nbsp;&nbsp;&nbsp;&nbsp;&nbsp;&nbsp;&nbsp;&nbsp;&nbsp;&nbsp;&nbsp;&nbsp;&nbsp;&nbsp;&nbsp;&nbsp;&nbsp;&nbsp;&nbsp;&nbsp;&nbsp;&nbsp;&nbsp;&nbsp;&nbsp;&nbsp;&nbsp;&nbsp;&nbsp;&nbsp;&nbsp;&nbsp;&nbsp;&nbsp;&nbsp;&nbsp;&nbsp;&nbsp;&nbsp;&nbsp;&nbsp;&nbsp;&nbsp;&nbsp;&nbsp;&nbsp;&nbsp;&nbsp;&nbsp;&nbsp;&nbsp;&nbsp;&nbsp;&nbsp;&nbsp;&nbsp;&nbsp;&nbsp;&nbsp;&nbsp;</p>

<p><strong>&nbsp;&nbsp;&nbsp;&nbsp;&nbsp;&nbsp;&nbsp;&nbsp;&nbsp;&nbsp;&nbsp;&nbsp;&nbsp;&nbsp;&nbsp;&nbsp;&nbsp;&nbsp;&nbsp;&nbsp;&nbsp;&nbsp;&nbsp;&nbsp;&nbsp;&nbsp;&nbsp;&nbsp;&nbsp;&nbsp;&nbsp;&nbsp;&nbsp;&nbsp;&nbsp;&nbsp;&nbsp;&nbsp;&nbsp;&nbsp;&nbsp;&nbsp;&nbsp;&nbsp;&nbsp;&nbsp;&nbsp;&nbsp;&nbsp;&nbsp;&nbsp;&nbsp;&nbsp;&nbsp;&nbsp;&nbsp;&nbsp;&nbsp;&nbsp;&nbsp;&nbsp;&nbsp;&nbsp;&nbsp;&nbsp;&nbsp;&nbsp;&nbsp;&nbsp;&nbsp;&nbsp;&nbsp;&nbsp;&nbsp;&nbsp;&nbsp;&nbsp;1&nbsp;&nbsp;&nbsp;&nbsp;&nbsp;&nbsp;&nbsp;&nbsp;&nbsp;&nbsp;&nbsp;2&nbsp;&nbsp;&nbsp;&nbsp;&nbsp;&nbsp;&nbsp;&nbsp;&nbsp;&nbsp;&nbsp;3&nbsp;&nbsp;&nbsp;&nbsp;&nbsp;&nbsp;&nbsp;&nbsp;&nbsp;&nbsp;&nbsp;4&nbsp;&nbsp;&nbsp;&nbsp;&nbsp;&nbsp;&nbsp;&nbsp;&nbsp;&nbsp;&nbsp;5</strong>&nbsp;&nbsp;&nbsp;&nbsp;&nbsp;&nbsp;&nbsp;&nbsp;&nbsp;&nbsp;&nbsp;</p>

<p><strong>VALORACI&Oacute;N GLOBAL</strong></p>

<p><strong>&middot;</strong> Del trabajo desarrollado.</p>

<p><strong>&middot;</strong> De los documentos entregados.</p>

<p><strong>&middot;</strong> Del trabajo en equipo.</p>

<p><strong>&middot;</strong> De la exposici&oacute;n y defensa del trabajo.&nbsp;&nbsp;&nbsp;&nbsp;&nbsp;&nbsp;&nbsp;&nbsp;&nbsp;&nbsp;&nbsp;&nbsp;&nbsp;&nbsp;&nbsp;&nbsp;&nbsp;&nbsp;&nbsp;&nbsp;&nbsp;&nbsp; &nbsp;&nbsp;&nbsp;&nbsp;&nbsp;&nbsp;&nbsp;&nbsp;&nbsp;&nbsp;&nbsp;&nbsp;&nbsp;&nbsp;&nbsp;&nbsp;&nbsp;&nbsp;&nbsp;&nbsp;&nbsp;&nbsp;&nbsp;&nbsp;&nbsp;&nbsp;&nbsp;&nbsp;&nbsp;&nbsp;&nbsp;&nbsp;&nbsp;&nbsp;&nbsp;&nbsp;&nbsp;&nbsp;&nbsp;&nbsp;&nbsp;&nbsp;&nbsp;&nbsp;</p>
]]></section>
</engine>