﻿<?xml version="1.0" encoding="utf-8"?><motor tipo="1" clase="b" aprid="M1b">
  <plataforma>
    <grado><![CDATA[2]]></grado>
    <titulo>Identifica la distribución de la población mundial</titulo>
    <volumen><![CDATA[2]]></volumen>
    <nivel><![CDATA[1]]></nivel>
    <referencia><![CDATA[cs_08_01_02]]></referencia>
    <id_reg><![CDATA[273]]></id_reg>
    <motor><![CDATA[M1b]]></motor>
    <lang>es</lang>
  </plataforma>
  <enunciado><![CDATA[Relaciona las áreas del planeta con mayor densidad de población con su descripción.]]></enunciado>
  <masinfo inicio="0"/>
  <sinaleatoriedad><![CDATA[0]]></sinaleatoriedad>
  <calc><![CDATA[0]]></calc>
  <textoatexto cantidad="5">
    <cuestion>
      <pregunta><![CDATA[Europa]]></pregunta>
      <respuesta><![CDATA[Aunque es un continente pequeño, presenta una alta densidad de población. Ha estado poblado desde la antigüedad.]]></respuesta>
    </cuestion>
    <cuestion>
      <pregunta><![CDATA[Asia oriental]]></pregunta>
      <respuesta><![CDATA[Es la zona más poblada del planeta debido a la riqueza de sus suelos, el clima favorable y el alto desarrollo tecnológico.]]></respuesta>
    </cuestion>
    <cuestion>
      <pregunta><![CDATA[Sudeste asiático]]></pregunta>
      <respuesta><![CDATA[Zona formada por pequeños estados, aunque muy poblados. Su clima tropical favorece la agricultura y la ganadería.]]></respuesta>
    </cuestion>
    <cuestion>
      <pregunta><![CDATA[Golfo de Guinea]]></pregunta>
      <respuesta><![CDATA[Lagos es la ciudad más poblada de la región. Aunque su clima es extremo, es una zona rica en recursos.]]></respuesta>
    </cuestion>
    <cuestion>
      <pregunta><![CDATA[Costa este de EE.UU.]]></pregunta>
      <respuesta><![CDATA[En la región de los Grandes Lagos se extiende un gran continuo urbano habitado por millones de personas.]]></respuesta>
    </cuestion>
  </textoatexto>
  <textofalso cantidad="0"/>
</motor>