﻿<?xml version="1.0" encoding="utf-8"?>
<motor tipo="14" clase="a" aprid="m14a">
  <plataforma>
    <grado><![CDATA[1]]></grado>
    <titulo>Tordesillas: nacimiento de las hegemonías. 500 años del descubrimiento de América</titulo>
    <area>0</area>
    <nivel>1</nivel>
    <referencia />
    <idreg><![CDATA[0]]></idreg>
    <motor><![CDATA[M14A]]></motor>
    <lang>es</lang>
  </plataforma>
  <enunciado><![CDATA[Actividad para afianzar el manejo de vocabulario específico sobre el Tratado de Tordesillas.]]></enunciado>
  <masinfo inicio="0" />
  <calc><![CDATA[0]]></calc>
  <estilo><![CDATA[1]]></estilo>
  <intentos><![CDATA[8]]></intentos>
  <numpreguntas><![CDATA[9]]></numpreguntas>
  <preguntas>
    <pregunta enunciado="Reino firmante del Tratado de Tordesillas, su ubicación geográfica le permitía la exploración del océano Atlántico." palabra="PORTUGAL" visibles="R" />
    <pregunta enunciado="Nombre del papa que protagonizó la firma del Tratado de Tordesillas entre los reinos de España y Portugal." palabra="ALEJANDRO VI" visibles="J" />
    <pregunta enunciado="Monarca del reino de Portugal, protagonista de las negociaciones del Tratado de Tordesillas." palabra="JUAN II DE PORTUGAL" visibles="O, A" />
    <pregunta enunciado="Denominación con la cual se conoce a estos dos monarcas, protagonistas del Tratado de Tordesillas." palabra="REYES CATÓLICOS" visibles="T" />
    <pregunta enunciado="Conjunto de leyes por las cuales se regula un Estado o una actividad determinada." palabra="LEGISLACIÓN" visibles="N" />
    <pregunta enunciado="Nombre del tratado, entre España y Portugal, que establecía la primera demarcación de zonas de exploración del Atlántico." palabra="ALCAÇOVAS" visibles="Ç" />
    <pregunta enunciado="Conjunto de islas, en la costa occidental africana, utilizadas inicialmente para delimitar las zonas de exploración en el Atlántico." palabra="AZORES" visibles="Z" />
    <pregunta enunciado="¿Cuál era la nacionalidad del papa garante del Tratado de Tordesillas?" palabra="ESPAÑOL" visibles="" />
    <pregunta enunciado="Conjunto de islas, tomadas como referencia, para la demarcación del meridiano del Tratado de Tordesillas." palabra="CABO VERDE" visibles="V" />
  </preguntas>
  <temps>
  </temps>
</motor>