﻿<?xml version="1.0" encoding="utf-8"?>
<engine copy="Editorial Planeta" version="1" aprid="f13" title="Proyecto: La Edad Moderna en el siglo XXI">
  <section title="Presentación" path="21.jpg" pathAmp="21.jpg" image1Text="" zoom1="true" zoom2a="false" zoom2b="false" layout="0"><![CDATA[<p>&iquest;Cu&aacute;l es la influencia de la Edad Moderna sobre el siglo XXI?</p>
]]></section>
  <section title="Conceptos" path="vaticano.jpg" pathAmp="vaticano.jpg" image1Text="&lt;p&gt;Ciudad Vaticano, Roma&lt;/p&gt;&#xA;" zoom1="true" zoom2a="false" zoom2b="false" layout="1"><![CDATA[<p>Antes de comenzar tu proyecto debes definir y clarificar&nbsp;algunos conceptos que ser&aacute;n &uacute;tiles para lograr el objetivo del proyecto:</p>

<p>-Ciencia y Tecnolog&iacute;a</p>

<p>-Estado L&aacute;ico</p>

<p>-Soberan&iacute;a</p>

<p>-Arte Moderno</p>

<p>&nbsp;</p>
]]></section>
  <section title="Objetivos" path="binoculares.jpg" pathAmp="binoculares.jpg" image1Text="" zoom1="true" zoom2a="false" zoom2b="false" layout="0"><![CDATA[<p><strong>Objetivo:</strong> Investigar las consecuencias pol&iacute;ticas, econ&oacute;micas y culturales de la Edad Moderna sobre el mundo occidental que perduran hasta nuestros d&iacute;as.&nbsp;</p>

<p><strong>Organizaci&oacute;n:&nbsp;</strong>Grupos de dos personas.</p>

<p><strong>Presentaci&oacute;n:&nbsp;</strong>Exposici&oacute;n oral con soporte digital.</p>

<p><strong>Plazo:&nbsp;</strong>Dos semanas.</p>

<p><strong>Punto de partida:&nbsp;</strong>Para poder alcanzar tu objetivo&nbsp;te proponemos que empieces por dar tu propia definici&oacute;n de los conceptos propuestos anteriormente. Al mismo tiempo, escribe una lista de conceptos, hechos y personajes que conozcas sobre la Edad Moderna. Tambi&eacute;n&nbsp;en esa lista anota&nbsp;preguntas que tengas sobre los conceptos o sobre los componentes de la pregunta del proyecto, por ejemplo:</p>

<p>-&iquest;Cual es la relaci&oacute;n actual entre Estado e Iglesia en distintos pa&iacute;ses del mundo?</p>

<p>-&iquest;Qu&eacute; adelantos cient&iacute;ficos o tecnol&oacute;gicos siguieron a los que se consiguieron durante la Revoluci&oacute;n Ci&eacute;ntifica del siglo XVI?</p>

<p>-&iquest;Cu&aacute;l es el movimiento art&iacute;stico que le sigui&oacute; al Renacimiento?</p>

<p>-&iquest;Cu&aacute;les son las influencias de la Edad Moderna sobre el arte, la pol&iacute;tica y la econom&iacute;a en el siglo XXI?</p>
]]></section>
  <section title="Planificación" path="plan-mapa.jpg" pathAmp="plan-mapa.jpg" image1Text="" zoom1="true" zoom2a="false" zoom2b="false" layout="1"><![CDATA[<p>Para comenzar el ejercicio te proponemos organizar el trabajo. Para ello te sugerimos seguir los siguientes pasos:</p>

<p>1. Identificar&nbsp;<strong>el objetivo&nbsp;</strong>del proyecto.</p>

<p>2. Listar&nbsp;<strong>las tareas</strong>&nbsp;que debes completar a lo largo del proyecto.</p>

<p>3. Definir&nbsp;<strong>qui&eacute;n (o qui&eacute;nes)&nbsp;</strong>va(n) a realizar cada una de las tareas necesarias para llegar al objetivo.</p>

<p>4. Anotar&nbsp;<strong>cu&aacute;ndo y c&oacute;mo</strong>&nbsp;se va a reunir el trabajo realizado&nbsp;por cada uno de los miembros del grupo y cu&aacute;ndo se preparar&aacute; el trabajo escrito.</p>

<p>5. Concreta con tu profesor los <strong>temas espec&iacute;ficos</strong> que vas a abordar en tu investigaci&oacute;n.</p>

<p>- Cuando planificas cualquier tarea puede resultar de ayuda utilizar una tabla o una hoja de c&aacute;lculo en la que concretes, por ejemplo, qui&eacute;n forma el grupo, de qu&eacute; tarea se hace cargo cada persona, cu&aacute;nto tiempo le vas a dedicar a cada una de las tareas, cu&aacute;ndo tienes que hacer la presentaci&oacute;n del proyecto, entre otros aspectos.&nbsp;</p>

<p>&nbsp;</p>
]]></section>
  <section title="Investigación" path="lupa.jpg" pathAmp="lupa.jpg" image1Text="" zoom1="true" zoom2a="false" zoom2b="false" layout="0"><![CDATA[<p><span style="font-family:verdana,sans-serif; font-size:13.5pt">A la hora de realizar tu investigaci&oacute;n es importante que pienses y discutas sobre qu&eacute; recursos y fuentes de informaci&oacute;n pueden resultar &uacute;tiles. Te recomendamos:</span></p>

<p><span style="font-family:verdana,sans-serif; font-size:13.5pt">- Cuando saques informaci&oacute;n de&nbsp;<strong><span style="font-family:verdana,sans-serif">Internet</span></strong>&nbsp;verifica muy bien la p&aacute;gina que est&aacute;s utilizando y aseg&uacute;rate que pertenezca a una instituci&oacute;n o medio con suficiente&nbsp;<strong><span style="font-family:verdana,sans-serif">credibilidad</span></strong>: universidades, medios de comunicaci&oacute;n, instituciones p&uacute;blicas, etc.</span></p>

<p><span style="font-family:verdana,sans-serif; font-size:13.5pt">- Consulta un buen diccionario o alg&uacute;n experto en ciencias sociales que pueda ayudarte con las<strong>&nbsp;</strong><strong><span style="font-family:verdana,sans-serif">definiciones</span></strong>&nbsp;de los conceptos planteados al comienzo.</span></p>

<p><strong><span style="font-family:verdana,sans-serif; font-size:13.5pt">- Contrastar y verificar</span></strong><strong><span style="font-family:verdana,sans-serif; font-size:13.5pt">&nbsp;</span></strong><span style="font-family:verdana,sans-serif; font-size:13.5pt">muy bien las fuentes que se utilizan. Entender su procedencia y el posible inter&eacute;s u objetivo que tiene esa fuente en brindar esa informaci&oacute;n. Utilizar diversos tipos de fuentes (no limitarse a la Internet).</span></p>

<p><span style="font-family:verdana,sans-serif; font-size:13.5pt">- Utilizar la informaci&oacute;n &uacute;til para el logro del objetivo y<strong>&nbsp;</strong><strong><span style="font-family:verdana,sans-serif">descartar</span></strong>&nbsp;la que no sea pertinente o adecuada.&nbsp;</span></p>

<p><span style="font-family:verdana,sans-serif; font-size:13.5pt">- Hacer una&nbsp;<strong><span style="font-family:verdana,sans-serif">lista de las fuentes</span></strong>&nbsp;consultadas: bibliograf&iacute;a, Web, personas entrevistadas, etc.</span></p>

<p><span style="font-family:verdana,sans-serif; font-size:13.5pt">- Resumir&nbsp;<strong><span style="font-family:verdana,sans-serif">con tus propias palabras</span></strong>&nbsp;la informaci&oacute;n obtenida.</span></p>

<p><strong><span style="font-family:verdana,sans-serif; font-size:13.5pt">&iexcl;Atenci&oacute;n!&nbsp;</span></strong><span style="font-family:verdana,sans-serif; font-size:13.5pt">No debes utilizar la informaci&oacute;n que obtengas de manera literal. Si copias alguna frase debe ir entre comillas y con referencia a la fuente de donde la tomaste.&nbsp;</span></p>
]]></section>
  <section title="Análisis" path="analisis-lupa.jpg" pathAmp="analisis-lupa.jpg" image1Text="" zoom1="true" zoom2a="false" zoom2b="false" layout="1"><![CDATA[<p><span style="font-family:verdana,sans-serif; font-size:13.5pt">Una vez compilada la informaci&oacute;n, realiza<strong>&nbsp;</strong><strong><span style="font-family:verdana,sans-serif">mapas conceptuales</span></strong>&nbsp;en los cuales expongas, claramente, los datos investigados; debes tener en cuenta los siguientes aspectos a saber:</span></p>

<p><span style="font-family:verdana,sans-serif; font-size:13.5pt">1.Definiciones claras y concretas de los conceptos planteados al comienzo</span></p>

<p><span style="font-family:verdana,sans-serif; font-size:13.5pt">2.Un contexto general de las influencias de la Edad Moderna sobre la ciencia, el arte, la econom&iacute;a o&nbsp;la pol&iacute;tica&nbsp;en el periodo hist&oacute;rico inmediatamente posterior.</span></p>

<p><span style="font-family:verdana,sans-serif; font-size:13.5pt">3.Los resultados de la investigaci&oacute;n que muestren la influencia de la Edad Moderna sobre el arte, la ciencia, la econom&iacute;a o la pol&iacute;tica del siglo XXI.&nbsp;</span></p>
]]></section>
  <section title="Síntesis" path="sintesis.jpg" pathAmp="sintesis.jpg" image1Text="" zoom1="true" zoom2a="false" zoom2b="false" layout="1"><![CDATA[<p><span style="font-family:verdana,sans-serif; font-size:13.5pt">Una vez analizada la informaci&oacute;n debes<strong>&nbsp;</strong><strong><span style="font-family:verdana,sans-serif">redactar un texto&nbsp;y preparar una presentaci&oacute;n digital</span></strong>&nbsp;donde expondr&aacute;s tus hallazgos y la respuesta a la pregunta original del proyecto. El texto debe entregarse el d&iacute;a de la presentaci&oacute;n.&nbsp;</span></p>

<p><span style="font-family:verdana,sans-serif; font-size:13.5pt">Te recomendamos:</span></p>

<p><span style="font-family:verdana,sans-serif; font-size:13.5pt">- Escribe&nbsp;<strong><span style="font-family:verdana,sans-serif">primero el texto</span></strong>. Recuerda cuidar la&nbsp;<strong><span style="font-family:verdana,sans-serif">ortograf&iacute;a</span></strong>,<strong>&nbsp;</strong><strong><span style="font-family:verdana,sans-serif">redacci&oacute;n y puntuaci&oacute;n</span></strong>. No olvides incluir al final todas las referencias a las fuentes de informaci&oacute;n utilizadas.&nbsp;</span></p>

<p><span style="font-family:verdana,sans-serif; font-size:13.5pt">- Puedes utilizar el texto como gu&iacute;a para tu exposici&oacute;n.&nbsp;<strong><span style="font-family:verdana,sans-serif">No leas directamente</span></strong>&nbsp;lo que escribiste, sino que utiliza esta informaci&oacute;n para&nbsp;<strong><span style="font-family:verdana,sans-serif">hacer notas</span></strong>&nbsp;que te sirvan en&nbsp;tu presentaci&oacute;n oral.&nbsp;</span></p>

<p><span style="font-family:verdana,sans-serif; font-size:13.5pt">- Cuando hayas terminado y revisado la versi&oacute;n final del&nbsp;<strong><span style="font-family:verdana,sans-serif">escrito</span></strong>,<strong>&nbsp;</strong><strong><span style="font-family:verdana,sans-serif">convi&eacute;rtelo&nbsp;en una presentaci&oacute;n digital.</span></strong></span></p>

<p><span style="font-family:verdana,sans-serif; font-size:13.5pt">- Recuerda que cada diapositiva debe incluir solo algunas frases o datos centrales en texto y&nbsp;<strong><span style="font-family:verdana,sans-serif">muchas ayudas audiovisuales</span></strong>. Te recomendamos&nbsp;<strong><span style="font-family:verdana,sans-serif">Glogster o Prezi</span></strong>, aplicaciones muy vers&aacute;tiles en cuanto a dise&ntilde;o y&nbsp;audiovisuales.&nbsp;Recuerda que los videos o audios que muestres no deben superar el minuto o minuto y medio.</span></p>

<p><span style="font-family:verdana,sans-serif; font-size:13.5pt">- Ten siempre claro&nbsp;<strong><span style="font-family:verdana,sans-serif">por qu&eacute; est&aacute;s utilizando ese apoyo audiovisual</span></strong>, cual es esa&nbsp;funci&oacute;n que solo ese video o esa imagen pueden cumplir&nbsp;dentro de la presentaci&oacute;n.&nbsp;</span></p>

<p><strong><span style="font-family:verdana,sans-serif; font-size:13.5pt">- &iexcl;Atenci&oacute;n!</span></strong><strong><span style="font-family:verdana,sans-serif; font-size:13.5pt">&nbsp;</span></strong><span style="font-family:verdana,sans-serif; font-size:13.5pt">Es fundamental que incluyas en tu presentaci&oacute;n los mapas hechos por ti mismo que ilustren el tema de profundizaci&oacute;n asignado por el&nbsp;profesor(a) o cualquier otro tema que decidan ilustrar con mapas.&nbsp;</span></p>

<p><strong><span style="font-family:verdana,sans-serif; font-size:13.5pt">- Ensaya</span></strong><span style="font-family:verdana,sans-serif; font-size:13.5pt">&nbsp;</span><span style="font-family:verdana,sans-serif; font-size:13.5pt">cuantas veces sea necesario la exposici&oacute;n&nbsp;frente a alg&uacute;n amigo o frente a tu familia. Recuerda hacerla como si estuvieras en clase. Mide tu tiempo. Una buena presentaci&oacute;n est&aacute; entre los 15 y 20 minutos.&nbsp;</span></p>

<p><span style="font-family:verdana,sans-serif; font-size:13.5pt">- El d&iacute;a de la presentaci&oacute;n&nbsp;<strong><span style="font-family:verdana,sans-serif">llega temprano</span></strong>. Ten siempre doble copia de la informaci&oacute;n que requieras. Aseg&uacute;rate de que los equipos que necesitas est&aacute;n presentes y funcionando para&nbsp;<strong><span style="font-family:verdana,sans-serif">evitar problemas t&eacute;cnicos.</span></strong>&nbsp;</span></p>
]]></section>
  <section title="Evaluacion" path="" pathAmp="" image1Text="" zoom1="false" zoom2a="false" zoom2b="false" layout="0"><![CDATA[]]></section>
</engine>