﻿<?xml version="1.0" encoding="utf-8"?><motor tipo="101" clase="a" aprid="M101a">
  <plataforma>
    <grado><![CDATA[2]]></grado>
    <titulo>Refuerza tu aprendizaje: La Europa de la Restauración</titulo>
    <area>2</area>
    <nivel>2</nivel>
    <referencia><![CDATA[CS_10_02]]></referencia>
    <idreg><![CDATA[4410]]></idreg>
    <motor><![CDATA[M101AP]]></motor>
    <lang>es</lang>
  </plataforma>
  <enunciado><![CDATA[Realiza la actividad. Cuando termines, haz clic en Enviar para que tus respuestas lleguen al email de tu profesor y pueda validarlas. Si es necesario, entrégalas en una hoja aparte.]]></enunciado>
  <masinfo inicio="0"/>
  <calc><![CDATA[0]]></calc>
  <preguntas cantidad="3">
    <pregunta>
      <enunciado><![CDATA[Define con tus palabras la Santa Alianza. Menciona quiénes la conformaron y cuál fue el objetivo de su creación.]]></enunciado>
      <explicacion/>
      <nivel><![CDATA[2]]></nivel>
      <tipo/>
      <imagen/>
      <ampliacion/>
      <texto/>
    </pregunta>
    <pregunta>
      <enunciado><![CDATA[Consulta información sobre el congreso de Viena de 1815. Indica cuáles fueron las principales transformaciones y cambios que sufrieron las fronteras europeas.]]></enunciado>
      <explicacion/>
      <nivel><![CDATA[3]]></nivel>
      <tipo/>
      <imagen/>
      <ampliacion/>
      <texto/>
    </pregunta>
    <pregunta>
      <enunciado><![CDATA[Explica por qué a este periodo se le conoció como la Restauración.]]></enunciado>
      <explicacion/>
      <nivel><![CDATA[2]]></nivel>
      <tipo/>
      <imagen/>
      <ampliacion/>
      <texto/>
    </pregunta>
  </preguntas>
</motor>