﻿<?xml version="1.0" encoding="utf-8"?><engine copy="Editorial Planeta" version="1" aprid="f10">
<main mode="f10" title="La participación de las víctimas en&lt;br/&gt;los diálogos de paz">
<tf><![CDATA[<p><span style="font-size:18px;"><span style="font-family: verdana,geneva,sans-serif;">Por la necesidad de entender las <strong>razones</strong> del <strong>conflicto armado</strong>, la mesa de di&aacute;logos de La Habana instaur&oacute;, mediante un acuerdo, el 5 de agosto de 2014, la Comisi&oacute;n de Memoria Hist&oacute;rica del Conflicto y sus V&iacute;ctimas. Dar&iacute;o Fajardo, Javier Giraldo y Jairo Estrada coinciden en afirmar que en la d&eacute;cada de los <strong>a&ntilde;os veinte</strong> se dieron los <strong>primeros enfrentamientos violentos</strong> a ra&iacute;z de la lucha por la tierra, lo cual constituye el problema fundamental del conflicto. &ldquo;En los procesos acaecidos a partir de la d&eacute;cada de 1920 se encuentran los or&iacute;genes del actual conflicto social y armado&rdquo;, plante&oacute; Estrada.</span></span><br />
&nbsp;</p>

<p><span style="font-size:18px;"><span style="font-family: verdana,geneva,sans-serif;">La <strong>tierra </strong>es quiz&aacute; el mayor punto de encuentro entre los diferentes enfoques de los comisionados. Dar&iacute;o Fajardo&nbsp;coloca el factor agrario como &ldquo;<strong>desencadenante</strong>&rdquo; de los <strong>enfrentamientos </strong>entre el <strong>Estado</strong> y las <strong>guerrillas</strong>. Por su parte, el padre jesuita Javier Giraldo, partiendo de un enfoque que comprende el conflicto &ldquo;dentro de la tradici&oacute;n jur&iacute;dica del derecho a la rebeli&oacute;n&rdquo;, se&ntilde;ala el problema de la tierra como eje fundamental para entender el conflicto, &ldquo;ya que la <strong>tenencia </strong>de la misma est&aacute; directamente relacionada con <strong>tres necesidades b&aacute;sicas</strong>, <strong>vivienda</strong>, <strong>alimentaci&oacute;n </strong>y <strong>trabajo/ingreso</strong>&rdquo;. En la medida que el Estado falla en garantizar dichas necesidades, legitima el <strong>derecho a la rebeli&oacute;n </strong>de los ciudadanos que, siendo llevado a su punto m&aacute;ximo, explica el surgimiento de la insurgencia.</span></span><br />
&nbsp;</p>

<p><span style="font-size:16px;"><span style="font-family: verdana,geneva,sans-serif;"><em>Tomado de: El Heraldo, mi&eacute;rcoles 18 de febrero de 2015</em></span></span></p>]]></tf>
</main>
<understanding title="" title2="Comprensión " buttons="false" visible="true" >
	<definition>
		<title>Comprensión</title>
		<def><![CDATA[<p><span style="font-size:32px;"><span style="font-family: verdana,geneva,sans-serif;"><span style="color: rgb(255, 140, 0);">Comprensi&oacute;n</span></span></span><br />
&nbsp;</p>

<ul>
	<li><span style="font-size:25px;"><span style="font-family: verdana,geneva,sans-serif;">Luego de leer el texto, haz&nbsp;un listado de t&eacute;rminos </span></span><br />
	<span style="font-size:25px;"><span style="font-family: verdana,geneva,sans-serif;">que desconozcas.</span></span></li>
	<li><span style="font-size:25px;"><span style="font-family: verdana,geneva,sans-serif;">Intenta descubrir su significado de acuerdo con<br />
	el texto y luego comp&aacute;ralos con las palabras contempladas en el L&eacute;xico.</span></span></li>
	<li><span style="font-size:25px;"><span style="font-family: verdana,geneva,sans-serif;">Seg&uacute;n el art&iacute;culo, &iquest;cu&aacute;l es el objetivo inicial de la Comisi&oacute;n de Memoria Hist&oacute;rica del Conflicto y<br />
	sus V&iacute;ctimas?</span></span></li>
</ul>

<p></p>]]></def>
	</definition>
	<definition>
		<title></title>
		<def><![CDATA[<p><span style="font-size:32px;"><span style="font-family: verdana,geneva,sans-serif;"><span style="color: rgb(255, 140, 0);">Comprensi&oacute;n</span></span></span><br />
&nbsp;</p>

<ul>
	<li><span style="font-size:25px;"><span style="font-family: verdana,geneva,sans-serif;">Para los comisionados de la mesa de di&aacute;logos, &iquest;cu&aacute;ndo se inicia&nbsp;el conflicto armado en Colombia?</span></span></li>
	<li><span style="font-size:25px;"><span style="font-family: verdana,geneva,sans-serif;">&iquest;Cu&aacute;l es la raz&oacute;n por las que&nbsp;los comisionados coinciden en afirmar que el problema de la tenencia de la tierra es la causa fundamental del origen armado en Colombia?</span></span></li>
	<li><span style="font-size:25px;"><span style="font-family: verdana,geneva,sans-serif;">Realiza un comentario sobre el planteamiento hecho por el padre Javier Giraldo. Expresa si concuerdas con &eacute;l.</span></span></li>
	<li><span style="font-size:25px;"><span style="font-family: verdana,geneva,sans-serif;">Partiendo de las ideas sobre el conflicto armado en Colombia, elabora un mapa conceptual.</span></span></li>
</ul>]]></def>
	</definition>
</understanding>
<definitions title="" title2="Léxico" visible="true" >
	<definition>
		<title>Comisionado</title>
		<def><![CDATA[<p><span style="font-size:25px;"><span style="font-family: verdana,geneva,sans-serif;"><strong>Comisionado:</strong><br />
persona que asume&nbsp;un papel orientado a dar soporte conceptual e hist&oacute;rico a un problema sobre el que se est&aacute; negociando.</span></span></p>]]></def>
	</definition>
	<definition>
		<title>Agrario</title>
		<def><![CDATA[<p><span style="font-size:25px;"><span style="font-family: verdana,geneva,sans-serif;"><strong>Agrario:</strong><br />
caracter&iacute;stica de un asunto, que indica su relaci&oacute;n con la tierra laborable.</span></span></p>]]></def>
	</definition>
	<definition>
		<title>Insurgencia</title>
		<def><![CDATA[<p><span style="font-size:25px;"><span style="font-family: verdana,geneva,sans-serif;"><strong>Insurgencia:</strong><br />
tipo de rebeli&oacute;n, alzamiento o levantamiento contra el Estado.</span></span></p>]]></def>
	</definition>
	<definition>
		<title>Legítimo</title>
		<def><![CDATA[<p><span style="font-size:25px;"><span style="font-family: verdana,geneva,sans-serif;"><strong>Leg&iacute;timo:</strong><br />
que se ha hecho de acuerdo con&nbsp;la ley o el derecho.&nbsp;</span></span></p>]]></def>
	</definition>
	<definition>
		<title>Rebelión</title>
		<def><![CDATA[<p><span style="font-size:25px;"><span style="font-family: verdana,geneva,sans-serif;"><strong>Rebeli&oacute;n:</strong><br />
acto de levantamiento contra un gobierno, buscando reemplazarlo<br />
por otro.</span></span></p>]]></def>
	</definition>
</definitions>
<reaserch title="" title2="Investiga" buttons="false" visible="true" >
	<definition>
		<title></title>
		<def><![CDATA[<p><span style="color:#FF8C00;"><span style="font-size: 32px;"><span style="font-family: verdana,geneva,sans-serif;">Investiga</span></span></span><br />
&nbsp;</p>

<p><span style="font-size:20px;"><span style="font-family: verdana,geneva,sans-serif;">Se considera que el acceso a la tierra ha sido el eje del conflicto armado. Para comprender este proceso consulta los siguientes aspectos claves:</span></span></p>

<ul>
	<li><span style="font-size:20px;"><span style="font-family: verdana,geneva,sans-serif;">&iquest;Por qu&eacute; raz&oacute;n&nbsp;la&nbsp;concentraci&oacute;n de la tierra ha sido eje del conflicto armado en Colombia?</span></span></li>
	<li><span style="font-size:20px;"><span style="font-family: verdana,geneva,sans-serif;">&nbsp;&iquest;Qu&eacute; estipul&oacute; la Ley 200 de 1936 en el gobierno de Alfonso L&oacute;pez Pumarejo?</span></span></li>
	<li><span style="font-size:20px;"><span style="font-family: verdana,geneva,sans-serif;">&iquest;Cu&aacute;les son los problemas m&aacute;s protuberantes del sector agr&iacute;cola en Colombia?</span></span></li>
	<li><span style="font-size:20px;"><span style="font-family: verdana,geneva,sans-serif;">&iquest;Cu&aacute;les son los argumentos de las poblaciones que se levantaron en el &uacute;ltimo paro&nbsp;agrario en Colombia?</span></span></li>
</ul>
]]></def>
	</definition>
	<definition>
		<title></title>
		<def><![CDATA[<p><span style="color:#FF8C00;"><span style="font-size: 32px;"><span style="font-family: verdana,geneva,sans-serif;">Investiga</span></span></span><br />
&nbsp;</p>

<p><span style="font-size:20px;"><span style="font-family: verdana,geneva,sans-serif;">Algunos actores del conflicto armado, buscando el control de territorios para acceder a recursos econ&oacute;micos y pol&iacute;ticos, generaron una pol&iacute;tica de &quot;limpieza&quot;&nbsp;asesinando y desplazando a miles de campesinos para quedarse con sus tierras.&nbsp;Busca informaci&oacute;n sobre este oscuro episodio de nuestra historia en los siguientes enlaces:</span></span></p>

<ul>
	<li><span style="font-size:20px;"><span style="font-family: verdana,geneva,sans-serif;">Las heridas mentales del desplazamiento forzado.&nbsp;Art&iacute;culo del peri&oacute;dico El Tiempo&nbsp;[<a href="http://www.eltiempo.com/colombia/otras-ciudades/victimas-del-desplazamiento-forzado-en-colombia/16372374" target="_blank">VER</a>].</span></span></li>
	<li><span style="font-size:20px;"><span style="font-family: verdana,geneva,sans-serif;">El desplazamiento forzado en Colombia: la huella del conflicto&nbsp;[<a href="http://www.codhes.org/images/Articulos/AnalisisSituacionalfinal.pdf" target="_blank">VER</a>].</span></span></li>
</ul>
]]></def>
	</definition>
</reaserch>
<activity title2="Actividad " visible="true" path="">
</activity></engine>