﻿<?xml version="1.0" encoding="UTF-8"?>
<engine copy="Editorial Planeta" version="1" aprid="f1">
  <css><![CDATA[.defaultCSSBox2 {
	background: #000000;
}
.defaultCSSBox3 {
	background: #ffffff;
}

table.est03 td {
  text-align: left;
  font-family:verdana,geneva,sans-serif;
  padding: 10px;
}
]]></css>
  <pantallas>
    <pantalla id="pantalla_5">
      <event id="onPrepare" language="DO"><![CDATA[]]></event>
      <event id="onShown" language="DO"><![CDATA[]]></event>
      <components>
        <component _type="_compRichText" id="texto_26" x="6" y="15" width="938" height="92" alpha="1" visible="1" enabled="1" scrollable="1">
          <content><![CDATA[<p style="text-align:center"><span style="font-size:31px"><span style="font-family:georgia,serif">El crack de 1929 y sus consecuencias</span></span></p>
]]></content>
        </component>
        <component _type="_compRoundButton" id="roundbutton_115" x="111" y="169" width="242" height="42" alpha="1" visible="1" enabled="1" cssClass="roundTextButton" group="-1">
          <content><![CDATA[El crack bursátil]]></content>
          <event id="onClick" language="DO"><![CDATA[uiobject_set(rootSlider,"current",1)]]></event>
        </component>
        <component _type="_compRoundButton" id="roundbutton_125" x="111" y="248" width="242" height="42" alpha="1" visible="1" enabled="1" cssClass="roundTextButton" group="-1">
          <content><![CDATA[Causas]]></content>
          <event id="onClick" language="DO"><![CDATA[uiobject_set(rootSlider,"current",2)]]></event>
        </component>
        <component _type="_compRoundButton" id="roundbutton_127" x="111" y="327" width="242" height="42" alpha="1" visible="1" enabled="1" cssClass="roundTextButton" group="-1">
          <content><![CDATA[Consecuencias]]></content>
          <event id="onClick" language="DO"><![CDATA[uiobject_set(rootSlider,"current",3)]]></event>
        </component>
        <component _type="_compRoundButton" id="roundbutton_149" x="111" y="406" width="242" height="42" alpha="1" visible="1" enabled="1" cssClass="roundTextButton" group="-1">
          <content><![CDATA[Salidas de la crisis]]></content>
          <event id="onClick" language="DO"><![CDATA[uiobject_set(rootSlider,"current",4)]]></event>
        </component>
        <component _type="_compImage" id="image_20" x="401" y="116" width="438" height="361" alpha="1" visible="1" enabled="1" cssClass="imgbord" adjustMode="4" alignMode="2" image="data/imagenes/image_28_copy.jpg" />
      </components>
      <animaciones>
      </animaciones>
    </pantalla>
    <pantalla id="pantalla_125">
      <event id="onPrepare" language="DO"><![CDATA[]]></event>
      <event id="onShown" language="DO"><![CDATA[]]></event>
      <components>
        <component _type="_compSlider" id="diaporama_12" x="0" y="0" width="950" height="608" alpha="1" visible="1" enabled="1" transMode="1" />
        <component _type="_compSliderNav" id="slidernav_11" x="45" y="526" width="162" height="37" alpha="1" visible="1" enabled="1" sliderId="diaporama_12" showHome="1" whiteButtons="0" mode="1" />
        <component _type="_compIconButton" id="iconbutton_63" x="45" y="526" width="37" height="37" alpha="1" visible="1" enabled="1" cssClass="iconHomeButton" group="-1">
          <event id="onClick" language="DO"><![CDATA[uiobject_set(rootSlider,"current",0)]]></event>
        </component>
      </components>
      <animaciones>
        <anim id="Entrada"><![CDATA[{}]]></anim>
      </animaciones>
      <slider id="diaporama_12">
        <pantalla id="pantalla_152">
          <event id="onPrepare" language="DO"><![CDATA[]]></event>
          <event id="onShown" language="DO"><![CDATA[]]></event>
          <components>
            <component _type="_compRichText" id="texto_26" x="111" y="18" width="767" height="68" alpha="1" visible="1" enabled="1" scrollable="1">
              <content><![CDATA[<p><span style="font-size:25px"><span style="font-family:verdana,geneva,sans-serif">El crack bursátil</span></span></p>
]]></content>
            </component>
            <component _type="_compImage" id="image_20" x="110" y="116" width="730" height="361" alpha="1" visible="1" enabled="1" cssClass="imgbord" adjustMode="4" alignMode="1" image="data/imagenes/image_55_copy.jpg" />
          </components>
          <animaciones>
          </animaciones>
        </pantalla>
        <pantalla id="pantalla_156">
          <event id="onPrepare" language="DO"><![CDATA[]]></event>
          <event id="onShown" language="DO"><![CDATA[]]></event>
          <components>
            <component _type="_compRichText" id="texto_26" x="111" y="18" width="767" height="68" alpha="1" visible="1" enabled="1" scrollable="1">
              <content><![CDATA[<p><span style="font-size:25px"><span style="font-family:verdana,geneva,sans-serif">La <strong>d&eacute;cada de 1920 </strong>fue una &eacute;poca de&hellip;</span></span></p>
]]></content>
            </component>
            <component _type="_compImage" id="image_20" x="110" y="116" width="730" height="361" alpha="1" visible="1" enabled="1" cssClass="imgbord" adjustMode="4" alignMode="1" image="data/imagenes/image_68_copy.jpg" />
            <component _type="_compRichText" id="texto_19" x="110" y="434" width="729" height="97" alpha="1" visible="1" enabled="1" scrollable="1">
              <content><![CDATA[<p style="text-align:right"><span style="font-size:25px"><span style="font-family:verdana,geneva,sans-serif">... </span><strong><span style="font-family:verdana,geneva,sans-serif">prosperidad</span></strong></span></p>
]]></content>
            </component>
          </components>
          <animaciones>
          </animaciones>
        </pantalla>
        <pantalla id="pantalla_160">
          <event id="onPrepare" language="DO"><![CDATA[]]></event>
          <event id="onShown" language="DO"><![CDATA[]]></event>
          <components>
            <component _type="_compRichText" id="texto_26" x="111" y="18" width="767" height="68" alpha="1" visible="1" enabled="1" scrollable="1">
              <content><![CDATA[<p><span style="font-size:25px"><span style="font-family:verdana,geneva,sans-serif">Los felices años veinte</span></span></p>
]]></content>
            </component>
            <component _type="_compRichText" id="texto_19" x="111" y="91" width="480" height="386" alpha="1" visible="1" enabled="1" scrollable="1">
              <content><![CDATA[<ul>
	<li><span style="font-size:20px"><span style="font-family:verdana,geneva,sans-serif">Expansi&oacute;n industrial.</span></span><br />
	&nbsp;</li>
	<li><span style="font-size:20px"><span style="font-family:verdana,geneva,sans-serif">Producci&oacute;n en cadena.</span></span><br />
	&nbsp;</li>
	<li><span style="font-size:20px"><span style="font-family:verdana,geneva,sans-serif">Aumento del consumo.</span></span><br />
	&nbsp;</li>
	<li><span style="font-size:20px"><span style="font-family:verdana,geneva,sans-serif">Concesi&oacute;n de cr&eacute;ditos bancarios.</span></span></li>
</ul>

<p><span style="font-size:20px"><span style="font-family:verdana,geneva,sans-serif">El valor de las acciones en la <strong>Bolsa de Nueva York </strong>alcanz&oacute; los <strong>US$</strong> <strong>27 000 000 000</strong>.</span></span></p>
]]></content>
            </component>
            <component _type="_compRichText" id="texto_164" x="614" y="116" width="225" height="363" alpha="1" visible="1" enabled="1" scrollable="1">
              <content><![CDATA[<p style="text-align:center"><span style="font-family:verdana,geneva,sans-serif"><span style="font-size:120px">19<br />
25</span></span></p>
]]></content>
            </component>
          </components>
          <animaciones>
          </animaciones>
        </pantalla>
        <pantalla id="pantalla_165">
          <event id="onPrepare" language="DO"><![CDATA[]]></event>
          <event id="onShown" language="DO"><![CDATA[]]></event>
          <components>
            <component _type="_compRichText" id="texto_26" x="111" y="18" width="767" height="68" alpha="1" visible="1" enabled="1" scrollable="1">
              <content><![CDATA[<p><span style="font-size:25px"><span style="font-family:verdana,geneva,sans-serif">La fiebre especulativa</span></span></p>
]]></content>
            </component>
            <component _type="_compRichText" id="texto_19" x="111" y="91" width="480" height="386" alpha="1" visible="1" enabled="1" scrollable="1">
              <content><![CDATA[<ul>
	<li><span style="font-size:20px"><span style="font-family:verdana,geneva,sans-serif">Descenso del consumo.</span></span><br />
	&nbsp;</li>
	<li><span style="font-size:20px"><span style="font-family:verdana,geneva,sans-serif">Concesi&oacute;n de <strong>cr&eacute;ditos bancarios </strong>a peque&ntilde;os inversores.</span></span></li>
</ul>

<p><span style="font-size:20px"><span style="font-family:verdana,geneva,sans-serif">Los cr&eacute;ditos concedidos fueron destinados a la <strong>compra de acciones</strong>.</span></span></p>

<p><span style="font-size:20px"><span style="font-family:verdana,geneva,sans-serif"><strong>Objetivo: </strong>vender las acciones para conseguir <strong>beneficios a corto plazo</strong>.</span></span></p>
]]></content>
            </component>
            <component _type="_compRichText" id="texto_164" x="614" y="116" width="225" height="363" alpha="1" visible="1" enabled="1" scrollable="1">
              <content><![CDATA[<p style="text-align:center"><span style="font-family:verdana,geneva,sans-serif"><span style="font-size:120px">19<br />
27</span></span></p>
]]></content>
            </component>
          </components>
          <animaciones>
          </animaciones>
        </pantalla>
        <pantalla id="pantalla_169">
          <event id="onPrepare" language="DO"><![CDATA[]]></event>
          <event id="onShown" language="DO"><![CDATA[]]></event>
          <components>
            <component _type="_compRichText" id="texto_26" x="111" y="18" width="767" height="68" alpha="1" visible="1" enabled="1" scrollable="1">
              <content><![CDATA[<p><span style="font-size:25px"><span style="font-family:verdana,geneva,sans-serif">El cénit de la fiebre especulativa</span></span></p>
]]></content>
            </component>
            <component _type="_compRichText" id="texto_19" x="111" y="91" width="480" height="386" alpha="1" visible="1" enabled="1" scrollable="1">
              <content><![CDATA[<ul>
	<li><span style="font-size:20px"><span style="font-family:verdana,geneva,sans-serif">Desde 1927, el valor de las acciones aument&oacute; un <strong>300 %</strong>.</span></span><br />
	&nbsp;</li>
	<li><span style="font-size:20px"><span style="font-family:verdana,geneva,sans-serif"><strong>Estancamiento </strong>de la Bolsa (3 de septiembre).</span></span><br />
	&nbsp;</li>
	<li><span style="font-size:20px"><span style="font-family:verdana,geneva,sans-serif">Persistencia del <strong>furor especulativo</strong>.</span></span></li>
</ul>

<p><span style="font-size:20px"><span style="font-family:verdana,geneva,sans-serif">El valor de las acciones en la <strong>Bolsa de Nueva York </strong>alcanz&oacute; los <strong>US$ 89 000 000 000</strong>.</span></span></p>
]]></content>
            </component>
            <component _type="_compRichText" id="texto_164" x="614" y="116" width="225" height="363" alpha="1" visible="1" enabled="1" scrollable="1">
              <content><![CDATA[<p style="text-align:center"><span style="font-family:verdana,geneva,sans-serif"><span style="font-size:120px">19<br />
29</span></span></p>
]]></content>
            </component>
          </components>
          <animaciones>
          </animaciones>
        </pantalla>
        <pantalla id="pantalla_173">
          <event id="onPrepare" language="DO"><![CDATA[]]></event>
          <event id="onShown" language="DO"><![CDATA[]]></event>
          <components>
            <component _type="_compRichText" id="texto_26" x="111" y="18" width="767" height="68" alpha="1" visible="1" enabled="1" scrollable="1">
              <content><![CDATA[<p><span style="font-size:25px"><span style="font-family:verdana,geneva,sans-serif">El crack y su cronología</span></span></p>
]]></content>
            </component>
            <component _type="_compRichText" id="texto_19" x="111" y="91" width="514" height="433" alpha="1" visible="1" enabled="1" scrollable="1">
              <content><![CDATA[<ul>
	<li><span style="font-size:20px"><span style="font-family:verdana,geneva,sans-serif"><strong>15 de septiembre</strong>:</span></span><br />
	<br />
	<span style="font-size:20px"><span style="font-family:verdana,geneva,sans-serif">Ca&iacute;da de los precios de las acciones.</span></span><br />
	&nbsp;</li>
	<li><span style="font-size:20px"><span style="font-family:verdana,geneva,sans-serif"><span style="color:#FF8C00"><strong>24 de octubre</strong></span>; <strong>Jueves Negro</strong>:<br />
	<br />
	12 millones de acciones quedaron sin vender.</span></span><br />
	&nbsp;</li>
	<li><span style="font-size:20px"><span style="font-family:verdana,geneva,sans-serif"><strong>28 de octubre</strong>:<br />
	<br />
	9 millones de acciones quedaron sin vender.</span></span><br />
	&nbsp;</li>
	<li><span style="font-size:20px"><span style="font-family:verdana,geneva,sans-serif"><strong>29 de octubre</strong>:<br />
	<br />
	30 millones de acciones quedaron sin vender.</span></span></li>
</ul>
]]></content>
            </component>
            <component _type="_compRichText" id="texto_164" x="614" y="116" width="225" height="363" alpha="1" visible="1" enabled="1" scrollable="1">
              <content><![CDATA[<p style="text-align:center"><span style="font-family:verdana,geneva,sans-serif"><span style="font-size:120px">19<br />
29</span></span></p>
]]></content>
            </component>
            <component _type="_compIconButton" id="iconbutton_148" x="226" y="526" width="37" height="37" alpha="1" visible="1" enabled="1" cssClass="iconInfoButton" group="-1">
              <event id="onClick" language="DO"><![CDATA[popup_open("pantalla_25")]]></event>
            </component>
          </components>
          <animaciones>
          </animaciones>
        </pantalla>
      </slider>
    </pantalla>
    <pantalla id="pantalla_177">
      <event id="onPrepare" language="DO"><![CDATA[]]></event>
      <event id="onShown" language="DO"><![CDATA[]]></event>
      <components>
        <component _type="_compSlider" id="diaporama_12" x="0" y="0" width="950" height="608" alpha="1" visible="1" enabled="1" transMode="1" />
        <component _type="_compSliderNav" id="slidernav_11" x="45" y="526" width="162" height="37" alpha="1" visible="1" enabled="1" sliderId="diaporama_12" showHome="1" whiteButtons="0" mode="1" />
        <component _type="_compIconButton" id="iconbutton_63" x="45" y="526" width="37" height="37" alpha="1" visible="1" enabled="1" cssClass="iconHomeButton" group="-1">
          <event id="onClick" language="DO"><![CDATA[uiobject_set(rootSlider,"current",0)]]></event>
        </component>
      </components>
      <animaciones>
      </animaciones>
      <slider id="diaporama_12">
        <pantalla id="pantalla_182">
          <event id="onPrepare" language="DO"><![CDATA[]]></event>
          <event id="onShown" language="DO"><![CDATA[]]></event>
          <components>
            <component _type="_compRichText" id="texto_26" x="111" y="18" width="767" height="68" alpha="1" visible="1" enabled="1" scrollable="1">
              <content><![CDATA[<p><span style="font-size:25px"><span style="font-family:verdana,geneva,sans-serif">Las causas</span></span></p>
]]></content>
            </component>
            <component _type="_compImage" id="image_20" x="110" y="116" width="730" height="361" alpha="1" visible="1" enabled="1" cssClass="imgbord" adjustMode="4" alignMode="1" image="data/imagenes/image_28_copy.jpg" />
          </components>
          <animaciones>
          </animaciones>
        </pantalla>
        <pantalla id="pantalla_186">
          <event id="onPrepare" language="DO"><![CDATA[]]></event>
          <event id="onShown" language="DO"><![CDATA[]]></event>
          <components>
            <component _type="_compRichText" id="texto_26" x="111" y="18" width="767" height="68" alpha="1" visible="1" enabled="1" scrollable="1">
              <content><![CDATA[<p><span style="font-size:25px"><span style="font-family:verdana,geneva,sans-serif">Las causas</span></span></p>
]]></content>
            </component>
            <component _type="_compRichText" id="texto_190" x="99" y="100" width="763" height="406" alpha="1" visible="1" enabled="1" scrollable="1">
              <content><![CDATA[<table border="0" cellpadding="0" cellspacing="0" class="est03" style="width:100%">
	<tbody>
		<tr>
			<td>
			<pre>
<span style="font-size:20px"><span style="font-family:verdana,geneva,sans-serif">&bull; Reparto desigual de la riqueza.</span></span></pre>
			</td>
			<td><img alt="" src="data/imagenes/image_110_copya.jpg" style="height:31px; width:70px" /></td>
			<td><span style="font-size:20px"><span style="font-family:verdana,geneva,sans-serif">Endeudamiento para consumir.</span></span></td>
		</tr>
	</tbody>
</table>
]]></content>
            </component>
          </components>
          <animaciones>
            <anim id="Entrada"><![CDATA[{}]]></anim>
          </animaciones>
        </pantalla>
        <pantalla id="pantalla_192">
          <event id="onPrepare" language="DO"><![CDATA[]]></event>
          <event id="onShown" language="DO"><![CDATA[]]></event>
          <components>
            <component _type="_compRichText" id="texto_26" x="111" y="18" width="767" height="68" alpha="1" visible="1" enabled="1" scrollable="1">
              <content><![CDATA[<p><span style="font-size:25px"><span style="font-family:verdana,geneva,sans-serif">Las causas</span></span></p>
]]></content>
            </component>
            <component _type="_compRichText" id="texto_190" x="96" y="100" width="763" height="406" alpha="1" visible="1" enabled="1" scrollable="1">
              <content><![CDATA[<table border="0" cellpadding="0" cellspacing="0" class="est03" style="width:100%">
	<tbody>
		<tr>
			<td>
			<pre>
<span style="font-size:20px"><span style="font-family:verdana,geneva,sans-serif">&bull; Reparto desigual de la riqueza.</span></span></pre>
			</td>
			<td><img alt="" src="data/imagenes/image_110_copya.jpg" style="height:31px; width:70px" /></td>
			<td><span style="font-size:20px"><span style="font-family:verdana,geneva,sans-serif">Endeudamiento para consumir.</span></span></td>
		</tr>
		<tr>
			<td><span style="font-size:20px"><span style="font-family:verdana,geneva,sans-serif">&bull; Ca&iacute;da del comercio.</span></span></td>
			<td><img alt="" src="data/imagenes/image_110_copya.jpg" style="height:31px; width:70px" /></td>
			<td><span style="font-size:20px"><span style="font-family:verdana,geneva,sans-serif">Pol&iacute;ticas proteccionistas: restricciones a las importaciones (interior) y a las exportaciones (exterior).</span></span></td>
		</tr>
	</tbody>
</table>
]]></content>
            </component>
          </components>
          <animaciones>
            <anim id="Entrada"><![CDATA[{"fondo_191":[],"fondo_191.x":[{"time":0,"value":46,"easing":"Linear.EaseNone"}],"fondo_191.y":[{"time":0,"value":312,"easing":"Linear.EaseNone"}],"fondo_191.width":[{"time":0,"value":856,"easing":"Linear.EaseNone"}],"fondo_191.height":[{"time":0,"value":300,"easing":"Linear.EaseNone"}],"fondo_191.alpha":[{"time":0,"value":1,"easing":"Linear.EaseNone"}]}]]></anim>
          </animaciones>
        </pantalla>
        <pantalla id="pantalla_196">
          <event id="onPrepare" language="DO"><![CDATA[]]></event>
          <event id="onShown" language="DO"><![CDATA[]]></event>
          <components>
            <component _type="_compRichText" id="texto_26" x="111" y="18" width="767" height="68" alpha="1" visible="1" enabled="1" scrollable="1">
              <content><![CDATA[<p><span style="font-size:25px"><span style="font-family:verdana,geneva,sans-serif">Las causas</span></span></p>
]]></content>
            </component>
            <component _type="_compRichText" id="texto_190" x="99" y="100" width="763" height="406" alpha="1" visible="1" enabled="1" scrollable="1">
              <content><![CDATA[<table border="0" cellpadding="0" cellspacing="0" class="est03" style="width:100%">
	<tbody>
		<tr>
			<td>
			<pre>
<span style="font-size:20px"><span style="font-family:verdana,geneva,sans-serif">&bull; Reparto desigual de la riqueza.</span></span></pre>
			</td>
			<td><img alt="" src="data/imagenes/image_110_copya.jpg" style="height:31px; width:70px" /></td>
			<td><span style="font-size:20px"><span style="font-family:verdana,geneva,sans-serif">Endeudamiento para consumir.</span></span></td>
		</tr>
		<tr>
			<td><span style="font-size:20px"><span style="font-family:verdana,geneva,sans-serif">&bull; Ca&iacute;da del comercio.</span></span></td>
			<td><img alt="" src="data/imagenes/image_110_copya.jpg" style="height:31px; width:70px" /></td>
			<td><span style="font-size:20px"><span style="font-family:verdana,geneva,sans-serif">Pol&iacute;ticas proteccionistas: restricciones a las importaciones (interior) y a las exportaciones (exterior).</span></span></td>
		</tr>
		<tr>
			<td><span style="font-size:20px">&bull; Exceso de stocks.</span></td>
			<td><img alt="" src="data/imagenes/image_110_copya.jpg" style="height:31px; width:70px" /></td>
			<td>
			<p><span style="font-size:20px">Las empresas dejan de fabricar.</span></p>
			</td>
		</tr>
	</tbody>
</table>
]]></content>
            </component>
          </components>
          <animaciones>
          </animaciones>
        </pantalla>
        <pantalla id="pantalla_200">
          <event id="onPrepare" language="DO"><![CDATA[]]></event>
          <event id="onShown" language="DO"><![CDATA[]]></event>
          <components>
            <component _type="_compRichText" id="texto_26" x="111" y="18" width="767" height="68" alpha="1" visible="1" enabled="1" scrollable="1">
              <content><![CDATA[<p><span style="font-size:25px"><span style="font-family:verdana,geneva,sans-serif">Las causas</span></span></p>
]]></content>
            </component>
            <component _type="_compRichText" id="texto_190" x="99" y="100" width="763" height="511" alpha="1" visible="1" enabled="1" scrollable="1">
              <content><![CDATA[<table border="0" cellpadding="0" cellspacing="0" class="est03" style="width:100%">
	<tbody>
		<tr>
			<td>
			<pre>
<span style="font-size:20px"><span style="font-family:verdana,geneva,sans-serif">&bull; Reparto desigual de la riqueza.</span></span></pre>
			</td>
			<td><img alt="" src="data/imagenes/image_110_copya.jpg" style="height:31px; width:70px" /></td>
			<td><span style="font-size:20px"><span style="font-family:verdana,geneva,sans-serif">Endeudamiento para consumir.</span></span></td>
		</tr>
		<tr>
			<td><span style="font-size:20px"><span style="font-family:verdana,geneva,sans-serif">&bull; Ca&iacute;da del comercio.</span></span></td>
			<td><img alt="" src="data/imagenes/image_110_copya.jpg" style="height:31px; width:70px" /></td>
			<td><span style="font-size:20px"><span style="font-family:verdana,geneva,sans-serif">Pol&iacute;ticas proteccionistas: restricciones a las importaciones (interior) y a las exportaciones (exterior).</span></span></td>
		</tr>
		<tr>
			<td><span style="font-size:20px">&bull; Exceso de stocks.</span></td>
			<td><img alt="" src="data/imagenes/image_110_copya.jpg" style="height:31px; width:70px" /></td>
			<td>
			<p><span style="font-size:20px">Las empresas dejan de fabricar.</span></p>
			</td>
		</tr>
		<tr>
			<td><span style="font-size:20px">&bull; Especulaci&oacute;n desorbitada.</span></td>
			<td><img alt="" src="data/imagenes/image_110_copya.jpg" style="height:31px; width:70px" /></td>
			<td>
			<p><span style="font-size:20px">Los precios suben de forma desmesurada.</span></p>
			</td>
		</tr>
	</tbody>
</table>
]]></content>
            </component>
            <component _type="_compIconButton" id="iconbutton_148" x="226" y="526" width="37" height="37" alpha="1" visible="1" enabled="1" cssClass="iconInfoButton" group="-1">
              <event id="onClick" language="DO"><![CDATA[popup_open("pantalla_204")]]></event>
            </component>
          </components>
          <animaciones>
            <anim id="Entrada"><![CDATA[{}]]></anim>
          </animaciones>
        </pantalla>
      </slider>
    </pantalla>
    <pantalla id="pantalla_208">
      <event id="onPrepare" language="DO"><![CDATA[]]></event>
      <event id="onShown" language="DO"><![CDATA[]]></event>
      <components>
        <component _type="_compSlider" id="diaporama_12" x="0" y="0" width="950" height="608" alpha="1" visible="1" enabled="1" transMode="1" />
        <component _type="_compSliderNav" id="slidernav_11" x="45" y="526" width="162" height="37" alpha="1" visible="1" enabled="1" sliderId="diaporama_12" showHome="1" whiteButtons="0" mode="1" />
        <component _type="_compIconButton" id="iconbutton_63" x="45" y="526" width="37" height="37" alpha="1" visible="1" enabled="1" cssClass="iconHomeButton" group="-1">
          <event id="onClick" language="DO"><![CDATA[uiobject_set(rootSlider,"current",0)]]></event>
        </component>
      </components>
      <animaciones>
      </animaciones>
      <slider id="diaporama_12">
        <pantalla id="pantalla_213">
          <event id="onPrepare" language="DO"><![CDATA[]]></event>
          <event id="onShown" language="DO"><![CDATA[]]></event>
          <components>
            <component _type="_compRichText" id="texto_26" x="111" y="18" width="767" height="68" alpha="1" visible="1" enabled="1" scrollable="1">
              <content><![CDATA[<p><span style="font-size:25px"><span style="font-family:verdana,geneva,sans-serif">Las consecuencias</span></span></p>
]]></content>
            </component>
            <component _type="_compImage" id="image_20" x="110" y="116" width="730" height="361" alpha="1" visible="1" enabled="1" cssClass="imgbord" adjustMode="4" alignMode="1" image="data/imagenes/image_116_copy.jpg" />
          </components>
          <animaciones>
          </animaciones>
        </pantalla>
        <pantalla id="pantalla_217">
          <event id="onPrepare" language="DO"><![CDATA[]]></event>
          <event id="onShown" language="DO"><![CDATA[]]></event>
          <components>
            <component _type="_compRichText" id="texto_26" x="111" y="18" width="767" height="68" alpha="1" visible="1" enabled="1" scrollable="1">
              <content><![CDATA[<p><span style="font-size:25px"><span style="font-family:verdana,geneva,sans-serif">Las consecuencias</span></span></p>
]]></content>
            </component>
            <component _type="_compRichText" id="texto_190" x="99" y="103" width="810" height="441" alpha="1" visible="1" enabled="1" scrollable="1">
              <content><![CDATA[<table border="0" cellpadding="0" cellspacing="0" class="est03" style="width:100%">
	<tbody>
		<tr>
			<td>
			<pre>
<span style="font-size:18px"><span style="font-family:verdana,geneva,sans-serif">&bull; Hundimiento de los mercados
agr&iacute;colas.</span></span></pre>
			</td>
			<td><span style="font-size:18px"><span style="font-family:verdana,geneva,sans-serif"><img alt="" src="data/imagenes/image_110_copya.jpg" style="height:31px; width:70px" /></span></span></td>
			<td><span style="font-size:18px"><span style="font-family:verdana,geneva,sans-serif">Ruina de peque&ntilde;os y medianos agricultores, empresarios e inversores.</span></span></td>
		</tr>
		<tr>
			<td><span style="font-size:18px"><span style="font-family:verdana,geneva,sans-serif">&bull; Ca&iacute;da de las inversiones.</span></span></td>
			<td><span style="font-size:18px"><span style="font-family:verdana,geneva,sans-serif"><img alt="" src="data/imagenes/image_110_copya.jpg" style="height:31px; width:70px" /></span></span></td>
			<td><span style="font-size:18px"><span style="font-family:verdana,geneva,sans-serif">Las empresas no encuentran liquidez.</span></span></td>
		</tr>
		<tr>
			<td><span style="font-size:18px"><span style="font-family:verdana,geneva,sans-serif">&bull; Cierre de empresas.</span></span></td>
			<td><span style="font-size:18px"><span style="font-family:verdana,geneva,sans-serif"><img alt="" src="data/imagenes/image_110_copya.jpg" style="height:31px; width:70px" /></span></span></td>
			<td>
			<p><span style="font-size:18px"><span style="font-family:verdana,geneva,sans-serif">Se destruyen puestos de trabajo.</span></span></p>
			</td>
		</tr>
		<tr>
			<td><span style="font-size:18px"><span style="font-family:verdana,geneva,sans-serif">&bull; Aumento del paro.</span></span></td>
			<td><span style="font-size:18px"><span style="font-family:verdana,geneva,sans-serif"><img alt="" src="data/imagenes/image_110_copya.jpg" style="height:31px; width:70px" /></span></span></td>
			<td>
			<p><span style="font-size:18px"><span style="font-family:verdana,geneva,sans-serif">La gente lucha por la subsistencia.</span></span></p>
			</td>
		</tr>
		<tr>
			<td><span style="font-size:18px"><span style="font-family:verdana,geneva,sans-serif">&bull; Reducci&oacute;n del consumo.</span></span></td>
			<td><span style="font-size:18px"><span style="font-family:verdana,geneva,sans-serif"><img alt="" src="data/imagenes/image_110_copya.jpg" style="height:31px; width:70px" /></span></span></td>
			<td>
			<p><span style="font-size:18px"><span style="font-family:verdana,geneva,sans-serif">La m&aacute;quina capitalista se queda sin energ&iacute;a con la que funcionar.</span></span></p>
			</td>
		</tr>
	</tbody>
</table>
]]></content>
            </component>
            <component _type="_compCSSBox" id="fondo_191" x="46" y="199" width="856" height="357" alpha="1" visible="1" enabled="1" cssClass="defaultCSSBox3" />
          </components>
          <animaciones>
          </animaciones>
        </pantalla>
        <pantalla id="pantalla_221">
          <event id="onPrepare" language="DO"><![CDATA[]]></event>
          <event id="onShown" language="DO"><![CDATA[]]></event>
          <components>
            <component _type="_compRichText" id="texto_26" x="111" y="18" width="767" height="68" alpha="1" visible="1" enabled="1" scrollable="1">
              <content><![CDATA[<p><span style="font-size:25px"><span style="font-family:verdana,geneva,sans-serif">Las consecuencias</span></span></p>
]]></content>
            </component>
            <component _type="_compRichText" id="texto_190" x="99" y="100" width="763" height="444" alpha="1" visible="1" enabled="1" scrollable="1">
              <content><![CDATA[<table border="0" cellpadding="0" cellspacing="0" class="est03" style="width:100%">
	<tbody>
		<tr>
			<td>
			<pre>
<span style="font-size:18px"><span style="font-family:verdana,geneva,sans-serif">&bull; Hundimiento de los mercados
agr&iacute;colas.</span></span></pre>
			</td>
			<td><span style="font-size:18px"><span style="font-family:verdana,geneva,sans-serif"><img alt="" src="data/imagenes/image_110_copya.jpg" style="height:31px; width:70px" /></span></span></td>
			<td><span style="font-size:18px"><span style="font-family:verdana,geneva,sans-serif">Ruina de peque&ntilde;os y medianos agricultores, empresarios e inversores.</span></span></td>
		</tr>
		<tr>
			<td><span style="font-size:18px"><span style="font-family:verdana,geneva,sans-serif">&bull; Ca&iacute;da de las inversiones.</span></span></td>
			<td><span style="font-size:18px"><span style="font-family:verdana,geneva,sans-serif"><img alt="" src="data/imagenes/image_110_copya.jpg" style="height:31px; width:70px" /></span></span></td>
			<td><span style="font-size:18px"><span style="font-family:verdana,geneva,sans-serif">Las empresas no encuentran liquidez.</span></span></td>
		</tr>
		<tr>
			<td><span style="font-size:18px"><span style="font-family:verdana,geneva,sans-serif">&bull; Cierre de empresas.</span></span></td>
			<td><span style="font-size:18px"><span style="font-family:verdana,geneva,sans-serif"><img alt="" src="data/imagenes/image_110_copya.jpg" style="height:31px; width:70px" /></span></span></td>
			<td>
			<p><span style="font-size:18px"><span style="font-family:verdana,geneva,sans-serif">Se destruyen puestos de trabajo.</span></span></p>
			</td>
		</tr>
		<tr>
			<td><span style="font-size:18px"><span style="font-family:verdana,geneva,sans-serif">&bull; Aumento del paro.</span></span></td>
			<td><span style="font-size:18px"><span style="font-family:verdana,geneva,sans-serif"><img alt="" src="data/imagenes/image_110_copya.jpg" style="height:31px; width:70px" /></span></span></td>
			<td>
			<p><span style="font-size:18px"><span style="font-family:verdana,geneva,sans-serif">La gente lucha por la subsistencia.</span></span></p>
			</td>
		</tr>
		<tr>
			<td><span style="font-size:18px"><span style="font-family:verdana,geneva,sans-serif">&bull; Reducci&oacute;n del consumo.</span></span></td>
			<td><span style="font-size:18px"><span style="font-family:verdana,geneva,sans-serif"><img alt="" src="data/imagenes/image_110_copya.jpg" style="height:31px; width:70px" /></span></span></td>
			<td>
			<p><span style="font-size:18px"><span style="font-family:verdana,geneva,sans-serif">La m&aacute;quina capitalista se queda sin energ&iacute;a con la que funcionar.</span></span></p>
			</td>
		</tr>
	</tbody>
</table>
]]></content>
            </component>
            <component _type="_compCSSBox" id="fondo_191" x="46" y="261" width="856" height="295" alpha="1" visible="1" enabled="1" cssClass="defaultCSSBox3" />
          </components>
          <animaciones>
          </animaciones>
        </pantalla>
        <pantalla id="pantalla_225">
          <event id="onPrepare" language="DO"><![CDATA[]]></event>
          <event id="onShown" language="DO"><![CDATA[]]></event>
          <components>
            <component _type="_compRichText" id="texto_26" x="111" y="18" width="767" height="68" alpha="1" visible="1" enabled="1" scrollable="1">
              <content><![CDATA[<p><span style="font-size:25px"><span style="font-family:verdana,geneva,sans-serif">Las consecuencias</span></span></p>
]]></content>
            </component>
            <component _type="_compRichText" id="texto_190" x="99" y="100" width="763" height="444" alpha="1" visible="1" enabled="1" scrollable="1">
              <content><![CDATA[<table border="0" cellpadding="0" cellspacing="0" class="est03" style="width:100%">
	<tbody>
		<tr>
			<td>
			<pre>
<span style="font-size:18px"><span style="font-family:verdana,geneva,sans-serif">&bull; Hundimiento de los mercados
agr&iacute;colas.</span></span></pre>
			</td>
			<td><span style="font-size:18px"><span style="font-family:verdana,geneva,sans-serif"><img alt="" src="data/imagenes/image_110_copya.jpg" style="height:31px; width:70px" /></span></span></td>
			<td><span style="font-size:18px"><span style="font-family:verdana,geneva,sans-serif">Ruina de peque&ntilde;os y medianos agricultores, empresarios e inversores.</span></span></td>
		</tr>
		<tr>
			<td><span style="font-size:18px"><span style="font-family:verdana,geneva,sans-serif">&bull; Ca&iacute;da de las inversiones.</span></span></td>
			<td><span style="font-size:18px"><span style="font-family:verdana,geneva,sans-serif"><img alt="" src="data/imagenes/image_110_copya.jpg" style="height:31px; width:70px" /></span></span></td>
			<td><span style="font-size:18px"><span style="font-family:verdana,geneva,sans-serif">Las empresas no encuentran liquidez.</span></span></td>
		</tr>
		<tr>
			<td><span style="font-size:18px"><span style="font-family:verdana,geneva,sans-serif">&bull; Cierre de empresas.</span></span></td>
			<td><span style="font-size:18px"><span style="font-family:verdana,geneva,sans-serif"><img alt="" src="data/imagenes/image_110_copya.jpg" style="height:31px; width:70px" /></span></span></td>
			<td>
			<p><span style="font-size:18px"><span style="font-family:verdana,geneva,sans-serif">Se destruyen puestos de trabajo.</span></span></p>
			</td>
		</tr>
		<tr>
			<td><span style="font-size:18px"><span style="font-family:verdana,geneva,sans-serif">&bull; Aumento del paro.</span></span></td>
			<td><span style="font-size:18px"><span style="font-family:verdana,geneva,sans-serif"><img alt="" src="data/imagenes/image_110_copya.jpg" style="height:31px; width:70px" /></span></span></td>
			<td>
			<p><span style="font-size:18px"><span style="font-family:verdana,geneva,sans-serif">La gente lucha por la subsistencia.</span></span></p>
			</td>
		</tr>
		<tr>
			<td><span style="font-size:18px"><span style="font-family:verdana,geneva,sans-serif">&bull; Reducci&oacute;n del consumo.</span></span></td>
			<td><span style="font-size:18px"><span style="font-family:verdana,geneva,sans-serif"><img alt="" src="data/imagenes/image_110_copya.jpg" style="height:31px; width:70px" /></span></span></td>
			<td>
			<p><span style="font-size:18px"><span style="font-family:verdana,geneva,sans-serif">La m&aacute;quina capitalista se queda sin energ&iacute;a con la que funcionar.</span></span></p>
			</td>
		</tr>
	</tbody>
</table>
]]></content>
            </component>
            <component _type="_compCSSBox" id="fondo_191" x="46" y="341" width="856" height="215" alpha="1" visible="1" enabled="1" cssClass="defaultCSSBox3" />
          </components>
          <animaciones>
          </animaciones>
        </pantalla>
        <pantalla id="pantalla_229">
          <event id="onPrepare" language="DO"><![CDATA[]]></event>
          <event id="onShown" language="DO"><![CDATA[]]></event>
          <components>
            <component _type="_compRichText" id="texto_26" x="111" y="18" width="767" height="68" alpha="1" visible="1" enabled="1" scrollable="1">
              <content><![CDATA[<p><span style="font-size:25px"><span style="font-family:verdana,geneva,sans-serif">Las consecuencias</span></span></p>
]]></content>
            </component>
            <component _type="_compRichText" id="texto_190" x="99" y="100" width="763" height="444" alpha="1" visible="1" enabled="1" scrollable="1">
              <content><![CDATA[<table border="0" cellpadding="0" cellspacing="0" class="est03" style="width:100%">
	<tbody>
		<tr>
			<td>
			<pre>
<span style="font-size:18px"><span style="font-family:verdana,geneva,sans-serif">&bull; Hundimiento de los mercados
agr&iacute;colas.</span></span></pre>
			</td>
			<td><span style="font-size:18px"><span style="font-family:verdana,geneva,sans-serif"><img alt="" src="data/imagenes/image_110_copya.jpg" style="height:31px; width:70px" /></span></span></td>
			<td><span style="font-size:18px"><span style="font-family:verdana,geneva,sans-serif">Ruina de peque&ntilde;os y medianos agricultores, empresarios e inversores.</span></span></td>
		</tr>
		<tr>
			<td><span style="font-size:18px"><span style="font-family:verdana,geneva,sans-serif">&bull; Ca&iacute;da de las inversiones.</span></span></td>
			<td><span style="font-size:18px"><span style="font-family:verdana,geneva,sans-serif"><img alt="" src="data/imagenes/image_110_copya.jpg" style="height:31px; width:70px" /></span></span></td>
			<td><span style="font-size:18px"><span style="font-family:verdana,geneva,sans-serif">Las empresas no encuentran liquidez.</span></span></td>
		</tr>
		<tr>
			<td><span style="font-size:18px"><span style="font-family:verdana,geneva,sans-serif">&bull; Cierre de empresas.</span></span></td>
			<td><span style="font-size:18px"><span style="font-family:verdana,geneva,sans-serif"><img alt="" src="data/imagenes/image_110_copya.jpg" style="height:31px; width:70px" /></span></span></td>
			<td>
			<p><span style="font-size:18px"><span style="font-family:verdana,geneva,sans-serif">Se destruyen puestos de trabajo.</span></span></p>
			</td>
		</tr>
		<tr>
			<td><span style="font-size:18px"><span style="font-family:verdana,geneva,sans-serif">&bull; Aumento del paro.</span></span></td>
			<td><span style="font-size:18px"><span style="font-family:verdana,geneva,sans-serif"><img alt="" src="data/imagenes/image_110_copya.jpg" style="height:31px; width:70px" /></span></span></td>
			<td>
			<p><span style="font-size:18px"><span style="font-family:verdana,geneva,sans-serif">La gente lucha por la subsistencia.</span></span></p>
			</td>
		</tr>
		<tr>
			<td><span style="font-size:18px"><span style="font-family:verdana,geneva,sans-serif">&bull; Reducci&oacute;n del consumo.</span></span></td>
			<td><span style="font-size:18px"><span style="font-family:verdana,geneva,sans-serif"><img alt="" src="data/imagenes/image_110_copya.jpg" style="height:31px; width:70px" /></span></span></td>
			<td>
			<p><span style="font-size:18px"><span style="font-family:verdana,geneva,sans-serif">La m&aacute;quina capitalista se queda sin energ&iacute;a con la que funcionar.</span></span></p>
			</td>
		</tr>
	</tbody>
</table>
]]></content>
            </component>
            <component _type="_compCSSBox" id="fondo_191" x="46" y="409" width="856" height="147" alpha="1" visible="1" enabled="1" cssClass="defaultCSSBox3" />
          </components>
          <animaciones>
          </animaciones>
        </pantalla>
        <pantalla id="pantalla_233">
          <event id="onPrepare" language="DO"><![CDATA[]]></event>
          <event id="onShown" language="DO"><![CDATA[]]></event>
          <components>
            <component _type="_compRichText" id="texto_26" x="111" y="18" width="767" height="68" alpha="1" visible="1" enabled="1" scrollable="1">
              <content><![CDATA[<p><span style="font-size:25px"><span style="font-family:verdana,geneva,sans-serif">Las consecuencias</span></span></p>
]]></content>
            </component>
            <component _type="_compRichText" id="texto_190" x="99" y="100" width="763" height="510" alpha="1" visible="1" enabled="1" scrollable="1">
              <content><![CDATA[<table border="0" cellpadding="0" cellspacing="0" class="est03" style="width:100%">
	<tbody>
		<tr>
			<td>
			<pre>
<span style="font-size:18px"><span style="font-family:verdana,geneva,sans-serif">&bull; Hundimiento de los mercados
agr&iacute;colas.</span></span></pre>
			</td>
			<td><span style="font-size:18px"><span style="font-family:verdana,geneva,sans-serif"><img alt="" src="data/imagenes/image_110_copya.jpg" style="height:31px; width:70px" /></span></span></td>
			<td><span style="font-size:18px"><span style="font-family:verdana,geneva,sans-serif">Ruina de peque&ntilde;os y medianos agricultores, empresarios e inversores.</span></span></td>
		</tr>
		<tr>
			<td><span style="font-size:18px"><span style="font-family:verdana,geneva,sans-serif">&bull; Ca&iacute;da de las inversiones.</span></span></td>
			<td><span style="font-size:18px"><span style="font-family:verdana,geneva,sans-serif"><img alt="" src="data/imagenes/image_110_copya.jpg" style="height:31px; width:70px" /></span></span></td>
			<td><span style="font-size:18px"><span style="font-family:verdana,geneva,sans-serif">Las empresas no encuentran liquidez.</span></span></td>
		</tr>
		<tr>
			<td><span style="font-size:18px"><span style="font-family:verdana,geneva,sans-serif">&bull; Cierre de empresas.</span></span></td>
			<td><span style="font-size:18px"><span style="font-family:verdana,geneva,sans-serif"><img alt="" src="data/imagenes/image_110_copya.jpg" style="height:31px; width:70px" /></span></span></td>
			<td>
			<p><span style="font-size:18px"><span style="font-family:verdana,geneva,sans-serif">Se destruyen puestos de trabajo.</span></span></p>
			</td>
		</tr>
		<tr>
			<td><span style="font-size:18px"><span style="font-family:verdana,geneva,sans-serif">&bull; Aumento del paro.</span></span></td>
			<td><span style="font-size:18px"><span style="font-family:verdana,geneva,sans-serif"><img alt="" src="data/imagenes/image_110_copya.jpg" style="height:31px; width:70px" /></span></span></td>
			<td>
			<p><span style="font-size:18px"><span style="font-family:verdana,geneva,sans-serif">La gente lucha por la subsistencia.</span></span></p>
			</td>
		</tr>
		<tr>
			<td><span style="font-size:18px"><span style="font-family:verdana,geneva,sans-serif">&bull; Reducci&oacute;n del consumo.</span></span></td>
			<td><span style="font-size:18px"><span style="font-family:verdana,geneva,sans-serif"><img alt="" src="data/imagenes/image_110_copya.jpg" style="height:31px; width:70px" /></span></span></td>
			<td>
			<p><span style="font-size:18px"><span style="font-family:verdana,geneva,sans-serif">La m&aacute;quina capitalista se queda sin energ&iacute;a con la que funcionar.</span></span></p>
			</td>
		</tr>
	</tbody>
</table>
]]></content>
            </component>
            <component _type="_compIconButton" id="iconbutton_148" x="226" y="526" width="37" height="37" alpha="1" visible="1" enabled="1" cssClass="iconInfoButton" group="-1">
              <event id="onClick" language="DO"><![CDATA[popup_open("pantalla_237")]]></event>
            </component>
          </components>
          <animaciones>
          </animaciones>
        </pantalla>
      </slider>
    </pantalla>
    <pantalla id="pantalla_241">
      <event id="onPrepare" language="DO"><![CDATA[]]></event>
      <event id="onShown" language="DO"><![CDATA[]]></event>
      <components>
        <component _type="_compSlider" id="diaporama_12" x="0" y="0" width="950" height="608" alpha="1" visible="1" enabled="1" transMode="1" />
        <component _type="_compSliderNav" id="slidernav_11" x="45" y="526" width="162" height="37" alpha="1" visible="1" enabled="1" sliderId="diaporama_12" showHome="1" whiteButtons="0" mode="1" />
        <component _type="_compIconButton" id="iconbutton_63" x="45" y="526" width="37" height="37" alpha="1" visible="1" enabled="1" cssClass="iconHomeButton" group="-1">
          <event id="onClick" language="DO"><![CDATA[uiobject_set(rootSlider,"current",0)]]></event>
        </component>
      </components>
      <animaciones>
      </animaciones>
      <slider id="diaporama_12">
        <pantalla id="pantalla_246">
          <event id="onPrepare" language="DO"><![CDATA[]]></event>
          <event id="onShown" language="DO"><![CDATA[]]></event>
          <components>
            <component _type="_compRichText" id="texto_26" x="111" y="18" width="767" height="68" alpha="1" visible="1" enabled="1" scrollable="1">
              <content><![CDATA[<p><span style="font-size:25px"><span style="font-family:verdana,geneva,sans-serif">Las salidas de la crisis</span></span></p>
]]></content>
            </component>
            <component _type="_compImage" id="image_20" x="110" y="116" width="730" height="361" alpha="1" visible="1" enabled="1" cssClass="imgbord" adjustMode="4" alignMode="1" image="data/imagenes/image_127_copy.jpg" />
          </components>
          <animaciones>
          </animaciones>
        </pantalla>
        <pantalla id="pantalla_250">
          <event id="onPrepare" language="DO"><![CDATA[]]></event>
          <event id="onShown" language="DO"><![CDATA[]]></event>
          <components>
            <component _type="_compRichText" id="texto_26" x="111" y="18" width="767" height="68" alpha="1" visible="1" enabled="1" scrollable="1">
              <content><![CDATA[<p><span style="font-size:25px"><span style="font-family:verdana,geneva,sans-serif">Las salidas de la crisis</span></span></p>
]]></content>
            </component>
            <component _type="_compRichText" id="texto_19" x="270" y="91" width="410" height="443" alpha="1" visible="1" enabled="1" scrollable="1">
              <content><![CDATA[<p><span style="font-size:19px"><em><strong><span style="font-family:verdana,geneva,sans-serif">Laissez faire</span></strong></em></span></p>

<ul>
	<li><span style="font-size:19px"><span style="font-family:verdana,geneva,sans-serif">Defendido por el Partido Republicano.</span></span></li>
	<li><span style="font-size:19px"><span style="font-family:verdana,geneva,sans-serif">Subsidio de desempleo asumido por municipios y beneficencia.</span></span></li>
	<li><span style="font-size:19px"><span style="font-family:verdana,geneva,sans-serif">Reducci&oacute;n gasto p&uacute;blico y privado.</span></span></li>
	<li><span style="font-size:19px"><span style="font-family:verdana,geneva,sans-serif">Reducci&oacute;n de salarios.</span></span></li>
	<li><span style="font-size:19px"><span style="font-family:verdana,geneva,sans-serif">Acumulaci&oacute;n de la riqueza por parte de los empresarios.</span></span></li>
	<li><span style="font-size:19px"><span style="font-family:verdana,geneva,sans-serif">Inversi&oacute;n de los beneficios de las empresas.</span></span></li>
</ul>

<p style="text-align:center"><span style="font-size:19px"><img alt="" src="data/imagenes/image_110_copyb.jpg" style="height:70px; width:31px" /></span></p>

<p style="text-align:center"><span style="font-size:19px"><span style="color:rgb(255, 140, 0)"><strong><span style="font-family:verdana,geneva,sans-serif">Reactivaci&oacute;n de la econom&iacute;a</span></strong></span></span></p>
]]></content>
            </component>
          </components>
          <animaciones>
          </animaciones>
        </pantalla>
        <pantalla id="pantalla_254">
          <event id="onPrepare" language="DO"><![CDATA[]]></event>
          <event id="onShown" language="DO"><![CDATA[]]></event>
          <components>
            <component _type="_compRichText" id="texto_26" x="111" y="18" width="767" height="68" alpha="1" visible="1" enabled="1" scrollable="1">
              <content><![CDATA[<p><span style="font-size:25px"><span style="font-family:verdana,geneva,sans-serif">Las salidas de la crisis</span></span></p>
]]></content>
            </component>
            <component _type="_compRichText" id="texto_19" x="270" y="91" width="410" height="443" alpha="1" visible="1" enabled="1" scrollable="1">
              <content><![CDATA[<p><span style="font-size:19px"><span style="font-family:verdana,geneva,sans-serif"><em><strong>New Deal</strong></em></span></span></p>

<ul>
	<li><span style="font-size:19px"><span style="font-family:verdana,geneva,sans-serif">Defendido por el Partido Dem&oacute;crata.</span></span></li>
	<li><span style="font-size:19px"><span style="font-family:verdana,geneva,sans-serif">Subsidio de desempleo asumido por el Estado.</span></span></li>
	<li><span style="font-size:19px"><span style="font-family:verdana,geneva,sans-serif">Aumento del gasto p&uacute;blico.</span></span></li>
	<li><span style="font-size:19px"><span style="font-family:verdana,geneva,sans-serif">Extensi&oacute;n del poder adquisitivo.</span></span></li>
	<li><span style="font-size:19px"><span style="font-family:verdana,geneva,sans-serif">Prohibici&oacute;n a los bancos comerciales de participar en negocios de inversi&oacute;n.</span></span></li>
</ul>

<p style="text-align:center"><span style="font-size:19px"><span style="font-family:verdana,geneva,sans-serif"><img alt="" src="data/imagenes/image_110_copyb.jpg" style="height:70px; width:31px" /></span></span></p>

<p style="text-align:center"><span style="font-size:19px"><span style="font-family:verdana,geneva,sans-serif"><span style="color:rgb(255, 140, 0)"><strong>Reactivaci&oacute;n de la econom&iacute;a</strong></span></span></span></p>
]]></content>
            </component>
          </components>
          <animaciones>
          </animaciones>
        </pantalla>
        <pantalla id="pantalla_258">
          <event id="onPrepare" language="DO"><![CDATA[]]></event>
          <event id="onShown" language="DO"><![CDATA[]]></event>
          <components>
            <component _type="_compRichText" id="texto_26" x="111" y="18" width="767" height="68" alpha="1" visible="1" enabled="1" scrollable="1">
              <content><![CDATA[<p><span style="font-size:25px"><span style="font-family:verdana,geneva,sans-serif">Las salidas de la crisis</span></span></p>
]]></content>
            </component>
            <component _type="_compRichText" id="texto_19" x="560" y="91" width="351" height="443" alpha="1" visible="1" enabled="1" scrollable="1">
              <content><![CDATA[<p><span style="font-size:19px"><span style="font-family:verdana,geneva,sans-serif"><em><strong>New Deal</strong></em></span></span></p>

<ul>
	<li><span style="font-size:19px"><span style="font-family:verdana,geneva,sans-serif">Defendido por el Partido Dem&oacute;crata.</span></span></li>
	<li><span style="font-size:19px"><span style="font-family:verdana,geneva,sans-serif">Subsidio de desempleo asumido por el Estado.</span></span></li>
	<li><span style="font-size:19px"><span style="font-family:verdana,geneva,sans-serif">Aumento del gasto p&uacute;blico.</span></span></li>
	<li><span style="font-size:19px"><span style="font-family:verdana,geneva,sans-serif">Extensi&oacute;n del poder adquisitivo.</span></span></li>
	<li><span style="font-size:19px"><span style="font-family:verdana,geneva,sans-serif">Prohibici&oacute;n a los bancos comerciales de participar en negocios de inversi&oacute;n.</span></span></li>
</ul>

<p style="text-align:center"><span style="font-size:19px"><span style="font-family:verdana,geneva,sans-serif"><img alt="" src="data/imagenes/image_110_copyb.jpg" style="height:70px; width:31px" /></span></span></p>

<p style="text-align:center"><span style="font-size:19px"><span style="font-family:verdana,geneva,sans-serif"><span style="color:rgb(255, 140, 0)"><strong>Reactivaci&oacute;n de la econom&iacute;a</strong></span></span></span></p>
]]></content>
            </component>
            <component _type="_compRichText" id="texto_262" x="110" y="91" width="410" height="443" alpha="1" visible="1" enabled="1" scrollable="1">
              <content><![CDATA[<p><span style="font-size:19px"><em><strong><span style="font-family:verdana,geneva,sans-serif">Laissez faire</span></strong></em></span></p>

<ul>
	<li><span style="font-size:19px"><span style="font-family:verdana,geneva,sans-serif">Defendido por el Partido Republicano.</span></span></li>
	<li><span style="font-size:19px"><span style="font-family:verdana,geneva,sans-serif">Subsidio de desempleo asumido por municipios y beneficencia.</span></span></li>
	<li><span style="font-size:19px"><span style="font-family:verdana,geneva,sans-serif">Reducci&oacute;n gasto p&uacute;blico y privado.</span></span></li>
	<li><span style="font-size:19px"><span style="font-family:verdana,geneva,sans-serif">Reducci&oacute;n de salarios.</span></span></li>
	<li><span style="font-size:19px"><span style="font-family:verdana,geneva,sans-serif">Acumulaci&oacute;n de la riqueza por parte de los empresarios.</span></span></li>
	<li><span style="font-size:19px"><span style="font-family:verdana,geneva,sans-serif">Inversi&oacute;n de los beneficios de las empresas.</span></span></li>
</ul>

<p style="text-align:center"><span style="font-size:19px"><img alt="" src="data/imagenes/image_110_copyb.jpg" style="height:70px; width:31px" /></span></p>

<p style="text-align:center"><span style="font-size:19px"><span style="color:rgb(255, 140, 0)"><strong><span style="font-family:verdana,geneva,sans-serif">Reactivaci&oacute;n de la econom&iacute;a</span></strong></span></span></p>
]]></content>
            </component>
          </components>
          <animaciones>
          </animaciones>
        </pantalla>
        <pantalla id="pantalla_263">
          <event id="onPrepare" language="DO"><![CDATA[]]></event>
          <event id="onShown" language="DO"><![CDATA[]]></event>
          <components>
            <component _type="_compImage" id="image_20" x="88" y="10" width="857" height="512" alpha="1" visible="1" enabled="1" cssClass="imgbord" adjustMode="4" alignMode="1" image="data/imagenes/1.png" />
            <component _type="_compCSSBox" id="fondo_267" x="373" y="163" width="275" height="452" alpha="1" visible="1" enabled="1" cssClass="defaultCSSBox3" />
            <component _type="_compCSSBox" id="fondo_269" x="72" y="61" width="863" height="100" alpha="1" visible="1" enabled="1" cssClass="defaultCSSBox3" />
            <component _type="_compCSSBox" id="fondo_268" x="650" y="159" width="287" height="383" alpha="1" visible="1" enabled="1" cssClass="defaultCSSBox3" />
            <component _type="_compCSSBox" id="fondo_270" x="51" y="150" width="345" height="342" alpha="1" visible="1" enabled="1" cssClass="defaultCSSBox3" />
            <component _type="_compIconButton" id="iconbutton_148" x="226" y="526" width="37" height="37" alpha="1" visible="1" enabled="1" cssClass="iconInfoButton" group="-1">
              <event id="onClick" language="DO"><![CDATA[popup_open("pantalla_271")]]></event>
            </component>
          </components>
          <animaciones>
            <anim id="Entrada"><![CDATA[{"fondo_267":[],"fondo_267.x":[{"time":0,"value":373,"easing":"Linear.EaseNone"}],"fondo_267.y":[{"time":0,"value":163,"easing":"Linear.EaseNone"},{"time":3.275,"value":151,"easing":"Linear.EaseNone"},{"time":5.265,"value":651,"easing":"Linear.EaseNone"}],"fondo_267.width":[{"time":0,"value":275,"easing":"Linear.EaseNone"}],"fondo_267.height":[{"time":0,"value":452,"easing":"Linear.EaseNone"}],"fondo_267.alpha":[{"time":0,"value":1,"easing":"Linear.EaseNone"}],"fondo_269":[],"fondo_269.x":[{"time":0,"value":72,"easing":"Linear.EaseNone"},{"time":3.105,"value":943,"easing":"Linear.EaseNone"}],"fondo_269.y":[{"time":0,"value":61,"easing":"Linear.EaseNone"}],"fondo_269.width":[{"time":0,"value":863,"easing":"Linear.EaseNone"}],"fondo_269.height":[{"time":0,"value":100,"easing":"Linear.EaseNone"}],"fondo_269.alpha":[{"time":0,"value":1,"easing":"Linear.EaseNone"}],"fondo_268":[],"fondo_268.x":[{"time":0,"value":648,"easing":"Linear.EaseNone"},{"time":5.5889999999999995,"value":356,"easing":"Linear.EaseNone"},{"time":7.431428571428571,"value":56,"easing":"Linear.EaseNone"}],"fondo_268.y":[{"time":0,"value":159,"easing":"Linear.EaseNone"}],"fondo_268.width":[{"time":0,"value":287,"easing":"Linear.EaseNone"}],"fondo_268.height":[{"time":0,"value":383,"easing":"Linear.EaseNone"}],"fondo_268.alpha":[{"time":0,"value":1,"easing":"Linear.EaseNone"},{"time":7.457142857142856,"value":1,"easing":"Linear.EaseNone"},{"time":7.56,"value":0,"easing":"Linear.EaseNone"}],"fondo_270":[],"fondo_270.x":[{"time":0,"value":51,"easing":"Linear.EaseNone"}],"fondo_270.y":[{"time":0,"value":150,"easing":"Linear.EaseNone"}],"fondo_270.width":[{"time":0,"value":345,"easing":"Linear.EaseNone"}],"fondo_270.height":[{"time":0,"value":342,"easing":"Linear.EaseNone"},{"time":7.5857142857142845,"value":340,"easing":"Linear.EaseNone"},{"time":11.082857142857142,"value":0,"easing":"Linear.EaseNone"}],"fondo_270.alpha":[{"time":0,"value":1,"easing":"Linear.EaseNone"}]}]]></anim>
          </animaciones>
        </pantalla>
      </slider>
    </pantalla>
  </pantallas>
  <popups>
    <pantalla id="pantalla_25">
      <event id="onPrepare" language="DO"><![CDATA[]]></event>
      <event id="onShown" language="DO"><![CDATA[]]></event>
      <components>
        <component _type="_compCSSBox" id="fondo_286" x="0" y="84" width="865" height="608" alpha="1" visible="1" enabled="1" cssClass="defaultCSSBox3" />
        <component _type="_compCSSBox" id="fondo_150" x="85" y="0" width="865" height="608" alpha="1" visible="1" enabled="1" cssClass="defaultCSSBox3" />
        <component _type="_compIconButton" id="iconbutton_24" x="867" y="45" width="37" height="37" alpha="1" visible="1" enabled="1" cssClass="iconCloseButton" group="-1">
          <event id="onClick" language="DO"><![CDATA[popup_close()]]></event>
        </component>
        <component _type="_compRichText" id="texto_26" x="111" y="18" width="767" height="68" alpha="1" visible="1" enabled="1" scrollable="1">
          <content><![CDATA[<p><span style="font-size:25px"><span style="font-family:verdana,geneva,sans-serif">Índice de las cotizaciones de valores en EUA</span></span></p>
]]></content>
        </component>
        <component _type="_compImage" id="image_20" x="110" y="96" width="730" height="466" alpha="1" visible="1" enabled="1" cssClass="imgbord" adjustMode="4" alignMode="1" image="data/imagenes/image_32_copy.jpg" />
      </components>
      <animaciones>
      </animaciones>
    </pantalla>
    <pantalla id="pantalla_204">
      <event id="onPrepare" language="DO"><![CDATA[]]></event>
      <event id="onShown" language="DO"><![CDATA[]]></event>
      <components>
        <component _type="_compCSSBox" id="fondo_287" x="1" y="95" width="864" height="608" alpha="1" visible="1" enabled="1" cssClass="defaultCSSBox3" />
        <component _type="_compCSSBox" id="fondo_150" x="86" y="0" width="864" height="608" alpha="1" visible="1" enabled="1" cssClass="defaultCSSBox3" />
        <component _type="_compIconButton" id="iconbutton_24" x="867" y="45" width="37" height="37" alpha="1" visible="1" enabled="1" cssClass="iconCloseButton" group="-1">
          <event id="onClick" language="DO"><![CDATA[popup_close()]]></event>
        </component>
        <component _type="_compImage" id="image_20" x="111" y="116" width="343" height="356" alpha="1" visible="1" enabled="1" cssClass="imgbord" adjustMode="4" alignMode="0" image="data/imagenes/image_28_copy.jpg" />
        <component _type="_compRichText" id="texto_19" x="475" y="93" width="328" height="386" alpha="1" visible="1" enabled="1" scrollable="1">
          <content><![CDATA[<p><span style="font-size:20px"><span style="font-family:verdana,geneva,sans-serif">El crack de 1929 no fue accidental. Fue el s&iacute;ntoma de una de las <strong>crisis c&iacute;clicas </strong>del sistema capitalista, las cuales suelen estar motivadas por un <strong>exceso de oferta</strong>.</span></span></p>
]]></content>
        </component>
      </components>
      <animaciones>
      </animaciones>
    </pantalla>
    <pantalla id="pantalla_237">
      <event id="onPrepare" language="DO"><![CDATA[]]></event>
      <event id="onShown" language="DO"><![CDATA[]]></event>
      <components>
        <component _type="_compCSSBox" id="fondo_288" x="1" y="82" width="865" height="608" alpha="1" visible="1" enabled="1" cssClass="defaultCSSBox3" />
        <component _type="_compCSSBox" id="fondo_150" x="85" y="0" width="865" height="608" alpha="1" visible="1" enabled="1" cssClass="defaultCSSBox3" />
        <component _type="_compIconButton" id="iconbutton_24" x="867" y="45" width="37" height="37" alpha="1" visible="1" enabled="1" cssClass="iconCloseButton" group="-1">
          <event id="onClick" language="DO"><![CDATA[popup_close()]]></event>
        </component>
        <component _type="_compRichText" id="texto_19" x="110" y="22" width="729" height="286" alpha="1" visible="1" enabled="1" scrollable="1">
          <content><![CDATA[<p><span style="font-size:20px"><span style="font-family:verdana,geneva,sans-serif">La riqueza que se hab&iacute;a creado durante la d&eacute;cada de 1920 se evapor&oacute; tras el crack de 1929. Los <strong>precios agr&iacute;colas </strong>cayeron y las <strong>inversiones </strong>se congelaron. La consecuencia directa de esto fue el <strong>cierre de empresas</strong>, lo que supuso un <strong>aumento del paro</strong>. Ello provoc&oacute; a su vez una <strong>reducci&oacute;n del poder adquisitivo </strong>de la poblaci&oacute;n y, por tanto, del <strong>consumo</strong>.</span></span></p>
]]></content>
        </component>
        <component _type="_compImage" id="image_20" x="111" y="237" width="729" height="326" alpha="1" visible="1" enabled="1" cssClass="imgbord" adjustMode="4" alignMode="1" image="data/imagenes/image_24_copy.jpg" />
      </components>
      <animaciones>
      </animaciones>
    </pantalla>
    <pantalla id="pantalla_271">
      <event id="onPrepare" language="DO"><![CDATA[]]></event>
      <event id="onShown" language="DO"><![CDATA[]]></event>
      <components>
        <component _type="_compCSSBox" id="fondo_289" x="4" y="88" width="866" height="608" alpha="1" visible="1" enabled="1" cssClass="defaultCSSBox3" />
        <component _type="_compCSSBox" id="fondo_150" x="82" y="-1" width="868" height="609" alpha="1" visible="1" enabled="1" cssClass="defaultCSSBox3" />
        <component _type="_compIconButton" id="iconbutton_24" x="867" y="45" width="37" height="37" alpha="1" visible="1" enabled="1" cssClass="iconCloseButton" group="-1">
          <event id="onClick" language="DO"><![CDATA[popup_close()]]></event>
        </component>
        <component _type="_compImage" id="image_20" x="111" y="116" width="343" height="356" alpha="1" visible="1" enabled="1" cssClass="imgbord" adjustMode="4" alignMode="0" image="data/imagenes/image_12_copy.jpg" />
        <component _type="_compRichText" id="texto_19" x="390" y="93" width="413" height="386" alpha="1" visible="1" enabled="1" scrollable="1">
          <content><![CDATA[<p><span style="font-size:20px"><span style="font-family:verdana,geneva,sans-serif">El economista brit&aacute;nico <strong>John Maynard Keynes </strong>fue el padre de la nueva teor&iacute;a econ&oacute;mica. Defend&iacute;a la intervenci&oacute;n del Estado en la econom&iacute;a como herramienta para evitar los desajustes y crisis c&iacute;clicas propios del sistema capitalista.</span></span></p>
]]></content>
        </component>
      </components>
      <animaciones>
      </animaciones>
    </pantalla>
  </popups>
</engine>