<?xml version="1.0" encoding="UTF-8"?>
<engine title="Análisis de un riesgo de origen natural" copy="Editorial Planeta" version="1" aprid="F13">
  <section title="Presentación" path="medias/section0.jpg" image1Text="&lt;TextFlow&gt;&lt;p&gt;&lt;span&gt;Erupción del volcán Tungurahua &lt;/span&gt;&lt;/p&gt;&lt;p&gt;&lt;span&gt;(Ecuador).&lt;/span&gt;&lt;/p&gt;&lt;/TextFlow&gt;" zoom1="true" zoom2a="false" zoom2b="false" layout="0"><![CDATA[<TextFlow><p><span>A lo largo de la historia la humanidad ha sobrevivido gracias a la explotación de los recursos del medio natural, aunque también ha tenido que enfrentarse a adversidades provocadas por algunos fenómenos naturales.</span></p><p><span></span></p><p><span fontSize="12" fontWeight="bold">El objetivo de esta práctica es identificar y comprender los riesgos que representan para el ser humano algunos fenómenos naturales. </span></p><p><span></span></p><p><span>Como paso previo de la realización de la práctica, te sugerimos repasar algunos conceptos clave. Para ello, puedes tratar de responder a algunas preguntas: </span></p><p><span></span></p><p paragraphStartIndent="20" styleName="bullet"><span>¿Qué es un fenómeno natural? ¿Puedes poner ejemplos?</span></p><p paragraphStartIndent="20" styleName="bullet"><span>¿Un fenómeno natural representa siempre un riesgo para el ser humano?</span></p><p paragraphStartIndent="20" styleName="bullet"><span>¿Qué tipos de riesgos de origen natural conoces?</span></p><p><span></span></p></TextFlow>]]></section>
  <section title="Tarea" path="medias/section1.jpg" image1Text="&lt;TextFlow&gt;&lt;p&gt;&lt;span&gt;Tornado en la frontera entre Colorado y Oklahoma (EUA).&lt;/span&gt;&lt;/p&gt;&lt;/TextFlow&gt;" zoom1="true" zoom2a="false" zoom2b="false" layout="1"><![CDATA[<TextFlow><p><span>Para realizar la práctica, necesitarás el material propuesto y tendrás que seguir los pasos indicados en el procedimiento.</span></p><p><span></span></p><p><span fontSize="12" fontWeight="bold">Material:</span></p><p><span></span></p><p paragraphStartIndent="20" styleName="bullet"><span>Una noticia sobre un acontecimiento reciente relacionado con algún riesgo de origen natural. </span></p><p paragraphStartIndent="20" styleName="bullet"><span>Libros de texto, atlas, páginas web especializadas, etc.</span></p><p paragraphStartIndent="20" styleName="bullet"><span>Lápiz, borrador, marcador, bolígrafo, etc.</span></p><p><span></span></p><p><span fontSize="12" fontWeight="bold">Procedimiento:</span></p><p><span></span></p><p><span>1.º Busca una noticia sobre un acontecimiento relacionado con un fenómeno natural que haya sucedido cerca de tu territorio.</span></p><p><span></span></p><p><span>2.º Busca y subraya en el texto la información que te permita responder a las siguientes preguntas:</span></p><p><span></span></p><p paragraphStartIndent="20" styleName="bullet"><span>¿Qué ha sucedido?</span></p><p paragraphStartIndent="20" styleName="bullet"><span>¿Cuándo ha tenido lugar?</span></p><p paragraphStartIndent="20" styleName="bullet"><span>¿Dónde ha sucedido?</span></p><p paragraphStartIndent="20" styleName="bullet"><span>¿Cuáles han sido las causas?</span></p><p paragraphStartIndent="20" styleName="bullet"><span>¿Cuáles han sido las consecuencias?</span></p><p><span></span></p><p><span>3.º Busca otras fuentes para contrastar las informaciones sobre el fenómeno o riesgo estudiado.</span></p><p><span></span></p><p><span>4.º Reflexiona sobre cómo se podrían haber evitado o reducido sus consecuencias.</span></p><p><span></span></p><p><span>Partiendo de la noticia seleccionada y de la información que has encontrado, redacta un breve informe sobre el fenómeno natural que has escogido. Detalla las consecuencias que ha tenido y enumera algunas medidas que podrían llevarse a cabo para reducir los riesgos en un futuro.</span></p><p><span></span></p></TextFlow>]]></section>
</engine>
