<?xml version='1.0' encoding='UTF-8'?><diaporama autoplay="false" diapoDefaultTimeOut="false" effectDefaultTimeOut="1500" textDefaultTimeOut="1000" toolbarAlign="LeftBottom" toolbarColor="White" toolbarCounter="false" toolbarCounterColor="Black" toolbarMargin="40,40,40,40" fotoMargin="0,0,0,0" textMargin="40,40,40,80" aprid="diaporama"><diapo foto="" ><texto type="Verdana" size="50" style="Normal" color="Black" align="CenterCenter" effect="fadein" effectTimeOut="1500" textTimeOut="1" >Gobiernos populistas de# América Latina</texto></diapo><diapo foto="CS_09_03_REC80_IMG01.jpg" ><texto type="Verdana" size="48" style="Normal" color="Black" align="RightTop" effect="fadein" >Brasil </texto><texto type="Verdana" size="34" style="Normal" color="Black" align="RightTop" effect="fadein" >##Getulio Vargas##Periodos presidenciales:#(1934-1945), (1951-1954)</texto></diapo><diapo foto="imagenDummy.jpg" ><texto type="Verdana" size="48" style="Normal" color="Black" align="RightTop" effect="fadein" >Ecuador</texto><texto type="Arial" size="34" style="Normal" color="Black" align="RightTop" effect="fadein" >##José María# Velasco Ibarra##Periodos presidenciales:#(1934-1935), (1944-1947), #(1952-1956), (1960-1961), #(1968-1972)</texto></diapo><diapo foto="CS_09_03_REC80_IMG02.jpg" ><texto type="Verdana" size="48" style="Normal" color="Black" align="RightTop" effect="fadein" >México</texto><texto type="Arial" size="34" style="Normal" color="Black" align="RightTop" effect="fadein" > ##Lázaro Cárdenas##Periodo presidencial:#(1934-1940)</texto></diapo><diapo foto="CS_09_03_REC80_IMG03.jpg" ><texto type="Verdana" size="48" style="Normal" color="White" align="LeftTop" effect="fadein" >Argentina </texto><texto type="Verdana" size="34" style="Normal" color="White" align="LeftBottom" effect="fadein" >##Juan Domingo Perón## Periodos presidenciales: #(1946-1952), (1952-1955), #(1973-1974)</texto></diapo><diapo foto="CS_09_03_REC80_IMG04.jpg" ><texto type="Verdana" size="48" style="Normal" color="Black" align="RightTop" effect="fadein" >Chile </texto><texto type="Verdana" size="34" style="Normal" color="Black" align="RightTop" effect="fadein" >##Carlos Ibáñez ##Periodos presidenciales:#(1927-1931), (1952-1958)</texto></diapo></diaporama>