﻿<?xml version="1.0" encoding="UTF-8"?>
<engine copy="Editorial Planeta" version="1" aprid="f10">
  <main mode="f10" title="El poblamiento rural en España">
    <tf><![CDATA[<p><span style="font-size: 18px; font-weight: bold; ;font-family: Verdana,Arial,sans-serif;">Aragón busca emprendedores para frenar la despoblación</span></p><p><span style="font-family: Verdana,Arial,sans-serif;">Las asociaciones de desarrollo rural apuestan por la creación de negocios para revitalizar los pueblos, ya que la crisis ha frenado las iniciativas de algunos municipios rurales que ofrecían vivienda y empleo a familias.</span></p><p><span style="font-family: Verdana,Arial,sans-serif;">Localidades aragonesas como Aguaviva, Morata de Jiloca, Fuentes de Rubielos o Castelnou colocaron su nombre en el mapa de la lucha contra la despoblación rural gracias a multitudinarias convocatorias en las que ofrecían puestos de trabajo o viviendas a aquellas familias dispuestas a trasladarse al medio rural. Todas estas iniciativas surgían en pueblos cuya situación ya era extrema, como un último intento de atraer familias que permitieran no perder servicios como la escuela. Unos años después, la crisis económica ha dejado a muchos de estos municipios sin su principal reclamo a la hora de atraer nuevos vecinos: el empleo. </span></p><p><span style="font-family: Verdana,Arial,sans-serif;">Por este motivo, las asociaciones de desarrollo rural apuestan por los emprendedores para solucionar una situación que es cada vez más grave en Aragón, donde durante el año 2010 no nació ningún niño en 315 localidades y el envejecimiento crónico de la población ha hecho saltar todas las alarmas. </span></p><p><span style="font-family: Verdana,Arial,sans-serif;">Este plan de desarrollo, basado en la creación de negocios en los pueblos, y que cuenta con el apoyo de la Unión Europea, ha ayudado a poner en marcha 2.342 proyectos en la Comunidad y se han creado 1.192 empleos.</span></p><p><span style="font-family: Verdana,Arial,sans-serif;">“El objetivo no es que una familia se mude a un pueblo por desesperación y al cabo de un tiempo vuelva a la ciudad, sino lograr que alguien se asiente y genere trabajo para revitalizar el tejido social”, asegura la coordinadora de Abraza la Tierra, entidad que ha registrado un aumento de hasta el 80% de la gente dispuesta a trasladarse al ámbito rural.</span></p><p><span style="font-family: Verdana,Arial,sans-serif;">En la misma línea trabaja la Asociación contra la Despoblación, que hace ya más de dos años comenzó a poner en contacto a las familias interesadas en trasladarse al medio rural con localidades dispuestas a recibirlos. Sin embargo, la situación económica ha invertido la tendencia. “Ya no hay trabajo, así que este tipo de iniciativas ha dejado de tener sentido”, asegura Luis Bricio, alcalde de la localidad turolense de Aguaviva, una de las pioneras en este tipo de proyectos de repoblación. Y concluye: “El medio rural vive una situación muy complicada, ya que cuando se reactive la economía el empleo se volverá a generar en las ciudades”.</span></p><p><span style="font-size: 15px; ;font-family: Verdana,Arial,sans-serif;">José Luis Gaona, “Aragón busca emprendedores para frenar la despoblación”,</span><span style="font-size: 15px; font-style: italic; ;font-family: Verdana,Arial,sans-serif;"> El Heraldo de Aragón</span><span style="font-size: 15px; ;font-family: Verdana,Arial,sans-serif;"> (2 de junio de 2012) (fragmento adaptado).</span></p>]]></tf>
  </main>
  <understanding title="" title2="" buttons="false" visible="true">
    <definition>
      <title>
      </title>
      <def><![CDATA[<p><span style="font-size: 36px; color: #ff6600; ;font-family: Verdana,Arial,sans-serif;">Comprensión</span></p><ul><li><span style="font-size: 30px; ;font-family: Verdana,Arial,sans-serif;">Según el texto, ¿a qué se debe el menor número de proyectos de repoblación del medio rural?</span></li></ul><ul><li><span style="font-size: 30px; ;font-family: Verdana,Arial,sans-serif;">¿Por qué surgieron este tipo de iniciativas? ¿Qué objetivos perseguían?</span></li></ul>]]></def>
    </definition>
    <definition>
      <title>
      </title>
      <def><![CDATA[<p><span style="font-size: 36px; color: #ff6600; ;font-family: Verdana,Arial,sans-serif;">Comprensión</span></p><ul><li><span style="font-size: 30px; ;font-family: Verdana,Arial,sans-serif;">¿A qué se refiere el autor cuando habla de “envejecimiento crónico de la población”?</span></li></ul><ul><li><span style="font-size: 30px; ;font-family: Verdana,Arial,sans-serif;">¿Qué factores determinan dicho envejecimiento?</span></li></ul>]]></def>
    </definition>
    <definition>
      <title>
      </title>
      <def><![CDATA[<p><span style="font-size: 36px; color: #ff6600; ;font-family: Verdana,Arial,sans-serif;">Comprensión</span></p><ul><li><span style="font-size: 30px; ;font-family: Verdana,Arial,sans-serif;">¿Por qué motivo, según el alcalde de Aguaviva, vive el medio rural una situación tan complicada?</span></li></ul><ul><li><span style="font-size: 30px; ;font-family: Verdana,Arial,sans-serif;">¿Qué otras medidas o iniciativas consideráis que se tendrían que llevar a cabo para preservar la vida en el medio rural?</span></li></ul>]]></def>
    </definition>
  </understanding>
  <definitions title="" title2="" visible="true">
    <definition>
      <title>Poblamiento rural</title>
      <def><![CDATA[<p><span style="font-weight: bold; ;font-family: Verdana,Arial,sans-serif; font-size: 27px;">Poblamiento rural:</span><span style="font-family: Verdana,Arial,sans-serif; font-size: 27px;"> </span></p><p><span style="font-family: Verdana,Arial,sans-serif; font-size: 27px;">proceso de establecimiento o asentamiento en una área rural, por parte de individuos o grupos humanos procedentes de otras partes. Se caracteriza por su pequeño tamaño y su baja densidad de población.</span></p>]]></def>
    </definition>
    <definition>
      <title>Despoblación</title>
      <def><![CDATA[<p><span style="font-weight: bold; ;font-family: Verdana,Arial,sans-serif; font-size: 27px;">Despoblación:</span><span style="font-family: Verdana,Arial,sans-serif; font-size: 27px;"> </span></p><p><span style="font-family: Verdana,Arial,sans-serif; font-size: 27px;">disminución de la población de un área definida bien como consecuencia de un crecimiento natural negativo, bien como resultado de un proceso emigratorio.</span></p>]]></def>
    </definition>
    <definition>
      <title>Emprendedor</title>
      <def><![CDATA[<p><span style="font-weight: bold; ;font-family: Verdana,Arial,sans-serif; font-size: 27px;">Emprendedor:</span><span style="font-family: Verdana,Arial,sans-serif; font-size: 27px;"> </span></p><p><span style="font-family: Verdana,Arial,sans-serif; font-size: 27px;">en el ámbito económico, persona que pone en marcha un negocio.</span></p>]]></def>
    </definition>
    <definition>
      <title>Repoblación</title>
      <def><![CDATA[<p><span style="font-weight: bold; ;font-family: Verdana,Arial,sans-serif; font-size: 27px;">Repoblación:</span><span style="font-family: Verdana,Arial,sans-serif; font-size: 27px;"> </span></p><p><span style="font-family: Verdana,Arial,sans-serif; font-size: 27px;">acción y efecto de volver a poblar o constituir una población; poblar los lugares de los que se ha expulsado a los pobladores anteriores, o volver a poblar lugares que habían quedado sin habitantes.</span></p>]]></def>
    </definition>
  </definitions>
  <reaserch title="" title2="Investiga" buttons="false" visible="true">
    <definition>
      <title>
      </title>
      <def><![CDATA[<p><!--?xml-stylesheet href="chrome://global/locale/intl.css" type="text/css"?--><parsererror xmlns="http://www.mozilla.org/newlayout/xml/parsererror.xml"><sourcetext><span style="color:#FF8C00;"><span style="font-size: 24px;"><span style="font-family: verdana,geneva,sans-serif;">Investiga</span></span></span></sourcetext></parsererror></p>

<p><parsererror xmlns="http://www.mozilla.org/newlayout/xml/parsererror.xml"><sourcetext><span style="font-size:18px;"><span style="font-family: verdana,geneva,sans-serif;">Buscad informaci&oacute;n sobre el poblamiento rural en vuestra comunidad y estableced un contraste con la realidad de otras regiones espa&ntilde;olas. Para ello, puede serviros de ayuda consultar los datos que proporciona el <a href="http://www.ine.es">Instituto Nacional de Estad&iacute;stica</a> (INE).</span></span></sourcetext></parsererror></p>

<p><parsererror xmlns="http://www.mozilla.org/newlayout/xml/parsererror.xml"><sourcetext><span style="font-size:18px;"><span style="font-family: verdana,geneva,sans-serif;">Encontrar&eacute;is la informaci&oacute;n necesaria en la secci&oacute;n <a href="http://www.ine.es/jaxi/menu.do?type=pcaxis&amp;path=/t20/e260&amp;file=inebase">Cifras Oficiales de Poblaci&oacute;n de los Municipios Espa&ntilde;oles: Revisi&oacute;n del Padr&oacute;n Municipal</a>. Una vez dentro, solo tendr&eacute;is que analizar las cifras que se aportan en los apartados<em> Resumen por provincias</em> y <em>Resumen por comunidades y ciudades aut&oacute;nomas</em>. </span></span></sourcetext></parsererror></p>
]]></def>
    </definition>
  </reaserch>
  <activity title2="" visible="false" path="">
  </activity>
</engine>