<?xml version="1.0" encoding="UTF-8"?>
<engine title="Análisis de las costumbres del ser humano" copy="Editorial Planeta" version="1" aprid="F13">
  <section title="Presentación" zoom1="false" zoom2a="false" zoom2b="false" layout="2"><![CDATA[<TextFlow><p textAlign="center"><img fontSize="12" height="171" width="551" source="medias/0.swf"/><span fontSize="12"></span></p><p textAlign="center"><span fontSize="20">¿Cómo ha evolucionado nuestra manera de vivir</span></p><p textAlign="center"><span fontSize="20">desde la prehistoria?</span></p></TextFlow>]]></section>
  <section title="Conceptos" path="medias/section1.jpg" image1Text="" zoom1="false" zoom2a="true" zoom2b="true" layout="1"><![CDATA[<TextFlow><p><span>Antes de comenzar a preparar y diseñar el proyecto es importante que repaséis algunos de los conceptos que ya habéis visto en clase y que os resultarán útiles a la hora de realizar el trabajo:</span></p><p><span fontSize="12" fontWeight="bold"></span></p><p><span fontSize="12" fontWeight="bold">Los orígenes del ser humano.</span></p><p><span></span></p><p><span fontSize="12" fontWeight="bold">La evolución del ser humano en los diferentes períodos de la historia:</span></p><p><span></span></p><p paragraphStartIndent="20" styleName="bullet"><span>El paleolítico.</span></p><p paragraphStartIndent="20" styleName="bullet"><span>El neolítico.</span></p><p paragraphStartIndent="20" styleName="bullet"><span>La edad de los metales.</span></p><p><span></span></p></TextFlow>]]></section>
  <section title="Objetivos " path="medias/section2.jpg" image1Text="" zoom1="false" zoom2a="false" zoom2b="false" layout="1"><![CDATA[<TextFlow><p><span fontSize="12" fontWeight="bold">Objetivo:</span><span> analizar los cambios de la vida cotidiana desde la prehistoria hasta nuestros días.</span></p><p><span fontSize="12" fontWeight="bold"></span></p><p><span fontSize="12" fontWeight="bold">Organización: </span><span>grupos de tres o cuatro personas.</span></p><p><span fontSize="12" fontWeight="bold"></span></p><p><span fontSize="12" fontWeight="bold">Presentación:</span><span> mural.</span></p><p><span fontSize="12" fontWeight="bold"></span></p><p><span fontSize="12" fontWeight="bold">Plazo: </span><span>dos semanas. </span></p><p><span> </span></p><p><span fontSize="12" fontWeight="bold">Punto de partida:</span><span> para responder a la pregunta inicial y averiguar los cambios en las costumbres del ser humano a lo largo de la historia, os proponemos que hagáis en clase una lluvia de ideas. Proponed aquellos conceptos que creáis que es necesario investigar, como cuál era la característica principal de la forma de vida de la prehistoria. Plantearos también qué preguntas tendréis que resolver durante la investigación para alcanzar vuestro objetivo. Por ejemplo: </span></p><p><span></span></p><p paragraphStartIndent="20" styleName="bullet"><span>¿De qué materiales está hecha nuestra ropa y de qué estaba hecha la ropa usada por nuestros ancestros?</span></p><p paragraphStartIndent="20" styleName="bullet"><span>¿Qué alimentos consumimos hoy en día que no se consumían en la antigüedad?</span></p><p paragraphStartIndent="20" styleName="bullet"><span>¿Qué inventos han revolucionado los transportes?</span></p><p><span></span></p><p><span>Al final, intentad ofrecer una respuesta previa a la pregunta del proyecto. La investigación os ayudará a averiguar si estabais en lo cierto o no. </span></p><p><span></span></p></TextFlow>]]></section>
  <section title="Planificación" path2a="medias/2a_section3.jpg" image2aText="&lt;TextFlow&gt;&lt;p&gt;&lt;span&gt;Ejemplo de tabla que os ayudará a realizar la planificación.&lt;/span&gt;&lt;/p&gt;&lt;/TextFlow&gt;" path2b="medias/2b_section3.jpg" image2bText="&lt;TextFlow&gt;&lt;p&gt;&lt;span&gt;Ejemplo de planificación que os puede ayudar a organizar el proyecto.&lt;/span&gt;&lt;/p&gt;&lt;/TextFlow&gt;" zoom1="true" zoom2a="true" zoom2b="true" layout="4"><![CDATA[<TextFlow><p><span>Para realizar el ejercicio, os proponemos comenzar por organizar el trabajo. Para ello os sugerimos seguir los siguientes pasos:</span></p><p><span></span></p><p><span>1.º Identificar el </span><span fontSize="12" fontWeight="bold">objetivo </span><span>del proyecto.</span></p><p><span></span></p><p><span>2.º Listar las </span><span fontSize="12" fontWeight="bold">tareas</span><span> que debéis completar a lo largo del proyecto.</span></p><p><span></span></p><p><span>3.º Definir </span><span fontSize="12" fontWeight="bold">quién</span><span> (o quiénes) va realizar cada una de las tareas o actividades que deben desarrollarse para llegar al objetivo.</span></p><p><span></span></p><p><span>4.º Establecer el </span><span fontSize="12" fontWeight="bold">tiempo</span><span> que deberéis dedicar a cada tarea.</span></p><p><span></span></p><p><span>5.º Anotar </span><span fontSize="12" fontWeight="bold">cuándo</span><span> y </span><span fontSize="12" fontWeight="bold">cómo</span><span> se pondrá en común el trabajo realizado por los miembros del grupo y se preparará el mural.</span></p><p><span></span></p><p><span>Cuando queremos planificar cualquier tarea, puede resultar de ayuda utilizar una tabla o una hoja de cálculo en la que concretemos, por ejemplo, quién forma el grupo, de qué tarea se hace cargo cada persona, cuánto tiempo le vamos a dedicar a cada una de las tareas, cuándo tenemos que hacer la presentación del proyecto, etc. </span></p><p><span></span></p><p><span>En la primera imagen adjunta podéis observar un ejemplo de estructura de esta tabla que os ayudará a orientar vuestra planificación.</span></p><p><span></span></p><p><span>En la segunda imagen podéis observar un ejemplo de planificación de un proyecto similar que os puede ser de ayuda.</span></p></TextFlow>]]></section>
  <section title="Investigación" path="medias/section4.jpg" image1Text="" zoom1="false" zoom2a="false" zoom2b="false" layout="1"><![CDATA[<TextFlow><p><span>A la hora de realizar vuestra investigación, es importante que penséis y discutáis sobre qué recursos y fuentes de información pueden resultar útiles. Os recomendamos: </span></p><p><span></span></p><p paragraphStartIndent="20" styleName="bullet"><span>Consultar publicaciones y páginas web fiables como, por ejemplo, la de museos especializados en historia.</span></p><p paragraphStartIndent="20" styleName="bullet"><span>Contrastar con varias fuentes la información que utilicéis: no dar por buena una información si no es de una institución pública o privada de reconocido prestigio, como la Gran Enciclopedia Planeta.</span></p><p paragraphStartIndent="20" styleName="bullet"><span>Utilizar solo la información que sea útil y descartar aquella que no aporte nada.</span></p><p paragraphStartIndent="20" styleName="bullet"><span>Elaborar una lista con las fuentes consultadas (bibliografía: listado de libros consultados, webs, etc.).</span></p><p paragraphStartIndent="20" styleName="bullet"><span>Resumir con vuestras palabras la información obtenida. </span></p><p><span></span></p><p><span fontSize="12" fontWeight="bold">¡Atención!</span><span> No debéis copiar y utilizar el material que encontréis como si fuera vuestro: debéis elaborar las ideas y recogerlo con vuestras propias palabras. Cuando recuperéis palabras de forma literal de un texto, este debe ir entrecomillado. Recordad, además, utilizar el diccionario cuando no comprendáis el significado de una palabra.</span></p><p><span></span></p></TextFlow>]]></section>
  <section title="Análisis" path="medias/section5.jpg" image1Text="" zoom1="false" zoom2a="false" zoom2b="false" layout="1"><![CDATA[<TextFlow><p><span>A partir de la información recopilada, elaborad y completad un </span><span fontSize="12" fontWeight="bold">esquema </span><span>que sintetice la siguiente información:</span></p><p><span></span></p><p paragraphStartIndent="20" styleName="bullet"><span>Materiales empleados en la construcción de la prehistoria, de la antigüedad y de la actualidad.</span></p><p paragraphStartIndent="20" styleName="bullet"><span>Cómo ha evolucionado la vivienda.</span></p><p paragraphStartIndent="20" styleName="bullet"><span>Costumbres y hábitos de nuestros antepasados y compararlos con los nuestros.</span></p><p paragraphStartIndent="20" styleName="bullet"><span>Evolución del trabajo y los oficios. </span></p><p><span></span></p></TextFlow>]]></section>
  <section title="Exposición" path="medias/section6.jpg" image1Text="" zoom1="false" zoom2a="false" zoom2b="false" layout="1"><![CDATA[<TextFlow><p><span>Una vez analizada la información, debéis seleccionar los datos más relevantes y elaborar un </span><span fontSize="12" fontWeight="bold">mural digital o en cartulina</span><span> donde se muestre cómo ha evolucionado nuestra manera de vivir desde la prehistoria.</span></p><p><span>Para que esta tarea os resulte más sencilla, se recomienda:</span></p><p><span></span></p><p><span>1.º </span><span fontSize="12" fontWeight="bold">Redactar un texto</span><span> donde se expliquen las costumbres de nuestros ancestros y cómo han evolucionado hasta la actualidad.</span></p><p><span></span></p><p><span>2.º </span><span fontSize="12" fontWeight="bold">Contrastar</span><span> si coincide esta explicación con las respuestas previas que planteasteis al comenzar el proyecto.</span></p><p><span></span></p><p><span>3.º Plasmar vuestra explicación en un </span><span fontSize="12" fontWeight="bold">mural</span><span> –digital o papel– las conclusiones a las que habéis llegado. Recordad que debéis acompañar vuestros textos con fotografías o dibujos que ilustren las costumbres de nuestros antepasados y las nuestras.</span></p><p><span></span></p><p><span>Si optáis por realizar un mural digital podéis utilizar, por ejemplo, </span><a href="http://edu.glogster.com/" target="_blank"><span>Glogster</span></a><span>, una herramienta que permite introducir elementos, como enlaces, vídeos o audios en vuestro trabajo. </span></p><p><span></span></p><p><span>4.º Por último, debéis </span><span fontSize="12" fontWeight="bold">exponer</span><span> el mural en clase y explicar a vuestros compañeros el proceso que muestra. </span></p><p><span>Como ayuda, podéis utilizar el texto que habéis redactado previamente y dividirlo en tarjetas que os sirvan de apoyo durante la presentación.</span></p><p><span></span></p><p><span>Recordad que, además del mural, también tendréis que entregar a vuestro profesor el</span><span fontSize="12" fontWeight="bold"> listado de fuentes consultadas</span><span> y el </span><span fontSize="12" fontWeight="bold">esquema</span><span> realizado durante el análisis de la información.</span></p><p><span></span></p></TextFlow>]]></section>
  <section title="Evaluación" zoom1="false" zoom2a="false" zoom2b="false" layout="2"><![CDATA[<TextFlow><p><span>Al acabar, podéis autoevaluaros vosotros mismos para comprobar qué tareas habéis hecho mejor o peor y si el proyecto se ha realizado correctamente.</span></p><p><span></span></p><p><span fontSize="12" fontStyle="italic">Valorad de 1 a 5, siendo 1 muy mal y 5 muy bien. </span></p><p><span></span></p><p><span></span></p><p><span fontSize="12" fontWeight="bold">ÍTEMS DE VALORACIÓN<tab/></span></p><p><span fontSize="12">________________________________________________________________________<tab/><tab/><tab/><tab/><tab/><tab/></span></p><p><span fontSize="12" fontWeight="bold"><tab/><tab/><tab/><tab/><tab/><tab/><tab/>1<tab/>2<tab/>3<tab/>4<tab/>5</span><span><tab/></span></p><p><span fontSize="12" fontWeight="bold">Objetivos</span><span><tab/><tab/><tab/><tab/></span></p><p><span fontSize="12" fontWeight="bold">· </span><span>Has comprendido el objetivo del proyecto.<tab/><tab/><tab/><tab/><tab/><tab/><tab/></span></p><p><span fontSize="12" fontWeight="bold">· </span><span>Has participado activamente en la lluvia</span></p><p><span color="#ffffff" fontSize="12" fontWeight="bold">· </span><span>de ideas.<tab/><tab/><tab/><tab/><tab/><tab/><tab/><tab/><tab/><tab/></span></p><p><span fontSize="12" fontWeight="bold">· </span><span>Has previsto aspectos que después habéis</span></p><p><span color="#ffffff" fontSize="12" fontWeight="bold">· </span><span>necesitado para el desarrollo de la investigación.</span></p><p><span fontSize="12">________________________________________________________________________<tab/><tab/><tab/><tab/><tab/><tab/></span></p><p><span fontSize="12" fontWeight="bold"><tab/><tab/><tab/><tab/><tab/><tab/><tab/>1<tab/>2<tab/>3<tab/>4<tab/>5</span><span><tab/></span></p><p><span fontSize="12" fontWeight="bold">Planificación del proyecto<tab/></span><span><tab/><tab/><tab/><tab/><tab/><tab/><tab/><tab/></span></p><p><span fontSize="12" fontWeight="bold">·</span><span fontSize="12"> Has participado en la planificación del proyecto.</span></p><p><span fontSize="12" fontWeight="bold">·</span><span> Has contribuido en la distribución de tareas.</span></p><p><span fontSize="12" fontWeight="bold">·</span><span> Habéis calculado correctamente el tiempo</span></p><p><span color="#ffffff" fontSize="12" fontWeight="bold">· </span><span>necesario para desarrollar cada tarea.<tab/><tab/><tab/><tab/><tab/><tab/><tab/></span></p><p><span fontSize="12" fontWeight="bold">· </span><span fontSize="12">H</span><span>as desempeñado correctamente las tareas que </span></p><p><span color="#ffffff" fontSize="12" fontWeight="bold">· </span><span>te han sido asignadas.<tab/><tab/><tab/><tab/><tab/><tab/><tab/><tab/></span></p><p><span fontSize="12" fontWeight="bold">· </span><span>Habéis distribuido de forma equitativa las tareas</span></p><p><span color="#ffffff" fontSize="12" fontWeight="bold">· </span><span>entre los miembros del grupo.</span></p><p><span fontSize="12" fontWeight="bold">· </span><span fontSize="12">Has realizado las tareas asignadas en el tiempo</span></p><p><span color="#ffffff" fontSize="12" fontWeight="bold">· </span><span fontSize="12">previsto.</span></p><p><span fontSize="12" fontWeight="bold">· </span><span fontSize="12">Todos los miembros del grupo han participado</span></p><p><span color="#ffffff" fontSize="12" fontWeight="bold">· </span><span fontSize="12">según lo previsto.</span></p><p><span fontSize="12">________________________________________________________________________<tab/><tab/><tab/><tab/><tab/><tab/></span></p><p><span fontSize="12" fontWeight="bold"><tab/><tab/><tab/><tab/><tab/><tab/><tab/>1<tab/>2<tab/>3<tab/>4<tab/>5</span><span><tab/></span></p><p><span fontSize="12" fontWeight="bold">Investigación<tab/></span><span><tab/><tab/><tab/><tab/><tab/></span></p><p><span fontSize="12" fontWeight="bold">· </span><span>Has propuesto fuentes de información en</span></p><p><span color="#ffffff" fontSize="12" fontWeight="bold">· </span><span>las que encontrar los datos que necesitabais.<tab/><tab/><tab/><tab/><tab/></span></p><p><span fontSize="12" fontWeight="bold">· </span><span fontSize="12">L</span><span>a metodología propuesta ha </span></p><p><span color="#ffffff" fontSize="12" fontWeight="bold">· </span><span>sido la adecuada para recabar la información</span></p><p><span color="#ffffff" fontSize="12" fontWeight="bold">· </span><span>que os hacía falta.<tab/><tab/><tab/><tab/><tab/></span></p><p><span fontSize="12" fontWeight="bold">· </span><span>Habéis valorado los criterios a seguir para </span></p><p><span color="#ffffff" fontSize="12" fontWeight="bold">· </span><span>seleccionar la información.</span></p><p><span fontSize="12" fontWeight="bold">· </span><span>Has participado activamente en la búsqueda</span></p><p><span color="#ffffff" fontSize="12" fontWeight="bold">· </span><span>de información.</span></p><p><span fontSize="12" fontWeight="bold">· </span><span fontSize="12">Has hecho uso de diferentes tipos de información </span></p><p><span color="#ffffff" fontSize="12" fontWeight="bold">· </span><span fontSize="12">(electrónica, cuestionarios, bibliográfica,...)</span><span><tab/>.<tab/><tab/><tab/><tab/></span></p><p><span fontSize="12">________________________________________________________________________<tab/><tab/><tab/><tab/><tab/><tab/></span></p><p><span fontSize="12" fontWeight="bold"><tab/><tab/><tab/><tab/><tab/><tab/><tab/>1<tab/>2<tab/>3<tab/>4<tab/>5</span><span><tab/></span></p><p><span fontSize="12" fontWeight="bold">Análisis de la información<tab/></span><span><tab/><tab/><tab/><tab/><tab/></span></p><p><span fontSize="12" fontWeight="bold">· </span><span fontSize="12">Has sabido distinguir la información importante </span></p><p><span color="#ffffff" fontSize="12" fontWeight="bold">· </span><span fontSize="12">respecto a la superflua.<tab/></span><span><tab/><tab/><tab/><tab/><tab/></span></p><p><span fontSize="12" fontWeight="bold">· </span><span fontSize="12">Has ordenado todos los datos antes de analizarlos.</span></p><p><span fontSize="12" fontWeight="bold">· </span><span fontSize="12">Has sabido trasladar los datos al esquema según</span></p><p><span color="#ffffff" fontSize="12" fontWeight="bold">· </span><span fontSize="12">se requería.</span></p><p><span fontSize="12">________________________________________________________________________<tab/><tab/><tab/><tab/><tab/><tab/></span></p><p><span fontSize="12" fontWeight="bold"><tab/><tab/><tab/><tab/><tab/><tab/><tab/>1<tab/>2<tab/>3<tab/>4<tab/>5</span><span><tab/></span></p><p><span fontSize="12" fontWeight="bold">Exposición</span><span><tab/><tab/></span></p><p><span fontSize="12" fontWeight="bold">·</span><span fontSize="12"> Has dado respuesta a la pregunta principal</span></p><p><span color="#ffffff" fontSize="12" fontWeight="bold">· </span><span fontSize="12">del proyecto.</span></p><p><span fontSize="12" fontWeight="bold">·</span><span fontSize="12"> </span><span>Has sabido interpretar el esquema.<tab/><tab/><tab/><tab/><tab/></span></p><p><span fontSize="12" fontWeight="bold">· </span><span>Has participado en la extracción de </span></p><p><span color="#ffffff" fontSize="12" fontWeight="bold">· </span><span>conclusiones.</span></p><p><span fontSize="12" fontWeight="bold">· </span><span>Has sabido estructurar la información</span></p><p><span color="#ffffff" fontSize="12" fontWeight="bold">· </span><span>correctamente en el mural.<tab/><tab/><tab/><tab/><tab/></span></p><p><span fontSize="12" fontWeight="bold">· </span><span fontSize="12">Has presentado oralmente correctamente.</span></p><p><span fontSize="12" fontWeight="bold">· </span><span fontSize="12">Ha quedado clara la información expuesta.</span></p><p><span fontSize="12" fontWeight="bold">· </span><span fontSize="12">Has sabido argumentar las afirmaciones y</span></p><p><span color="#ffffff" fontSize="12" fontWeight="bold">· </span><span fontSize="12">responder a las preguntas durante la exposición.</span></p><p><span fontSize="12" fontWeight="bold">· </span><span fontSize="12">Has incorporado el contenido visual adecuado.</span></p><p><span fontSize="12" fontWeight="bold">· </span><span fontSize="12">Has sido creativo.<tab/></span></p><p><span fontSize="12">________________________________________________________________________<tab/><tab/><tab/><tab/><tab/><tab/></span></p><p><span fontSize="12" fontWeight="bold"><tab/><tab/><tab/><tab/><tab/><tab/><tab/>1<tab/>2<tab/>3<tab/>4<tab/>5</span><span><tab/></span></p><p><span fontSize="12" fontWeight="bold">VALORACIÓN GLOBAL</span></p><p><span fontSize="12" fontWeight="bold">·</span><span fontSize="12"> Del trabajo desarrollado.</span></p><p><span fontSize="12" fontWeight="bold">·</span><span fontSize="12"> De los documentos entregados.</span></p><p><span fontSize="12" fontWeight="bold">·</span><span fontSize="12"> Del trabajo en equipo.</span></p><p><span fontSize="12" fontWeight="bold">·</span><span fontSize="12"> De la exposición y defensa del trabajo.</span><span><tab/><tab/> <tab/><tab/><tab/><tab/></span></p><p><span fontSize="8"></span></p></TextFlow>]]></section>
</engine>
