<?xml version='1.0' encoding='UTF-8'?><engine copy="Editorial Planeta" version="1" aprid="f13" title="Análisis de las costumbres del ser humano" >
<section title="Presentación" path="" pathAmp="" image1Text="" zoom1="false" zoom2a="false" zoom2b="false" layout="2" >
<![CDATA[<div style="text-align: center;"><img src="data/imagenes/0.png" style="height:247px; width:800px" /></div>

<div style="text-align: center;">&nbsp;</div>

<div style="text-align: center;"><span style="font-size:28px"><span style="font-family:verdana,geneva,sans-serif">&iquest;C&oacute;mo ha evolucionado nuestra manera de vivir</span></span></div>

<div style="text-align: center;"><span style="font-size:28px"><span style="font-family:verdana,geneva,sans-serif">desde la prehistoria?</span></span></div>
]]></section>
<section title="Conceptos" path="section1.jpg" pathAmp="" image1Text="" zoom1="false" zoom2a="false" zoom2b="false" layout="1" >
<![CDATA[
<p><span style="font-size:18px"><span style="font-family:verdana,geneva,sans-serif">Antes de comenzar a preparar y dise&ntilde;ar el proyecto es importante que repases algunos de los conceptos que ya has visto en clase y que te resultar&aacute;n &uacute;tiles a la hora de realizar el trabajo:</span></span></p>

<p><span style="font-size:18px"><span style="font-family:verdana,geneva,sans-serif"><strong>Los or&iacute;genes del ser humano.</strong></span></span></p>

<p><span style="font-size:18px"><span style="font-family:verdana,geneva,sans-serif"><strong>La evoluci&oacute;n del ser humano en los diferentes per&iacute;odos de la historia:</strong></span></span></p>

<ul>
	<li><span style="font-size:18px"><span style="font-family:verdana,geneva,sans-serif">El Paleol&iacute;tico.</span></span></li>
</ul>

<ul>
	<li><span style="font-size:18px"><span style="font-family:verdana,geneva,sans-serif">El Neol&iacute;tico.</span></span></li>
</ul>

<ul>
	<li><span style="font-size:18px"><span style="font-family:verdana,geneva,sans-serif">La Edad de los Metales.</span></span></li>
</ul>

<p>&nbsp;</p>
]]></section>
<section title="Objetivos " path="section2.jpg" pathAmp="" image1Text="" zoom1="false" zoom2a="false" zoom2b="false" layout="1" >
<![CDATA[
<div><span style="font-size:18px"><span style="font-family:verdana,geneva,sans-serif"><strong>Objetivo:</strong> analizar los cambios de la vida cotidiana desde la prehistoria hasta nuestros d&iacute;as.</span></span></div>

<div>&nbsp;</div>

<div><span style="font-size:18px"><span style="font-family:verdana,geneva,sans-serif"><strong>Organizaci&oacute;n: </strong>grupos de tres o cuatro personas.</span></span></div>

<div>&nbsp;</div>

<div><span style="font-size:18px"><span style="font-family:verdana,geneva,sans-serif"><strong>Presentaci&oacute;n:</strong> mural.</span></span></div>

<div>&nbsp;</div>

<div><span style="font-size:18px"><span style="font-family:verdana,geneva,sans-serif"><strong>Plazo: </strong>dos semanas. </span></span></div>

<div>&nbsp;</div>

<div><span style="font-size:18px"><span style="font-family:verdana,geneva,sans-serif"><strong>Punto de partida:</strong> para responder a la pregunta inicial y averiguar los cambios en las costumbres del ser humano a lo largo de la historia, te proponemos realizar en clase una lluvia de ideas. Prop&oacute;n aquellos conceptos que creas que es necesario investigar, como cu&aacute;l era la caracter&iacute;stica principal de la forma de vida de la prehistoria. Plantea tambi&eacute;n qu&eacute; preguntas tendr&aacute;s que resolver durante la investigaci&oacute;n para alcanzar tu objetivo. Por ejemplo: </span></span></div>

<div>&nbsp;</div>

<ul>
	<li>
	<div><span style="font-size:18px"><span style="font-family:verdana,geneva,sans-serif">&iquest;De qu&eacute; materiales est&aacute; hecha nuestra ropa y de qu&eacute; estaba hecha la ropa usada por nuestros ancestros?</span></span></div>
	</li>
</ul>

<ul>
	<li>
	<div><span style="font-size:18px"><span style="font-family:verdana,geneva,sans-serif">&iquest;Qu&eacute; alimentos consumimos hoy en d&iacute;a que no se consum&iacute;an en la antig&uuml;edad?</span></span></div>
	</li>
</ul>

<ul>
	<li>
	<div><span style="font-size:18px"><span style="font-family:verdana,geneva,sans-serif">&iquest;Qu&eacute; inventos han revolucionado los transportes?</span></span></div>
	</li>
</ul>

<div>&nbsp;</div>

<div><span style="font-size:18px"><span style="font-family:verdana,geneva,sans-serif">Al final, intenta ofrecer una respuesta previa a la pregunta del proyecto. La investigaci&oacute;n te ayudar&aacute; a averiguar si estabas en lo cierto o no. </span></span></div>

<div>&nbsp;</div>
]]></section>
<section title="Planificación" path2a="2a_section3.jpg" path2b="2b_section3.jpg" pathAmp="" image1Text="" zoom1="false" zoom2a="false" zoom2b="false" layout="4" >
<![CDATA[
<div><span style="font-size:18px"><span style="font-family:verdana,geneva,sans-serif">Para realizar el ejercicio, te proponemos comenzar por organizar el trabajo. Para ello te sugerimos seguir los siguientes pasos:</span></span></div>

<div>&nbsp;</div>

<div><span style="font-size:18px"><span style="font-family:verdana,geneva,sans-serif">1.&ordm; Identificar el <strong>objetivo </strong>del proyecto.</span></span></div>

<div>&nbsp;</div>

<div><span style="font-size:18px"><span style="font-family:verdana,geneva,sans-serif">2.&ordm; Hacer una lista de las <strong>tareas</strong> que debes completar a lo largo del proyecto.</span></span></div>

<div>&nbsp;</div>

<div><span style="font-size:18px"><span style="font-family:verdana,geneva,sans-serif">3.&ordm; Definir <strong>qui&eacute;n</strong> (o qui&eacute;nes) va realizar cada una de las tareas o actividades que deben desarrollarse para llegar al objetivo.</span></span></div>

<div>&nbsp;</div>

<div><span style="font-size:18px"><span style="font-family:verdana,geneva,sans-serif">4.&ordm; Establecer el <strong>tiempo</strong> que deber&aacute;s dedicar a cada tarea.</span></span></div>

<div>&nbsp;</div>

<div><span style="font-size:18px"><span style="font-family:verdana,geneva,sans-serif">5.&ordm; Anotar <strong>cu&aacute;ndo</strong> y <strong>c&oacute;mo</strong> se pondr&aacute; en com&uacute;n el trabajo realizado por los miembros del grupo y se preparar&aacute; el mural.</span></span></div>

<div>&nbsp;</div>

<div><span style="font-size:18px"><span style="font-family:verdana,geneva,sans-serif">Cuando queremos planificar cualquier tarea, puede resultar de ayuda utilizar una tabla o una hoja de c&aacute;lculo en la que concretemos, por ejemplo, qui&eacute;n forma el grupo, de qu&eacute; tarea se hace cargo cada persona, cu&aacute;nto tiempo le vamos a dedicar a cada una de las tareas, cu&aacute;ndo tenemos que hacer la presentaci&oacute;n del proyecto, etc. </span></span></div>

<div>&nbsp;</div>

<div><span style="font-size:18px"><span style="font-family:verdana,geneva,sans-serif">En la primera imagen adjunta puedes observar un ejemplo de estructura de esta tabla que te ayudar&aacute; a orientar tu planificaci&oacute;n.</span></span></div>

<div>&nbsp;</div>

<div><span style="font-size:18px"><span style="font-family:verdana,geneva,sans-serif">En la segunda imagen puedes observar un ejemplo de planificaci&oacute;n de un proyecto similar que te puede ser de ayuda.</span></span></div>
]]></section>
<section title="Investigación" path="section4.jpg" pathAmp="" image1Text="" zoom1="false" zoom2a="false" zoom2b="false" layout="1" >
<![CDATA[
<div><span style="font-size:18px"><span style="font-family:verdana,geneva,sans-serif">A la hora de realizar tu investigaci&oacute;n, es importante que pienses y discutas sobre qu&eacute; recursos y fuentes de informaci&oacute;n pueden resultar &uacute;tiles. Te recomendamos: </span></span></div>

<div>&nbsp;</div>

<ul>
	<li>
	<div><span style="font-size:18px"><span style="font-family:verdana,geneva,sans-serif">Consultar publicaciones y p&aacute;ginas web fiables como, por ejemplo, la de museos especializados en historia.</span></span></div>
	</li>
</ul>

<ul>
	<li>
	<div><span style="font-size:18px"><span style="font-family:verdana,geneva,sans-serif">Contrastar con varias fuentes la informaci&oacute;n que utilices: no dar por buena una informaci&oacute;n si no es de una instituci&oacute;n p&uacute;blica o privada de reconocido prestigio, como la Gran Enciclopedia Planeta.</span></span></div>
	</li>
</ul>

<ul>
	<li>
	<div><span style="font-size:18px"><span style="font-family:verdana,geneva,sans-serif">Utilizar solo la informaci&oacute;n que sea &uacute;til y descartar aquella que no aporte nada.</span></span></div>
	</li>
</ul>

<ul>
	<li>
	<div><span style="font-size:18px"><span style="font-family:verdana,geneva,sans-serif">Elaborar una lista con las fuentes consultadas (bibliograf&iacute;a: listado de libros consultados, webs, etc.).</span></span></div>
	</li>
</ul>

<ul>
	<li>
	<div><span style="font-size:18px"><span style="font-family:verdana,geneva,sans-serif">Resumir con tus palabras la informaci&oacute;n obtenida.</span></span></div>
	</li>
</ul>

<div>&nbsp;</div>

<div><span style="font-size:18px"><span style="font-family:verdana,geneva,sans-serif"><strong>&iexcl;Atenci&oacute;n!</strong> No debes copiar y utilizar el material que encuentres como si fuera tuyo: debes elaborar las ideas y recogerlo con tus propias palabras. Cuando utilices palabras de forma literal de un texto, este debe ir entre comillas. Recuerda, adem&aacute;s, utilizar el diccionario cuando no comprendas el significado de una palabra.</span></span></div>
]]></section>
<section title="Análisis" path="section5.jpg" pathAmp="" image1Text="" zoom1="false" zoom2a="false" zoom2b="false" layout="1" >
<![CDATA[
<div><span style="font-size:18px"><span style="font-family:verdana,geneva,sans-serif">A partir de la informaci&oacute;n recopilada, elabora y completa un <strong>esquema </strong>que sintetice la siguiente informaci&oacute;n:</span></span></div>

<div>&nbsp;</div>

<ul>
	<li>
	<div><span style="font-size:18px"><span style="font-family:verdana,geneva,sans-serif">Materiales empleados en la construcci&oacute;n de la prehistoria, de la antig&uuml;edad y de la actualidad.</span></span></div>
	</li>
</ul>

<ul>
	<li>
	<div><span style="font-size:18px"><span style="font-family:verdana,geneva,sans-serif">C&oacute;mo ha evolucionado la vivienda.</span></span></div>
	</li>
</ul>

<ul>
	<li>
	<div><span style="font-size:18px"><span style="font-family:verdana,geneva,sans-serif">Costumbres y h&aacute;bitos de nuestros antepasados y compararlos con los nuestros.</span></span></div>
	</li>
</ul>

<ul>
	<li>
	<div><span style="font-size:18px"><span style="font-family:verdana,geneva,sans-serif">Evoluci&oacute;n del trabajo y los oficios. </span></span></div>
	</li>
</ul>

<p>&nbsp;</p>
]]></section>
<section title="Exposición" path="section6.jpg" pathAmp="" image1Text="" zoom1="false" zoom2a="false" zoom2b="false" layout="1" >
<![CDATA[
<div><span style="font-size:18px"><span style="font-family:verdana,geneva,sans-serif">Una vez analizada la informaci&oacute;n, debes seleccionar los datos m&aacute;s relevantes y elaborar un <strong>mural digital o en cartulina</strong> donde se muestre c&oacute;mo ha evolucionado nuestra manera de vivir desde la prehistoria.</span></span></div>

<div><span style="font-size:18px"><span style="font-family:verdana,geneva,sans-serif">Para que esta tarea te resulte m&aacute;s sencilla, se recomienda:</span></span></div>

<div>&nbsp;</div>

<div><span style="font-size:18px"><span style="font-family:verdana,geneva,sans-serif">1.&ordm; <strong>Redactar un texto</strong> donde se expliquen las costumbres de nuestros ancestros y c&oacute;mo han evolucionado hasta la actualidad.</span></span></div>

<div>&nbsp;</div>

<div><span style="font-size:18px"><span style="font-family:verdana,geneva,sans-serif">2.&ordm; <strong>Contrastar</strong> si coincide esta explicaci&oacute;n con las respuestas previas que planteaste al comenzar el proyecto.</span></span></div>

<div>&nbsp;</div>

<div><span style="font-size:18px"><span style="font-family:verdana,geneva,sans-serif">3.&ordm; Plasmar tu explicaci&oacute;n en un <strong>mural</strong> &ndash;digital o papel&ndash; las conclusiones a las que has llegado. Recuerden que deben acompa&ntilde;ar tus textos con fotograf&iacute;as o dibujos que ilustren las costumbres de nuestros antepasados y las nuestras.</span></span></div>

<div>&nbsp;</div>

<div><span style="font-size:18px"><span style="font-family:verdana,geneva,sans-serif">Si escoges por realizar un mural digital puedes utilizar, por ejemplo, <a href="http://edu.glogster.com/" target="_blank">Glogster</a>, una herramienta que permite introducir elementos, como enlaces, videos o audios en tu trabajo. </span></span></div>

<div>&nbsp;</div>

<div><span style="font-size:18px"><span style="font-family:verdana,geneva,sans-serif">4.&ordm; Por &uacute;ltimo, debes <strong>exponer</strong> el mural en clase y explicar a tus compa&ntilde;eros el proceso que muestra. </span></span></div>

<div><span style="font-size:18px"><span style="font-family:verdana,geneva,sans-serif">Como ayuda, puedes utilizar el texto que has redactado previamente y dividirlo en tarjetas que te sirvan de apoyo durante la presentaci&oacute;n.</span></span></div>

<div>&nbsp;</div>

<div><span style="font-size:18px"><span style="font-family:verdana,geneva,sans-serif">Recuerda que, adem&aacute;s del mural, tambi&eacute;n tendr&aacute;s que entregar a tu profesor el<strong> listado de fuentes consultadas</strong> y el <strong>esquema</strong> realizado durante el an&aacute;lisis de la informaci&oacute;n.</span></span></div>

<p>&nbsp;</p>
]]></section>
<section title="Evaluación" path="" pathAmp="" image1Text="" zoom1="false" zoom2a="false" zoom2b="false" layout="2" >
<![CDATA[
<div><span style="font-size:18px"><span style="font-family:verdana,geneva,sans-serif">Al acabar, puedes evaluarte t&uacute; mismo para comprobar qu&eacute; tareas has hecho mejor o peor y si el proyecto se ha realizado correctamente.</span></span></div>

<div>&nbsp;</div>

<div><span style="font-size:18px"><span style="font-family:verdana,geneva,sans-serif"><em>Valora de 1 a 5, siendo 1 muy mal y 5 muy bien. </em></span></span></div>

<div>&nbsp;</div>

<div>&nbsp;</div>

<div><span style="font-size:18px"><span style="font-family:verdana,geneva,sans-serif"><strong>&Iacute;TEMS DE VALORACI&Oacute;N&nbsp;&nbsp;&nbsp;&nbsp;&nbsp;&nbsp;&nbsp;&nbsp;&nbsp;&nbsp;&nbsp;</strong></span></span></div>

<div><span style="font-size:18px"><span style="font-family:verdana,geneva,sans-serif">________________________________________________________________________&nbsp;&nbsp;&nbsp;&nbsp;&nbsp;&nbsp;&nbsp;&nbsp;&nbsp;&nbsp;&nbsp;&nbsp;&nbsp;&nbsp;&nbsp;&nbsp;&nbsp;&nbsp;&nbsp;&nbsp;&nbsp;&nbsp;&nbsp;&nbsp;&nbsp;&nbsp;&nbsp;&nbsp;&nbsp;&nbsp;&nbsp;&nbsp;&nbsp;&nbsp;&nbsp;&nbsp;&nbsp;&nbsp;&nbsp;&nbsp;&nbsp;&nbsp;&nbsp;&nbsp;&nbsp;&nbsp;&nbsp;&nbsp;&nbsp;&nbsp;&nbsp;&nbsp;&nbsp;&nbsp;&nbsp;&nbsp;&nbsp;&nbsp;&nbsp;&nbsp;&nbsp;&nbsp;&nbsp;&nbsp;&nbsp;&nbsp;</span></span></div>

<div><span style="font-size:18px"><span style="font-family:verdana,geneva,sans-serif"><strong>&nbsp;&nbsp;&nbsp;&nbsp;&nbsp;&nbsp;&nbsp;&nbsp;&nbsp;&nbsp;&nbsp;&nbsp;&nbsp;&nbsp;&nbsp;&nbsp;&nbsp;&nbsp;&nbsp;&nbsp;&nbsp;&nbsp;&nbsp;&nbsp;&nbsp;&nbsp;&nbsp;&nbsp;&nbsp;&nbsp;&nbsp;&nbsp;&nbsp;&nbsp;&nbsp;&nbsp;&nbsp;&nbsp;&nbsp;&nbsp;&nbsp;&nbsp;&nbsp;&nbsp;&nbsp;&nbsp;&nbsp;&nbsp;&nbsp;&nbsp;&nbsp;&nbsp;&nbsp;&nbsp;&nbsp;&nbsp;&nbsp;&nbsp;&nbsp;&nbsp;&nbsp;&nbsp;&nbsp;&nbsp;&nbsp;&nbsp;&nbsp;&nbsp;&nbsp;&nbsp;&nbsp;&nbsp;&nbsp;&nbsp;&nbsp;&nbsp;&nbsp;1&nbsp;&nbsp;&nbsp;&nbsp;&nbsp;&nbsp;&nbsp;&nbsp;&nbsp;&nbsp;&nbsp;2&nbsp;&nbsp;&nbsp;&nbsp;&nbsp;&nbsp;&nbsp;&nbsp;&nbsp;&nbsp;&nbsp;3&nbsp;&nbsp;&nbsp;&nbsp;&nbsp;&nbsp;&nbsp;&nbsp;&nbsp;&nbsp;&nbsp;4&nbsp;&nbsp;&nbsp;&nbsp;&nbsp;&nbsp;&nbsp;&nbsp;&nbsp;&nbsp;&nbsp;5</strong>&nbsp;&nbsp;&nbsp;&nbsp;&nbsp;&nbsp;&nbsp;&nbsp;&nbsp;&nbsp;&nbsp;</span></span></div>

<div><span style="font-size:18px"><span style="font-family:verdana,geneva,sans-serif"><strong>Objetivos</strong>&nbsp;&nbsp;&nbsp;&nbsp;&nbsp;&nbsp;&nbsp;&nbsp;&nbsp;&nbsp;&nbsp;&nbsp;&nbsp;&nbsp;&nbsp;&nbsp;&nbsp;&nbsp;&nbsp;&nbsp;&nbsp;&nbsp;&nbsp;&nbsp;&nbsp;&nbsp;&nbsp;&nbsp;&nbsp;&nbsp;&nbsp;&nbsp;&nbsp;&nbsp;&nbsp;&nbsp;&nbsp;&nbsp;&nbsp;&nbsp;&nbsp;&nbsp;&nbsp;&nbsp;</span></span></div>

<div><span style="font-size:18px"><span style="font-family:verdana,geneva,sans-serif"><strong>&middot; </strong>Has comprendido el objetivo del proyecto.</span></span></div>

<div><span style="font-size:18px"><span style="font-family:verdana,geneva,sans-serif"><strong>&middot; </strong>Has participado activamente en la lluvia</span></span><br />
<span style="font-size:18px"><span style="font-family:verdana,geneva,sans-serif">&nbsp; de ideas.&nbsp;&nbsp;&nbsp;&nbsp;&nbsp;&nbsp;&nbsp;&nbsp;&nbsp;&nbsp;&nbsp;&nbsp;&nbsp;&nbsp;&nbsp;&nbsp;&nbsp;&nbsp;&nbsp;&nbsp;&nbsp;&nbsp;&nbsp;&nbsp;&nbsp;&nbsp;&nbsp;&nbsp;&nbsp;&nbsp;&nbsp;&nbsp;&nbsp;&nbsp;&nbsp;&nbsp;&nbsp;&nbsp;&nbsp;&nbsp;&nbsp;&nbsp;&nbsp;&nbsp;&nbsp;&nbsp;&nbsp;&nbsp;&nbsp;&nbsp;&nbsp;&nbsp;&nbsp;&nbsp;&nbsp;&nbsp;&nbsp;&nbsp;&nbsp;&nbsp;&nbsp;&nbsp;&nbsp;&nbsp;&nbsp;&nbsp;&nbsp;&nbsp;&nbsp;&nbsp;&nbsp;&nbsp;&nbsp;&nbsp;&nbsp;&nbsp;&nbsp;&nbsp;&nbsp;&nbsp;&nbsp;&nbsp;&nbsp;&nbsp;&nbsp;&nbsp;&nbsp;&nbsp;&nbsp;&nbsp;&nbsp;&nbsp;&nbsp;&nbsp;&nbsp;&nbsp;&nbsp;&nbsp;&nbsp;&nbsp;&nbsp;&nbsp;&nbsp;&nbsp;&nbsp;&nbsp;&nbsp;&nbsp;&nbsp;&nbsp;</span></span></div>

<div><span style="font-size:18px"><span style="font-family:verdana,geneva,sans-serif"><strong>&middot; </strong>Has previsto aspectos que despu&eacute;s has</span></span><br />
<span style="font-size:18px"><span style="font-family:verdana,geneva,sans-serif">&nbsp; necesitado para el desarrollo de la investigaci&oacute;n.</span></span></div>

<div><span style="font-size:18px"><span style="font-family:verdana,geneva,sans-serif">________________________________________________________________________&nbsp;&nbsp;&nbsp;&nbsp;&nbsp;&nbsp;&nbsp;&nbsp;&nbsp;&nbsp;&nbsp;&nbsp;&nbsp;&nbsp;&nbsp;&nbsp;&nbsp;&nbsp;&nbsp;&nbsp;&nbsp;&nbsp;&nbsp;&nbsp;&nbsp;&nbsp;&nbsp;&nbsp;&nbsp;&nbsp;&nbsp;&nbsp;&nbsp;&nbsp;&nbsp;&nbsp;&nbsp;&nbsp;&nbsp;&nbsp;&nbsp;&nbsp;&nbsp;&nbsp;&nbsp;&nbsp;&nbsp;&nbsp;&nbsp;&nbsp;&nbsp;&nbsp;&nbsp;&nbsp;&nbsp;&nbsp;&nbsp;&nbsp;&nbsp;&nbsp;&nbsp;&nbsp;&nbsp;&nbsp;&nbsp;&nbsp;</span></span></div>

<div><span style="font-size:18px"><span style="font-family:verdana,geneva,sans-serif"><strong>&nbsp;&nbsp;&nbsp;&nbsp;&nbsp;&nbsp;&nbsp;&nbsp;&nbsp;&nbsp;&nbsp;&nbsp;&nbsp;&nbsp;&nbsp;&nbsp;&nbsp;&nbsp;&nbsp;&nbsp;&nbsp;&nbsp;&nbsp;&nbsp;&nbsp;&nbsp;&nbsp;&nbsp;&nbsp;&nbsp;&nbsp;&nbsp;&nbsp;&nbsp;&nbsp;&nbsp;&nbsp;&nbsp;&nbsp;&nbsp;&nbsp;&nbsp;&nbsp;&nbsp;&nbsp;&nbsp;&nbsp;&nbsp;&nbsp;&nbsp;&nbsp;&nbsp;&nbsp;&nbsp;&nbsp;&nbsp;&nbsp;&nbsp;&nbsp;&nbsp;&nbsp;&nbsp;&nbsp;&nbsp;&nbsp;&nbsp;&nbsp;&nbsp;&nbsp;&nbsp;&nbsp;&nbsp;&nbsp;&nbsp;&nbsp;&nbsp;&nbsp;1&nbsp;&nbsp;&nbsp;&nbsp;&nbsp;&nbsp;&nbsp;&nbsp;&nbsp;&nbsp;&nbsp;2&nbsp;&nbsp;&nbsp;&nbsp;&nbsp;&nbsp;&nbsp;&nbsp;&nbsp;&nbsp;&nbsp;3&nbsp;&nbsp;&nbsp;&nbsp;&nbsp;&nbsp;&nbsp;&nbsp;&nbsp;&nbsp;&nbsp;4&nbsp;&nbsp;&nbsp;&nbsp;&nbsp;&nbsp;&nbsp;&nbsp;&nbsp;&nbsp;&nbsp;5</strong>&nbsp;&nbsp;&nbsp;&nbsp;&nbsp;&nbsp;&nbsp;&nbsp;&nbsp;&nbsp;&nbsp;</span></span></div>

<div><span style="font-size:18px"><span style="font-family:verdana,geneva,sans-serif"><strong>Planificaci&oacute;n del proyecto</strong>&nbsp;&nbsp;&nbsp;&nbsp; </span></span></div>

<div><span style="font-size:18px"><span style="font-family:verdana,geneva,sans-serif"><strong>&middot;</strong> Has participado en la planificaci&oacute;n del proyecto.</span></span></div>

<div><span style="font-size:18px"><span style="font-family:verdana,geneva,sans-serif"><strong>&middot;</strong> Has contribuido en la distribuci&oacute;n de tareas.</span></span></div>

<div><span style="font-size:18px"><span style="font-family:verdana,geneva,sans-serif"><strong>&middot;</strong> Has calculado correctamente el tiempo</span></span><br />
<span style="font-size:18px"><span style="font-family:verdana,geneva,sans-serif">&nbsp; necesario para desarrollar cada tarea.</span></span></div>

<div><span style="font-size:18px"><span style="font-family:verdana,geneva,sans-serif"><strong>&middot; </strong>Has desempe&ntilde;ado correctamente las tareas que<br />
&nbsp; te han sido asignadas.&nbsp;&nbsp;&nbsp;&nbsp;&nbsp;&nbsp;&nbsp;&nbsp;&nbsp;&nbsp;&nbsp;&nbsp;&nbsp;&nbsp;&nbsp;&nbsp;&nbsp;&nbsp;&nbsp;&nbsp;&nbsp;&nbsp;&nbsp;&nbsp;&nbsp;&nbsp;&nbsp;&nbsp;&nbsp;&nbsp;&nbsp;&nbsp;&nbsp;&nbsp;&nbsp;&nbsp;&nbsp;&nbsp;&nbsp;&nbsp;&nbsp;&nbsp;&nbsp;&nbsp;&nbsp;&nbsp;&nbsp;&nbsp;&nbsp;&nbsp; </span></span></div>

<div><span style="font-size:18px"><span style="font-family:verdana,geneva,sans-serif"><strong>&middot; </strong>Has distribuido de forma equitativa las tareas</span></span><br />
<span style="font-size:18px"><span style="font-family:verdana,geneva,sans-serif">&nbsp; entre los miembros del grupo.</span></span></div>

<div><span style="font-size:18px"><span style="font-family:verdana,geneva,sans-serif"><strong>&middot; </strong>Has realizado las tareas asignadas en el tiempo</span></span><br />
<span style="font-size:18px"><span style="font-family:verdana,geneva,sans-serif">&nbsp; previsto.</span></span></div>

<div><span style="font-size:18px"><span style="font-family:verdana,geneva,sans-serif"><strong>&middot; </strong>Todos los miembros del grupo han participado</span></span><br />
<span style="font-size:18px"><span style="font-family:verdana,geneva,sans-serif">&nbsp; seg&uacute;n lo previsto.</span></span></div>

<div><span style="font-size:18px"><span style="font-family:verdana,geneva,sans-serif">________________________________________________________________________&nbsp;&nbsp;&nbsp;&nbsp;&nbsp;&nbsp;&nbsp;&nbsp;&nbsp;&nbsp;&nbsp;&nbsp;&nbsp;&nbsp;&nbsp;&nbsp;&nbsp;&nbsp;&nbsp;&nbsp;&nbsp;&nbsp;&nbsp;&nbsp;&nbsp;&nbsp;&nbsp;&nbsp;&nbsp;&nbsp;&nbsp;&nbsp;&nbsp;&nbsp;&nbsp;&nbsp;&nbsp;&nbsp;&nbsp;&nbsp;&nbsp;&nbsp;&nbsp;&nbsp;&nbsp;&nbsp;&nbsp;&nbsp;&nbsp;&nbsp;&nbsp;&nbsp;&nbsp;&nbsp;&nbsp;&nbsp;&nbsp;&nbsp;&nbsp;&nbsp;&nbsp;&nbsp;&nbsp;&nbsp;&nbsp;&nbsp;</span></span></div>

<div><span style="font-size:18px"><span style="font-family:verdana,geneva,sans-serif"><strong>&nbsp;&nbsp;&nbsp;&nbsp;&nbsp;&nbsp;&nbsp;&nbsp;&nbsp;&nbsp;&nbsp;&nbsp;&nbsp;&nbsp;&nbsp;&nbsp;&nbsp;&nbsp;&nbsp;&nbsp;&nbsp;&nbsp;&nbsp;&nbsp;&nbsp;&nbsp;&nbsp;&nbsp;&nbsp;&nbsp;&nbsp;&nbsp;&nbsp;&nbsp;&nbsp;&nbsp;&nbsp;&nbsp;&nbsp;&nbsp;&nbsp;&nbsp;&nbsp;&nbsp;&nbsp;&nbsp;&nbsp;&nbsp;&nbsp;&nbsp;&nbsp;&nbsp;&nbsp;&nbsp;&nbsp;&nbsp;&nbsp;&nbsp;&nbsp;&nbsp;&nbsp;&nbsp;&nbsp;&nbsp;&nbsp;&nbsp;&nbsp;&nbsp;&nbsp;&nbsp;&nbsp;&nbsp;&nbsp;&nbsp;&nbsp;&nbsp;&nbsp;1&nbsp;&nbsp;&nbsp;&nbsp;&nbsp;&nbsp;&nbsp;&nbsp;&nbsp;&nbsp;&nbsp;2&nbsp;&nbsp;&nbsp;&nbsp;&nbsp;&nbsp;&nbsp;&nbsp;&nbsp;&nbsp;&nbsp;3&nbsp;&nbsp;&nbsp;&nbsp;&nbsp;&nbsp;&nbsp;&nbsp;&nbsp;&nbsp;&nbsp;4&nbsp;&nbsp;&nbsp;&nbsp;&nbsp;&nbsp;&nbsp;&nbsp;&nbsp;&nbsp;&nbsp;5</strong>&nbsp;&nbsp;&nbsp;&nbsp;&nbsp;&nbsp;&nbsp;&nbsp;&nbsp;&nbsp;&nbsp;</span></span></div>

<div><span style="font-size:18px"><span style="font-family:verdana,geneva,sans-serif"><strong>Investigaci&oacute;n&nbsp;&nbsp;&nbsp;&nbsp;&nbsp;&nbsp;&nbsp;&nbsp;&nbsp;&nbsp;&nbsp;</strong>&nbsp;&nbsp;&nbsp;&nbsp;&nbsp;&nbsp;&nbsp;&nbsp;&nbsp;&nbsp;&nbsp;&nbsp;&nbsp;&nbsp;&nbsp;&nbsp;&nbsp;&nbsp;&nbsp;&nbsp;&nbsp;&nbsp;&nbsp;&nbsp;&nbsp;&nbsp;&nbsp;&nbsp;&nbsp;&nbsp;&nbsp;&nbsp;&nbsp;&nbsp;&nbsp;&nbsp;&nbsp;&nbsp;&nbsp;&nbsp;&nbsp;&nbsp;&nbsp;&nbsp;&nbsp;&nbsp;&nbsp;&nbsp;&nbsp;&nbsp;&nbsp;&nbsp;&nbsp;&nbsp;&nbsp;</span></span></div>

<div><span style="font-size:18px"><span style="font-family:verdana,geneva,sans-serif"><strong>&middot; </strong>Has propuesto fuentes de informaci&oacute;n en<br />
&nbsp; las que encontrar los datos que<br />
&nbsp; necesitabas.&nbsp;&nbsp;&nbsp;&nbsp;&nbsp;&nbsp;&nbsp;&nbsp;&nbsp;&nbsp;&nbsp;&nbsp;&nbsp;&nbsp;&nbsp;&nbsp;&nbsp;&nbsp;&nbsp;&nbsp;&nbsp;&nbsp;&nbsp;&nbsp;&nbsp;&nbsp;&nbsp;&nbsp;&nbsp;&nbsp;&nbsp;&nbsp;&nbsp;&nbsp;&nbsp;&nbsp;&nbsp;&nbsp;&nbsp;&nbsp;&nbsp;&nbsp;&nbsp;&nbsp;&nbsp;&nbsp;&nbsp;&nbsp;&nbsp;&nbsp;&nbsp;&nbsp;&nbsp;&nbsp;&nbsp;</span></span></div>

<div><span style="font-size:18px"><span style="font-family:verdana,geneva,sans-serif"><strong>&middot; </strong>La metodolog&iacute;a propuesta ha </span></span><br />
<span style="font-size:18px"><span style="font-family:verdana,geneva,sans-serif">&nbsp; sido la adecuada para recolectar la informaci&oacute;n</span></span><br />
<span style="font-size:18px"><span style="font-family:verdana,geneva,sans-serif">&nbsp; que te hac&iacute;a falta.&nbsp;&nbsp;&nbsp;&nbsp;&nbsp;&nbsp;&nbsp;&nbsp;&nbsp;&nbsp;&nbsp;&nbsp;&nbsp;&nbsp;&nbsp;&nbsp;&nbsp;&nbsp;&nbsp;&nbsp;&nbsp;&nbsp;&nbsp;&nbsp;&nbsp;&nbsp;&nbsp;&nbsp;&nbsp;&nbsp;&nbsp;&nbsp;&nbsp;&nbsp;&nbsp;&nbsp;&nbsp;&nbsp;&nbsp;&nbsp;&nbsp;&nbsp;&nbsp;&nbsp;&nbsp;&nbsp;&nbsp;&nbsp;&nbsp;&nbsp;&nbsp;&nbsp;&nbsp;&nbsp;&nbsp;</span></span></div>

<div><span style="font-size:18px"><span style="font-family:verdana,geneva,sans-serif"><strong>&middot; </strong>Has valorado los criterios a seguir para </span></span><br />
<span style="font-size:18px"><span style="font-family:verdana,geneva,sans-serif">&nbsp; seleccionar la informaci&oacute;n.</span></span></div>

<div><span style="font-size:18px"><span style="font-family:verdana,geneva,sans-serif"><strong>&middot; </strong>Has participado activamente en la b&uacute;squeda</span></span><br />
<span style="font-size:18px"><span style="font-family:verdana,geneva,sans-serif">&nbsp; de informaci&oacute;n.</span></span></div>

<div><span style="font-size:18px"><span style="font-family:verdana,geneva,sans-serif"><strong>&middot; </strong>Has hecho uso de diferentes tipos de informaci&oacute;n </span></span><br />
<span style="font-size:18px"><span style="font-family:verdana,geneva,sans-serif">&nbsp; (electr&oacute;nica, cuestionarios, bibliogr&aacute;fica,...).&nbsp;&nbsp;&nbsp;&nbsp;&nbsp;&nbsp;&nbsp;&nbsp;&nbsp;&nbsp;&nbsp;&nbsp;&nbsp;&nbsp;&nbsp;&nbsp;&nbsp;&nbsp;&nbsp;&nbsp;&nbsp;&nbsp;&nbsp;&nbsp;&nbsp;&nbsp;&nbsp;&nbsp;&nbsp;&nbsp;&nbsp;&nbsp;&nbsp;&nbsp;&nbsp;&nbsp;&nbsp;&nbsp;&nbsp;&nbsp;&nbsp;&nbsp;&nbsp;&nbsp;</span></span></div>

<div><span style="font-size:18px"><span style="font-family:verdana,geneva,sans-serif">________________________________________________________________________&nbsp;&nbsp;&nbsp;&nbsp;&nbsp;&nbsp;&nbsp;&nbsp;&nbsp;&nbsp;&nbsp;&nbsp;&nbsp;&nbsp;&nbsp;&nbsp;&nbsp;&nbsp;&nbsp;&nbsp;&nbsp;&nbsp;&nbsp;&nbsp;&nbsp;&nbsp;&nbsp;&nbsp;&nbsp;&nbsp;&nbsp;&nbsp;&nbsp;&nbsp;&nbsp;&nbsp;&nbsp;&nbsp;&nbsp;&nbsp;&nbsp;&nbsp;&nbsp;&nbsp;&nbsp;&nbsp;&nbsp;&nbsp;&nbsp;&nbsp;&nbsp;&nbsp;&nbsp;&nbsp;&nbsp;&nbsp;&nbsp;&nbsp;&nbsp;&nbsp;&nbsp;&nbsp;&nbsp;&nbsp;&nbsp;&nbsp;</span></span></div>

<div><span style="font-size:18px"><span style="font-family:verdana,geneva,sans-serif"><strong>&nbsp;&nbsp;&nbsp;&nbsp;&nbsp;&nbsp;&nbsp;&nbsp;&nbsp;&nbsp;&nbsp;&nbsp;&nbsp;&nbsp;&nbsp;&nbsp;&nbsp;&nbsp;&nbsp;&nbsp;&nbsp;&nbsp;&nbsp;&nbsp;&nbsp;&nbsp;&nbsp;&nbsp;&nbsp;&nbsp;&nbsp;&nbsp;&nbsp;&nbsp;&nbsp;&nbsp;&nbsp;&nbsp;&nbsp;&nbsp;&nbsp;&nbsp;&nbsp;&nbsp;&nbsp;&nbsp;&nbsp;&nbsp;&nbsp;&nbsp;&nbsp;&nbsp;&nbsp;&nbsp;&nbsp;&nbsp;&nbsp;&nbsp;&nbsp;&nbsp;&nbsp;&nbsp;&nbsp;&nbsp;&nbsp;&nbsp;&nbsp;&nbsp;&nbsp;&nbsp;&nbsp;&nbsp;&nbsp;&nbsp;&nbsp;&nbsp;&nbsp;1&nbsp;&nbsp;&nbsp;&nbsp;&nbsp;&nbsp;&nbsp;&nbsp;&nbsp;&nbsp;&nbsp;2&nbsp;&nbsp;&nbsp;&nbsp;&nbsp;&nbsp;&nbsp;&nbsp;&nbsp;&nbsp;&nbsp;3&nbsp;&nbsp;&nbsp;&nbsp;&nbsp;&nbsp;&nbsp;&nbsp;&nbsp;&nbsp;&nbsp;4&nbsp;&nbsp;&nbsp;&nbsp;&nbsp;&nbsp;&nbsp;&nbsp;&nbsp;&nbsp;&nbsp;5</strong>&nbsp;&nbsp;&nbsp;&nbsp;&nbsp;&nbsp;&nbsp;&nbsp;&nbsp;&nbsp;&nbsp;</span></span></div>

<div><span style="font-size:18px"><span style="font-family:verdana,geneva,sans-serif"><strong>An&aacute;lisis de la informaci&oacute;n&nbsp;&nbsp;&nbsp;&nbsp;&nbsp;&nbsp;&nbsp;&nbsp;&nbsp;&nbsp;&nbsp;</strong>&nbsp;&nbsp;&nbsp;&nbsp;&nbsp;&nbsp;&nbsp;&nbsp;&nbsp;&nbsp;&nbsp;&nbsp;&nbsp;&nbsp;&nbsp;&nbsp;&nbsp;&nbsp;&nbsp;&nbsp;&nbsp;&nbsp;&nbsp;&nbsp;&nbsp;&nbsp;&nbsp;&nbsp;&nbsp;&nbsp;&nbsp;&nbsp;&nbsp;&nbsp;&nbsp;&nbsp;&nbsp;&nbsp;&nbsp;&nbsp;&nbsp;&nbsp;&nbsp;&nbsp;&nbsp;&nbsp;&nbsp;&nbsp;&nbsp;&nbsp;&nbsp;&nbsp;&nbsp;&nbsp;&nbsp;</span></span></div>

<div><span style="font-size:18px"><span style="font-family:verdana,geneva,sans-serif"><strong>&middot; </strong>Has sabido distinguir la informaci&oacute;n importante<br />
&nbsp; respecto a la superflua.&nbsp;&nbsp;&nbsp;&nbsp;&nbsp;&nbsp;&nbsp;&nbsp;&nbsp;&nbsp;&nbsp;&nbsp;&nbsp;&nbsp;&nbsp;&nbsp;&nbsp;&nbsp;&nbsp;&nbsp;&nbsp;&nbsp;&nbsp;&nbsp;&nbsp;&nbsp;&nbsp;&nbsp;&nbsp;&nbsp;&nbsp;&nbsp;&nbsp;&nbsp;&nbsp;&nbsp;&nbsp;&nbsp;&nbsp;&nbsp;&nbsp;&nbsp;&nbsp;&nbsp;&nbsp;&nbsp;&nbsp;&nbsp;&nbsp;&nbsp;&nbsp;&nbsp;&nbsp;&nbsp;&nbsp;&nbsp;&nbsp;&nbsp;&nbsp;&nbsp;&nbsp;&nbsp;&nbsp;&nbsp;&nbsp;&nbsp;</span></span></div>

<div><span style="font-size:18px"><span style="font-family:verdana,geneva,sans-serif"><strong>&middot; </strong>Has ordenado todos los datos antes de analizarlos.</span></span></div>

<div><span style="font-size:18px"><span style="font-family:verdana,geneva,sans-serif"><strong>&middot; </strong>Has sabido trasladar los datos al esquema seg&uacute;n</span></span><br />
<span style="font-size:18px"><span style="font-family:verdana,geneva,sans-serif">&nbsp; se requer&iacute;a.</span></span></div>

<div><span style="font-size:18px"><span style="font-family:verdana,geneva,sans-serif">________________________________________________________________________&nbsp;&nbsp;&nbsp;&nbsp;&nbsp;&nbsp;&nbsp;&nbsp;&nbsp;&nbsp;&nbsp;&nbsp;&nbsp;&nbsp;&nbsp;&nbsp;&nbsp;&nbsp;&nbsp;&nbsp;&nbsp;&nbsp;&nbsp;&nbsp;&nbsp;&nbsp;&nbsp;&nbsp;&nbsp;&nbsp;&nbsp;&nbsp;&nbsp;&nbsp;&nbsp;&nbsp;&nbsp;&nbsp;&nbsp;&nbsp;&nbsp;&nbsp;&nbsp;&nbsp;&nbsp;&nbsp;&nbsp;&nbsp;&nbsp;&nbsp;&nbsp;&nbsp;&nbsp;&nbsp;&nbsp;&nbsp;&nbsp;&nbsp;&nbsp;&nbsp;&nbsp;&nbsp;&nbsp;&nbsp;&nbsp;&nbsp;</span></span></div>

<div><span style="font-size:18px"><span style="font-family:verdana,geneva,sans-serif"><strong>&nbsp;&nbsp;&nbsp;&nbsp;&nbsp;&nbsp;&nbsp;&nbsp;&nbsp;&nbsp;&nbsp;&nbsp;&nbsp;&nbsp;&nbsp;&nbsp;&nbsp;&nbsp;&nbsp;&nbsp;&nbsp;&nbsp;&nbsp;&nbsp;&nbsp;&nbsp;&nbsp;&nbsp;&nbsp;&nbsp;&nbsp;&nbsp;&nbsp;&nbsp;&nbsp;&nbsp;&nbsp;&nbsp;&nbsp;&nbsp;&nbsp;&nbsp;&nbsp;&nbsp;&nbsp;&nbsp;&nbsp;&nbsp;&nbsp;&nbsp;&nbsp;&nbsp;&nbsp;&nbsp;&nbsp;&nbsp;&nbsp;&nbsp;&nbsp;&nbsp;&nbsp;&nbsp;&nbsp;&nbsp;&nbsp;&nbsp;&nbsp;&nbsp;&nbsp;&nbsp;&nbsp;&nbsp;&nbsp;&nbsp;&nbsp;&nbsp;&nbsp;1&nbsp;&nbsp;&nbsp;&nbsp;&nbsp;&nbsp;&nbsp;&nbsp;&nbsp;&nbsp;&nbsp;2&nbsp;&nbsp;&nbsp;&nbsp;&nbsp;&nbsp;&nbsp;&nbsp;&nbsp;&nbsp;&nbsp;3&nbsp;&nbsp;&nbsp;&nbsp;&nbsp;&nbsp;&nbsp;&nbsp;&nbsp;&nbsp;&nbsp;4&nbsp;&nbsp;&nbsp;&nbsp;&nbsp;&nbsp;&nbsp;&nbsp;&nbsp;&nbsp;&nbsp;5</strong>&nbsp;&nbsp;&nbsp;&nbsp;&nbsp;&nbsp;&nbsp;&nbsp;&nbsp;&nbsp;&nbsp;</span></span></div>

<div><span style="font-size:18px"><span style="font-family:verdana,geneva,sans-serif"><strong>Exposici&oacute;n</strong>&nbsp;&nbsp;&nbsp;&nbsp;&nbsp;&nbsp;&nbsp;&nbsp;&nbsp;&nbsp;&nbsp;&nbsp;&nbsp;&nbsp;&nbsp;&nbsp;&nbsp;&nbsp;&nbsp;&nbsp;&nbsp;&nbsp;</span></span></div>

<div><span style="font-size:18px"><span style="font-family:verdana,geneva,sans-serif"><strong>&middot;</strong> Has dado respuesta a la pregunta principal<br />
&nbsp; del proyecto.</span></span></div>

<div><span style="font-size:18px"><span style="font-family:verdana,geneva,sans-serif"><strong>&middot;</strong> Has sabido interpretar el esquema.&nbsp;&nbsp;&nbsp;&nbsp;&nbsp;&nbsp;&nbsp;&nbsp;&nbsp;&nbsp;&nbsp;&nbsp;&nbsp;&nbsp;&nbsp;&nbsp;&nbsp;&nbsp;&nbsp;&nbsp;&nbsp;&nbsp;&nbsp;&nbsp;&nbsp;&nbsp;&nbsp;&nbsp;&nbsp;&nbsp;&nbsp;&nbsp;&nbsp;&nbsp;&nbsp;&nbsp;&nbsp;&nbsp;&nbsp;&nbsp;&nbsp;&nbsp;&nbsp;&nbsp;&nbsp;&nbsp;&nbsp;&nbsp;&nbsp;&nbsp;&nbsp;&nbsp;&nbsp;&nbsp;&nbsp;</span></span></div>

<div><span style="font-size:18px"><span style="font-family:verdana,geneva,sans-serif"><strong>&middot; </strong>Has participado en la extracci&oacute;n de </span></span><br />
<span style="font-size:18px"><span style="font-family:verdana,geneva,sans-serif">&nbsp; conclusiones.</span></span></div>

<div><span style="font-size:18px"><span style="font-family:verdana,geneva,sans-serif"><strong>&middot; </strong>Has sabido estructurar la informaci&oacute;n</span></span><br />
<span style="font-size:18px"><span style="font-family:verdana,geneva,sans-serif">&nbsp; correctamente en el mural.&nbsp;&nbsp;&nbsp;&nbsp;&nbsp;&nbsp;&nbsp;&nbsp;&nbsp;&nbsp;&nbsp;&nbsp;&nbsp;&nbsp;&nbsp;&nbsp;&nbsp;&nbsp;&nbsp;&nbsp;&nbsp;&nbsp;&nbsp;&nbsp;&nbsp;&nbsp;&nbsp;&nbsp;&nbsp;&nbsp;&nbsp;&nbsp;&nbsp;&nbsp;&nbsp;&nbsp;&nbsp;&nbsp;&nbsp;&nbsp;&nbsp;&nbsp;&nbsp;&nbsp;&nbsp;&nbsp;&nbsp;&nbsp;&nbsp;&nbsp;&nbsp;&nbsp;&nbsp;&nbsp;&nbsp;</span></span></div>

<div><span style="font-size:18px"><span style="font-family:verdana,geneva,sans-serif"><strong>&middot; </strong>Has hecho una presentaci&oacute;n correcta.</span></span></div>

<div><span style="font-size:18px"><span style="font-family:verdana,geneva,sans-serif"><strong>&middot; </strong>Ha quedado clara la informaci&oacute;n expuesta.</span></span></div>

<div><span style="font-size:18px"><span style="font-family:verdana,geneva,sans-serif"><strong>&middot; </strong>Has sabido argumentar las afirmaciones y</span></span><br />
<span style="font-size:18px"><span style="font-family:verdana,geneva,sans-serif">&nbsp; responder a las preguntas durante la exposici&oacute;n.</span></span></div>

<div><span style="font-size:18px"><span style="font-family:verdana,geneva,sans-serif"><strong>&middot; </strong>Has incorporado el contenido visual adecuado.</span></span></div>

<div><span style="font-size:18px"><span style="font-family:verdana,geneva,sans-serif"><strong>&middot; </strong>Has sido creativo.&nbsp;&nbsp;&nbsp;&nbsp;&nbsp;&nbsp;&nbsp;&nbsp;&nbsp;&nbsp;&nbsp;</span></span></div>

<div><span style="font-size:18px"><span style="font-family:verdana,geneva,sans-serif">________________________________________________________________________&nbsp;&nbsp;&nbsp;&nbsp;&nbsp;&nbsp;&nbsp;&nbsp;&nbsp;&nbsp;&nbsp;&nbsp;&nbsp;&nbsp;&nbsp;&nbsp;&nbsp;&nbsp;&nbsp;&nbsp;&nbsp;&nbsp;&nbsp;&nbsp;&nbsp;&nbsp;&nbsp;&nbsp;&nbsp;&nbsp;&nbsp;&nbsp;&nbsp;&nbsp;&nbsp;&nbsp;&nbsp;&nbsp;&nbsp;&nbsp;&nbsp;&nbsp;&nbsp;&nbsp;&nbsp;&nbsp;&nbsp;&nbsp;&nbsp;&nbsp;&nbsp;&nbsp;&nbsp;&nbsp;&nbsp;&nbsp;&nbsp;&nbsp;&nbsp;&nbsp;&nbsp;&nbsp;&nbsp;&nbsp;&nbsp;&nbsp;</span></span></div>

<div><span style="font-size:18px"><span style="font-family:verdana,geneva,sans-serif"><strong>&nbsp;&nbsp;&nbsp;&nbsp;&nbsp;&nbsp;&nbsp;&nbsp;&nbsp;&nbsp;&nbsp;&nbsp;&nbsp;&nbsp;&nbsp;&nbsp;&nbsp;&nbsp;&nbsp;&nbsp;&nbsp;&nbsp;&nbsp;&nbsp;&nbsp;&nbsp;&nbsp;&nbsp;&nbsp;&nbsp;&nbsp;&nbsp;&nbsp;&nbsp;&nbsp;&nbsp;&nbsp;&nbsp;&nbsp;&nbsp;&nbsp;&nbsp;&nbsp;&nbsp;&nbsp;&nbsp;&nbsp;&nbsp;&nbsp;&nbsp;&nbsp;&nbsp;&nbsp;&nbsp;&nbsp;&nbsp;&nbsp;&nbsp;&nbsp;&nbsp;&nbsp;&nbsp;&nbsp;&nbsp;&nbsp;&nbsp;&nbsp;&nbsp;&nbsp;&nbsp;&nbsp;&nbsp;&nbsp;&nbsp;&nbsp;&nbsp;&nbsp;1&nbsp;&nbsp;&nbsp;&nbsp;&nbsp;&nbsp;&nbsp;&nbsp;&nbsp;&nbsp;&nbsp;2&nbsp;&nbsp;&nbsp;&nbsp;&nbsp;&nbsp;&nbsp;&nbsp;&nbsp;&nbsp;&nbsp;3&nbsp;&nbsp;&nbsp;&nbsp;&nbsp;&nbsp;&nbsp;&nbsp;&nbsp;&nbsp;&nbsp;4&nbsp;&nbsp;&nbsp;&nbsp;&nbsp;&nbsp;&nbsp;&nbsp;&nbsp;&nbsp;&nbsp;5</strong>&nbsp;&nbsp;&nbsp;&nbsp;&nbsp;&nbsp;&nbsp;&nbsp;&nbsp;&nbsp;&nbsp;</span></span></div>

<div><span style="font-size:18px"><span style="font-family:verdana,geneva,sans-serif"><strong>VALORACI&Oacute;N GLOBAL</strong></span></span></div>

<div><span style="font-size:18px"><span style="font-family:verdana,geneva,sans-serif"><strong>&middot;</strong> Del trabajo desarrollado.</span></span></div>

<div><span style="font-size:18px"><span style="font-family:verdana,geneva,sans-serif"><strong>&middot;</strong> De los documentos entregados.</span></span></div>

<div><span style="font-size:18px"><span style="font-family:verdana,geneva,sans-serif"><strong>&middot;</strong> Del trabajo en equipo.</span></span></div>

<div><span style="font-size:18px"><span style="font-family:verdana,geneva,sans-serif"><strong>&middot;</strong> De la exposici&oacute;n y defensa del trabajo.&nbsp;&nbsp;&nbsp;&nbsp;&nbsp;&nbsp;&nbsp;&nbsp;&nbsp;&nbsp;&nbsp;&nbsp;&nbsp;&nbsp;&nbsp;&nbsp;&nbsp;&nbsp;&nbsp;&nbsp;&nbsp;&nbsp; &nbsp;&nbsp;&nbsp;&nbsp;&nbsp;&nbsp;&nbsp;&nbsp;&nbsp;&nbsp;&nbsp;&nbsp;&nbsp;&nbsp;&nbsp;&nbsp;&nbsp;&nbsp;&nbsp;&nbsp;&nbsp;</span></span>&nbsp;&nbsp;&nbsp;&nbsp;&nbsp;&nbsp;&nbsp;&nbsp;&nbsp;&nbsp;&nbsp;&nbsp;&nbsp;&nbsp;&nbsp;&nbsp;&nbsp;&nbsp;&nbsp;&nbsp;&nbsp;&nbsp;&nbsp;</div>

<p>&nbsp;</p>
]]></section>
</engine>