<?xml version='1.0' encoding='UTF-8'?><motor tipo="5" clase="b" aprid="m5b">
  <plataforma>
    <grado><![CDATA[2]]></grado>
    <titulo>El bioma de la tundra</titulo>
    <area>0</area>
    <nivel>1</nivel>
    <referencia/>
    <idreg><![CDATA[0]]></idreg>
    <motor><![CDATA[M5B]]></motor>
    <lang>es</lang>
  </plataforma>
  <enunciado><![CDATA[Observa el video y responde las siguientes preguntas]]></enunciado>
  <masinfo inicio="0"/>
  <sinaleatoriedad><![CDATA[0]]></sinaleatoriedad>
  <calc><![CDATA[0]]></calc>
  <respuestaunica><![CDATA[0]]></respuestaunica>
  <test cantidad="1">
    <cuestion>
      <enunciado><![CDATA[Pregunta]]></enunciado>
      <explicacion/>
      <video><![CDATA[vi010237_co_lo.mp4]]></video>
      <salto/>
      <respuestas>
        <respuesta contestacion="Resp1" correcta="1"/>
        <respuesta contestacion="Resp2" correcta="0"/>
        <respuesta contestacion="Resp3" correcta="0"/>
      </respuestas>
    </cuestion>
  </test>
</motor>