<?xml version='1.0' encoding='UTF-8'?><engine copy="Editorial Planeta" version="1" aprid="f6b"><main layout="8">
<title>    </title>
</main>
<sections>
<section i="0" star="false" >
<menuImage>
<title><![CDATA[<p><span style="font-size:25px;"><span style="font-family: verdana,geneva,sans-serif;">La guerra en Irak</span></span></p>
]]></title>
</menuImage>
<pages>
<page i="0">
<title>La guerra en Irak      </title>
<description><![CDATA[<p><span style="font-size:18px;"><span style="font-family: verdana,geneva,sans-serif;">En 1990, en medio del desmoronamiento del bloque sovi&eacute;tico, Irak invadi&oacute;&nbsp;<strong>Kuwait</strong>, un peque&ntilde;o <strong>pa&iacute;s petrolero</strong>. R&aacute;pidamente EE.UU.,&nbsp;envi&oacute; tropas y expuls&oacute; a los Irak&iacute;es. La ONU castig&oacute; a Irak con un&nbsp;embargo econ&oacute;mico que afect&oacute; especialmente a la poblaci&oacute;n civil (hambre, desnutrici&oacute;n&nbsp;y desempleo).</span></span></p>

<p><span style="font-size:18px;"><span style="font-family: verdana,geneva,sans-serif;">En 2003, EE.UU. adelant&oacute;&nbsp;una <strong>invasi&oacute;n militar</strong> contra Irak para prevenir su avance y con el pretexto de prevenir el uso de armas de destrucci&oacute;n masiva. Con 500.000 soldados realiz&oacute; una enorme operaci&oacute;n para&nbsp;derrocar a&nbsp;Sadam Hussein, quien gobernaba Irak en ese momento.&nbsp;Finalmente, no se encontraron armas&nbsp;pero el pa&iacute;s qued&oacute; destruido; el r&eacute;gimen derrocado y la&nbsp;inestabilidad pol&iacute;tica&nbsp;gener&oacute; miseria econ&oacute;mica y&nbsp;destrucci&oacute;n del aparato&nbsp;productivo. Esto&nbsp;facilit&oacute; la llegada de empresas petroleras norteamericanas interesadas en hacer grandes negocios.</span></span></p>

<p></p>
]]></description>
<images>
<image path="CS_09_07_REC60_IMG01n.jpg" border="false" pathbig="CS_09_07_REC60_IMG01a.jpg" zoomEnabled="true">
<title><![CDATA[Combatientes de la Fuerza Aérea de Estados Unidos patrullan zona de exclusión aérea sobre Iraq.]]></title>
</image>
</images>
<questions>
<question visible="true">
<text><![CDATA[<span style="font-size:23px;"><span style="font-family: verdana,geneva,sans-serif;">De acuerdo con el texto, &iquest;cu&aacute;l de estas es una de las caracter&iacute;sticas m&aacute;s destacadas de los bloqueos econ&oacute;micos?</span></span>]]></text><answers>
<answer correct="true">
<![CDATA[Afectan directamente a la población civil.]]></answer>
<answer correct="false">
<![CDATA[Afectan directamente a los gobiernos.]]></answer>
<answer correct="false">
<![CDATA[Son herramientas efectivas para presionar cambios políticos.]]></answer>
<answer correct="false">
<![CDATA[Sirven para limitar el crecimiento militar de un país.]]></answer>
</answers>
</question>
<question visible="true">
<text><![CDATA[<span style="font-size:23px;"><span style="font-family: verdana,geneva,sans-serif;">&iquest;Cu&aacute;l fue el argumento que us&oacute; Estados Unidos para invadir Irak en 2003?</span></span>]]></text><answers>
<answer correct="false">
<![CDATA[Promover una guerra civil.]]></answer>
<answer correct="false">
<![CDATA[Adelantar una guerra contra el terrorismo.]]></answer>
<answer correct="true">
<![CDATA[Adelantar una guerra preventiva.]]></answer>
<answer correct="false">
<![CDATA[Enfrentar la Guerra Santa]]></answer>
</answers>
</question>
<question visible="true">
<text><![CDATA[<p><span style="font-size:23px;"><span style="font-family: verdana,geneva,sans-serif;">Si durante la Guerra Fr&iacute;a en&nbsp;los conflictos armados se enfrentaban dos ideolog&iacute;as opuestas, &iquest;cu&aacute;l es el trasfondo de las guerras actuales?&nbsp;</span></span></p>
]]></text><answers>
<answer correct="false">
<![CDATA[La necesidad de liberar pueblos oprimidos.]]></answer>
<answer correct="false">
<![CDATA[El deseo de expandir la democracia como sistema político.]]></answer>
<answer correct="false">
<![CDATA[La obligación de defender los derechos humanos.]]></answer>
<answer correct="true">
<![CDATA[La competencia por apropiarse de los recursos naturales.]]></answer>
</answers>
</question>
</questions>
</page>
</pages>
</section><section i="1" star="false" >
<menuImage>
<title><![CDATA[<span style="font-size:25px;"><span style="font-family: verdana,geneva,sans-serif;">El conflicto en Palestina</span></span>]]></title>
</menuImage>
<pages>
<page i="0">
<title>El conflicto en Palestina</title>
<description><![CDATA[<p><span style="font-size:18px;"><span style="font-family: verdana,geneva,sans-serif;"><strong>Israel</strong>, apoyado por EE.UU., ha ocupado militarmente <strong>Palestina</strong>, impidiendo la conformaci&oacute;n del Estado palestino,&nbsp;ordenada por la ONU en 1947. Israel adelanta una estrategia de colonizaci&oacute;n&nbsp;que permite que hoy&nbsp;500.000 jud&iacute;os vivan en territorio palestino de manera permanente; as&iacute; mismo&nbsp;vigila y controla el tr&aacute;nsito de personas y&nbsp;mercanc&iacute;as, coarta derechos y libertades, dificulta el acceso a servicios b&aacute;sicos de salud y de educaci&oacute;n.</span></span></p>

<p><span style="font-size:18px;"><span style="font-family: verdana,geneva,sans-serif;">La <strong>ONU</strong> no aplica sus resoluciones condenatorias contra Israel por el poder de <strong>veto</strong> que sucesivamente han aplicado&nbsp;los <strong>EE.UU.</strong> en defensa de su aliado en Medio Oriente. No obstante, hay que tener cuenta que el pueblo jud&iacute;o y el palestino&nbsp;son originarios del mismo lugar.</span></span></p>
]]></description>
<images>
<image path="CS_09_07_REC60_IMG02n.jpg" border="false" pathbig="CS_09_07_REC60_IMG02a.jpg" zoomEnabled="true">
<title><![CDATA[Cisjordania, militares palestinos escapando de los bombardeos israelíes]]></title>
</image>
</images>
<questions>
<question visible="true">
<text><![CDATA[<span style="font-size:23px;"><span style="font-family: verdana,geneva,sans-serif;">&iquest;C&oacute;mo y cuando se orden&oacute; la partici&oacute;n de Palestina para el establecimiento de un Estado jud&iacute;o?</span></span>]]></text><answers>
<answer correct="false">
<![CDATA[Bajo el control colonial de Inglaterra, en 1945.]]></answer>
<answer correct="false">
<![CDATA[En virtud de la guerra de 1967.]]></answer>
<answer correct="false">
<![CDATA[Por resolución de la ONU, en 1951.]]></answer>
<answer correct="true">
<![CDATA[Por resolución de la ONU, en 1947.]]></answer>
</answers>
</question>
<question visible="true">
<text><![CDATA[<span style="font-size:23px;"><span style="font-family: verdana,geneva,sans-serif;">&iquest;C&oacute;mo act&uacute;a Israel en Palestina?</span></span>]]></text><answers>
<answer correct="false">
<![CDATA[Como una colonización civil de territorios.]]></answer>
<answer correct="true">
<![CDATA[Como una ocupación militar.]]></answer>
<answer correct="false">
<![CDATA[Como defensa propia, legítima y legal.]]></answer>
<answer correct="false">
<![CDATA[Como intervención humanitaria.]]></answer>
</answers>
</question>
</questions>
</page>
</pages>
</section><section i="2" star="false" >
<menuImage>
<title><![CDATA[<span style="font-size:25px;"><span style="font-family: verdana,geneva,sans-serif;">La guerra en Afganist&aacute;n</span></span>]]></title>
</menuImage>
<pages>
<page i="0">
<title>La Guerra en Afganistán</title>
<description><![CDATA[<p><span style="font-size:18px;"><span style="font-family: verdana,geneva,sans-serif;">La guerra de <strong>Afganist&aacute;n</strong> se entiende si se revisa el pasado de ese pa&iacute;s. <strong>Estados Unidos</strong> respald&oacute; las <strong>milicias</strong> que enfrentaron&nbsp;la ocupaci&oacute;n que la Uni&oacute;n&nbsp;Sovi&eacute;tica llev&oacute; a cabo entre&nbsp;1978 y 1989.</span></span></p>

<p><span style="font-size:18px;"><span style="font-family: verdana,geneva,sans-serif;">Desde aquel entonces, inici&oacute; una espiral en la que la sociedad afgana empez&oacute; a vivir&nbsp;ataques de uno y otro bando. En el presente y, particularmente,&nbsp;desde el <strong>11 de septiembre de&nbsp;2001</strong>, la situaci&oacute;n de derechos humanos ha empeorado. Los <strong>talibanes</strong>, que son un grupo que proviene de aquellas milicias que apoy&oacute; Estados Unidos, han&nbsp;atra&iacute;do m&aacute;s presencia militar. Ambos bandos han causado un grave da&ntilde;o a la poblaci&oacute;n civil, y el&nbsp;n&uacute;mero de <strong>desplazados internos</strong> y de <strong>refugiados</strong> se ha incrementado. Afganist&aacute;n viven al comp&aacute;s de los se&ntilde;ores de la guerra y los&nbsp;insurgentes conforman&nbsp;un abanico de grupos que buscan una sola cosa: la expulsi&oacute;n de los invasores.</span></span></p>
]]></description>
<images>
<image path="CS_09_07_REC60_IMG03n.jpg" border="false" pathbig="CS_09_07_REC60_IMG03a.jpg" zoomEnabled="true">
<title><![CDATA[Civiles, refugiados de guerra en Afganistán.]]></title>
</image>
</images>
<questions>
<question visible="true">
<text><![CDATA[<p><span style="font-size:23px;"><span style="font-family: verdana,geneva,sans-serif;">&iquest;Por qu&eacute; menciona el texto la ocupaci&oacute;n sovi&eacute;tica de Afganist&aacute;n en la d&eacute;cada&nbsp;como antecedente de la actual&nbsp;guerra&nbsp;en ese pa&iacute;s?</span></span></p>
]]></text><answers>
<answer correct="true">
<![CDATA[Porque los paquistaníes son los herederos del poder soviético del pasado.]]></answer>
<answer correct="false">
<![CDATA[Porque los soviéticos apoyan al régimen talibán actual.]]></answer>
<answer correct="false">
<![CDATA[Porque los talibanes fueron entrenados por los soviéticos durante la ocupación.]]></answer>
<answer correct="true">
<![CDATA[Porque los talibanes surgieron de las milicias armadas por EE.UU. para enfrentar la ocupación soviética.]]></answer>
</answers>
</question>
<question visible="true">
<text><![CDATA[<span style="font-size:23px;"><span style="font-family: verdana,geneva,sans-serif;">&iquest;Qu&eacute; caracteriza a la guerra contra los talibanes en Afganist&aacute;n?</span></span>]]></text><answers>
<answer correct="true">
<![CDATA[Que la población civil es la más afectada por ambos bandos.]]></answer>
<answer correct="false">
<![CDATA[Que predomina el uso de armas no convencionales.]]></answer>
<answer correct="false">
<![CDATA[Que las Naciones Unidas han estado ausentes.]]></answer>
<answer correct="false">
<![CDATA[Que se está imponiendo la democracia efectivamente.]]></answer>
</answers>
</question>
<question visible="true">
<text><![CDATA[<span style="font-size:23px;"><span style="font-family: verdana,geneva,sans-serif;">&iquest;A qu&eacute; se refiere el texto cuando menciona a los &ldquo;se&ntilde;ores de la guerra&rdquo;?</span></span>]]></text><answers>
<answer correct="false">
<![CDATA[A mercenarios armados que se venden al mejor postor.]]></answer>
<answer correct="false">
<![CDATA[A grupos armados organizados en el bando de los Talibanes.]]></answer>
<answer correct="false">
<![CDATA[A gobernantes locales que obedecen al poder del Estado.]]></answer>
<answer correct="true">
<![CDATA[A poderosos grupos armados que ejercen control y suplantan el Estado.]]></answer>
</answers>
</question>
</questions>
</page>
</pages>
</section></sections>
</engine>