﻿<?xml version="1.0" encoding="utf-8"?>
<engine copy="Editorial Planeta" version="1" aprid="f1">
  <css><![CDATA[.defaultCSSBox2 {
	background: #000000;
}
.defaultCSSBox3 {
	background: #ffffff;
}]]></css>
  <pantallas>
    <pantalla id="pantalla_5">
      <event id="onPrepare" language="DO"><![CDATA[]]></event>
      <event id="onShown" language="DO"><![CDATA[]]></event>
      <components>
        <component _type="_compRichText" id="texto_26" x="6" y="15" width="938" height="92" alpha="1" visible="1" enabled="1" scrollable="1">
          <content><![CDATA[<p style="text-align:center"><span style="font-size:31px"><span style="font-family:georgia,serif">Un mundo de bloques</span></span></p>
]]></content>
        </component>
        <component _type="_compRichText" id="texto_130" x="335" y="460" width="279" height="67" alpha="1" visible="1" enabled="1" scrollable="0">
          <content><![CDATA[<p style="text-align:center"><strong><span style="font-size:18px"><span style="font-family:verdana,geneva,sans-serif">Selecciona una imagen</span></span></strong></p>
]]></content>
        </component>
        <component _type="_compCSSBox" id="fondo_131" x="337" y="468" width="276" height="40" alpha="0.3" visible="1" enabled="1" cssClass="defaultCSSBox2" />
        <component _type="_compImageButton" id="imagebutton_166" x="355" y="117" width="238" height="210" alpha="1" visible="1" enabled="1" group="-1" adjustMode="4" alignMode="1" image="data/imagenes/image_19_copy.jpg">
          <event id="onClick" language="DO"><![CDATA[uiobject_set(rootSlider,"current",2)]]></event>
        </component>
        <component _type="_compImageButton" id="imagebutton_167" x="631" y="193" width="182" height="130" alpha="1" visible="1" enabled="1" group="-1" adjustMode="4" alignMode="1" image="data/imagenes/image_22_copy.jpg">
          <event id="onClick" language="DO"><![CDATA[uiobject_set(rootSlider,"current",3)]]></event>
        </component>
        <component _type="_compImageButton" id="imagebutton_127" x="127" y="193" width="182" height="130" alpha="1" visible="1" enabled="1" group="-1" adjustMode="4" alignMode="1" image="data/imagenes/image_25_copy.jpg">
          <event id="onClick" language="DO"><![CDATA[uiobject_set(rootSlider,"current",1)]]></event>
        </component>
        <component _type="_compRichText" id="texto_19" x="127" y="322" width="184" height="111" alpha="1" visible="1" enabled="1" scrollable="0">
          <content><![CDATA[<p style="text-align:center"><span style="font-size:20px"><span style="font-family:verdana,geneva,sans-serif">La cuestión alemana</span></span></p>
]]></content>
        </component>
        <component _type="_compRichText" id="texto_168" x="382" y="322" width="184" height="111" alpha="1" visible="1" enabled="1" scrollable="0">
          <content><![CDATA[<p style="text-align:center"><span style="font-size:20px"><span style="font-family:verdana,geneva,sans-serif">El bloque capitalista</span></span></p>
]]></content>
        </component>
        <component _type="_compRichText" id="texto_169" x="632" y="322" width="184" height="111" alpha="1" visible="1" enabled="1" scrollable="0">
          <content><![CDATA[<p style="text-align:center"><span style="font-size:20px"><span style="font-family:verdana,geneva,sans-serif">El bloque comunista</span></span></p>
]]></content>
        </component>
      </components>
      <animaciones>
      </animaciones>
    </pantalla>
    <pantalla id="pantalla_125">
      <event id="onPrepare" language="DO"><![CDATA[]]></event>
      <event id="onShown" language="DO"><![CDATA[]]></event>
      <components>
        <component _type="_compSlider" id="diaporama_12" x="0" y="0" width="950" height="608" alpha="1" visible="1" enabled="1" transMode="1" />
        <component _type="_compSliderNav" id="slidernav_11" x="45" y="526" width="162" height="37" alpha="1" visible="1" enabled="1" sliderId="diaporama_12" showHome="1" whiteButtons="0" mode="1" />
        <component _type="_compIconButton" id="iconbutton_63" x="45" y="526" width="37" height="37" alpha="1" visible="1" enabled="1" cssClass="iconHomeButton" group="-1">
          <event id="onClick" language="DO"><![CDATA[uiobject_set(rootSlider,"current",0)]]></event>
        </component>
      </components>
      <animaciones>
      </animaciones>
      <slider id="diaporama_12">
        <pantalla id="pantalla_170">
          <event id="onPrepare" language="DO"><![CDATA[]]></event>
          <event id="onShown" language="DO"><![CDATA[]]></event>
          <components>
            <component _type="_compRichText" id="texto_26" x="111" y="18" width="767" height="68" alpha="1" visible="1" enabled="1" scrollable="1">
              <content><![CDATA[<p><span style="font-size:25px"><span style="font-family:verdana,geneva,sans-serif">La cuestión alemana</span></span></p>
]]></content>
            </component>
            <component _type="_compImage" id="image_20" x="110" y="116" width="730" height="361" alpha="1" visible="1" enabled="1" cssClass="imgbord" adjustMode="4" alignMode="1" image="data/imagenes/image_36_copy.jpg" />
          </components>
          <animaciones>
          </animaciones>
        </pantalla>
        <pantalla id="pantalla_174">
          <event id="onPrepare" language="DO"><![CDATA[]]></event>
          <event id="onShown" language="DO"><![CDATA[]]></event>
          <components>
            <component _type="_compRichText" id="texto_26" x="111" y="18" width="767" height="68" alpha="1" visible="1" enabled="1" scrollable="1">
              <content><![CDATA[<p><span style="font-size:25px"><span style="font-family:verdana,geneva,sans-serif">El fin de la guerra: la conferencia de Potsdam</span></span></p>
]]></content>
            </component>
            <component _type="_compImage" id="image_20" x="111" y="116" width="278" height="362" alpha="1" visible="1" enabled="1" cssClass="imgbord" adjustMode="4" alignMode="0" image="data/imagenes/image_51_copy.jpg" />
            <component _type="_compRichText" id="texto_19" x="376" y="91" width="462" height="386" alpha="1" visible="1" enabled="1" scrollable="1">
              <content><![CDATA[<p><span style="font-size:20px"><span style="font-family:verdana,geneva,sans-serif">En <strong>Potsdam </strong>(1945), las potencias vencedoras acordaron:</span></span></p>

<ul>
	<li><span style="font-size:20px"><span style="font-family:verdana,geneva,sans-serif">Divisi&oacute;n de Alemania (y Austria) en <strong> zonas de ocupaci&oacute;n</strong>: Estados Unidos, Reino Unido, Francia y la URSS.</span></span><br />
	&nbsp;</li>
	<li><span style="font-size:20px"><span style="font-family:verdana,geneva,sans-serif">Proceso de:</span></span>
	<ul>
		<li><span style="font-size:20px"><span style="font-family:verdana,geneva,sans-serif">Desnazificaci&oacute;n</span></span></li>
		<li><span style="font-size:20px"><span style="font-family:verdana,geneva,sans-serif">Desarme</span></span></li>
		<li><span style="font-size:20px"><span style="font-family:verdana,geneva,sans-serif">Desindustrializaci&oacute;n</span></span></li>
		<li><span style="font-size:20px"><span style="font-family:verdana,geneva,sans-serif">Democratizaci&oacute;n</span></span><br />
		&nbsp;</li>
	</ul>
	</li>
	<li><span style="font-size:20px"><span style="font-family:verdana,geneva,sans-serif">Estatuto especial para Berl&iacute;n.</span></span></li>
</ul>
]]></content>
            </component>
          </components>
          <animaciones>
          </animaciones>
        </pantalla>
        <pantalla id="pantalla_178">
          <event id="onPrepare" language="DO"><![CDATA[]]></event>
          <event id="onShown" language="DO"><![CDATA[]]></event>
          <components>
            <component _type="_compImage" id="image_20" x="280" y="116" width="332" height="358" alpha="1" visible="1" enabled="1" cssClass="imgbord" adjustMode="5" alignMode="0" image="data/imagenes/1.jpg" />
            <component _type="_compImage" id="image_192" x="280" y="116" width="332" height="358" alpha="1" visible="1" enabled="1" cssClass="imgbord" adjustMode="5" alignMode="0" image="data/imagenes/2.jpg" />
            <component _type="_compImage" id="image_193" x="280" y="116" width="332" height="358" alpha="1" visible="1" enabled="1" cssClass="imgbord" adjustMode="5" alignMode="0" image="data/imagenes/3.jpg" />
            <component _type="_compImage" id="image_194" x="280" y="116" width="332" height="358" alpha="1" visible="1" enabled="1" cssClass="imgbord" adjustMode="5" alignMode="0" image="data/imagenes/4.jpg" />
            <component _type="_compRichText" id="texto_188" x="166" y="190" width="183" height="73" alpha="1" visible="1" enabled="1" scrollable="1">
              <content><![CDATA[<p style="text-align: center;"><span style="font-size:25px"><span style="font-family:verdana,geneva,sans-serif">ALEMANIA</span></span></p>
]]></content>
            </component>
            <component _type="_compRichText" id="texto_190" x="500" y="159" width="164" height="73" alpha="1" visible="1" enabled="1" scrollable="1">
              <content><![CDATA[<p style="text-align:center"><span style="font-size:25px"><span style="font-family:verdana,geneva,sans-serif">Berlín</span></span></p>
]]></content>
            </component>
            <component _type="_compRichText" id="texto_189" x="568" y="376" width="164" height="73" alpha="1" visible="1" enabled="1" scrollable="1">
              <content><![CDATA[<p style="text-align:center"><span style="font-size:25px"><span style="font-family:verdana,geneva,sans-serif">AUSTRIA</span></span></p>
]]></content>
            </component>
            <component _type="_compRichText" id="texto_195" x="111" y="18" width="767" height="68" alpha="1" visible="1" enabled="1" scrollable="1">
              <content><![CDATA[<p><span style="font-size:25px"><span style="font-family:verdana,geneva,sans-serif">La división de Alemania y Austria</span></span></p>
]]></content>
            </component>
          </components>
          <animaciones>
            <anim id="Entrada"><![CDATA[{"image_192":[],"image_192.x":[{"time":0,"value":280,"easing":"Linear.EaseNone"}],"image_192.y":[{"time":0,"value":116,"easing":"Linear.EaseNone"}],"image_192.width":[{"time":0,"value":332,"easing":"Linear.EaseNone"}],"image_192.height":[{"time":0,"value":0,"easing":"Linear.EaseNone"},{"time":0.555,"value":0,"easing":"Linear.EaseNone"},{"time":3.02,"value":358,"easing":"Linear.EaseNone"}],"image_192.alpha":[{"time":0,"value":1,"easing":"Linear.EaseNone"}],"image_193":[],"image_193.x":[{"time":0,"value":280,"easing":"Linear.EaseNone"}],"image_193.y":[{"time":0,"value":116,"easing":"Linear.EaseNone"}],"image_193.width":[{"time":0,"value":332,"easing":"Linear.EaseNone"}],"image_193.height":[{"time":0,"value":0,"easing":"Linear.EaseNone"},{"time":3.0126315789473685,"value":0,"easing":"Linear.EaseNone"},{"time":5.3715789473684215,"value":358,"easing":"Linear.EaseNone"}],"image_193.alpha":[{"time":0,"value":1,"easing":"Linear.EaseNone"}],"image_194":[],"image_194.x":[{"time":0,"value":280,"easing":"Linear.EaseNone"}],"image_194.y":[{"time":0,"value":116,"easing":"Linear.EaseNone"}],"image_194.width":[{"time":0,"value":332,"easing":"Linear.EaseNone"}],"image_194.height":[{"time":0,"value":0,"easing":"Linear.EaseNone"},{"time":5.3715789473684215,"value":0,"easing":"Linear.EaseNone"},{"time":7.9721052631578955,"value":358,"easing":"Linear.EaseNone"}],"image_194.alpha":[{"time":0,"value":1,"easing":"Linear.EaseNone"}],"texto_190":[],"texto_190.x":[{"time":0,"value":500,"easing":"Linear.EaseNone"}],"texto_190.y":[{"time":0,"value":159,"easing":"Linear.EaseNone"}],"texto_190.width":[{"time":0,"value":164,"easing":"Linear.EaseNone"}],"texto_190.height":[{"time":0,"value":73,"easing":"Linear.EaseNone"}],"texto_190.alpha":[{"time":0,"value":0,"easing":"Linear.EaseNone"},{"time":6.0678947368421055,"value":0,"easing":"Linear.EaseNone"},{"time":6.281052631578948,"value":1,"easing":"Linear.EaseNone"}]}]]></anim>
          </animaciones>
        </pantalla>
        <pantalla id="pantalla_196">
          <event id="onPrepare" language="DO"><![CDATA[]]></event>
          <event id="onShown" language="DO"><![CDATA[]]></event>
          <components>
            <component _type="_compRichText" id="texto_26" x="111" y="18" width="767" height="68" alpha="1" visible="1" enabled="1" scrollable="1">
              <content><![CDATA[<p><span style="font-size:25px"><span style="font-family:verdana,geneva,sans-serif">La división de Berlín</span></span></p>
]]></content>
            </component>
            <component _type="_compImage" id="image_20" x="111" y="116" width="278" height="362" alpha="1" visible="1" enabled="1" cssClass="imgbord" adjustMode="4" alignMode="0" image="data/imagenes/image_95_copy.jpg" />
            <component _type="_compRichText" id="texto_19" x="409" y="91" width="429" height="386" alpha="1" visible="1" enabled="1" scrollable="1">
              <content><![CDATA[<p><span style="font-size:20px"><span style="font-family:verdana,geneva,sans-serif">El fin de la Segunda Guerra Mundial supuso:</span></span></p>

<ul>
	<li><span style="font-size:20px"><span style="font-family:verdana,geneva,sans-serif">Divisi&oacute;n en <strong>zonas de ocupaci&oacute;n </strong>(Estados Unidos, Reino Unido, Francia y la URSS).</span></span><br />
	&nbsp;</li>
	<li><span style="font-size:20px"><span style="font-family:verdana,geneva,sans-serif"><strong>Bloqueo sovi&eacute;tico </strong>del Berl&iacute;n occidental (1948-1949).</span></span><br />
	&nbsp;</li>
	<li><span style="font-size:20px"><span style="font-family:verdana,geneva,sans-serif">Construcci&oacute;n del <strong>muro de Berl&iacute;n </strong>(1961).</span></span></li>
</ul>
]]></content>
            </component>
          </components>
          <animaciones>
          </animaciones>
        </pantalla>
        <pantalla id="pantalla_200">
          <event id="onPrepare" language="DO"><![CDATA[]]></event>
          <event id="onShown" language="DO"><![CDATA[]]></event>
          <components>
            <component _type="_compRichText" id="texto_26" x="111" y="18" width="767" height="68" alpha="1" visible="1" enabled="1" scrollable="1">
              <content><![CDATA[<p><span style="font-size:25px"><span style="font-family:verdana,geneva,sans-serif">La República Federal de Alemania (RFA)</span></span></p>
]]></content>
            </component>
            <component _type="_compImage" id="image_20" x="111" y="116" width="278" height="362" alpha="1" visible="1" enabled="1" cssClass="imgbord" adjustMode="4" alignMode="0" image="data/imagenes/image_25_copy.jpg" />
            <component _type="_compRichText" id="texto_19" x="409" y="91" width="429" height="449" alpha="1" visible="1" enabled="1" scrollable="1">
              <content><![CDATA[<p><span style="font-size:20px"><span style="font-family:verdana,geneva,sans-serif">La Alemania occidental se defini&oacute; por:</span></span></p>

<ul>
	<li><strong><span style="font-size:20px"><span style="font-family:verdana,geneva,sans-serif">Influencia estadounidense.</span></span></strong><br />
	&nbsp;</li>
	<li><span style="font-size:20px"><span style="font-family:verdana,geneva,sans-serif">Unificaci&oacute;n de las zonas de ocupaci&oacute;n aliada.</span></span><br />
	&nbsp;</li>
	<li><span style="font-size:20px"><span style="font-family:verdana,geneva,sans-serif">Capital en <strong>Bonn</strong>.</span></span><br />
	&nbsp;</li>
	<li><span style="font-size:20px"><span style="font-family:verdana,geneva,sans-serif">Inclusi&oacute;n de <strong>Berl&iacute;n occidental</strong>.</span></span><br />
	&nbsp;</li>
	<li><span style="font-size:20px"><span style="font-family:verdana,geneva,sans-serif">Aceptaci&oacute;n del <strong>plan Marshall</strong>.</span></span><br />
	&nbsp;</li>
	<li><span style="font-size:20px"><span style="font-family:verdana,geneva,sans-serif">Integraci&oacute;n en la <strong>OTAN</strong> (1955).</span></span><br />
	&nbsp;</li>
	<li><span style="font-size:20px"><span style="font-family:verdana,geneva,sans-serif">Estado fundador de la <strong>CEE </strong>(1957).</span></span></li>
</ul>
]]></content>
            </component>
          </components>
          <animaciones>
          </animaciones>
        </pantalla>
        <pantalla id="pantalla_204">
          <event id="onPrepare" language="DO"><![CDATA[]]></event>
          <event id="onShown" language="DO"><![CDATA[]]></event>
          <components>
            <component _type="_compRichText" id="texto_26" x="111" y="18" width="767" height="68" alpha="1" visible="1" enabled="1" scrollable="1">
              <content><![CDATA[<p><span style="font-size:25px"><span style="font-family:verdana,geneva,sans-serif">La República Democrática Alemana (RDA)</span></span></p>
]]></content>
            </component>
            <component _type="_compImage" id="image_20" x="111" y="116" width="278" height="362" alpha="1" visible="1" enabled="1" cssClass="imgbord" adjustMode="4" alignMode="0" image="data/imagenes/image_107_copy.jpg" />
            <component _type="_compRichText" id="texto_19" x="409" y="91" width="429" height="449" alpha="1" visible="1" enabled="1" scrollable="1">
              <content><![CDATA[<p><span style="font-size:20px"><span style="font-family:verdana,geneva,sans-serif">La Alemania oriental se defini&oacute; por:</span></span></p>

<ul>
	<li><span style="font-size:20px"><span style="font-family:verdana,geneva,sans-serif"><strong>Influencia sovi&eacute;tica</strong>.</span></span><br />
	&nbsp;</li>
	<li><span style="font-size:20px"><span style="font-family:verdana,geneva,sans-serif">Respuesta a la creaci&oacute;n de la RFA.</span></span><br />
	&nbsp;</li>
	<li><span style="font-size:20px"><span style="font-family:verdana,geneva,sans-serif">Capital en <strong>Berl&iacute;n oriental</strong>.</span></span><br />
	&nbsp;</li>
	<li><span style="font-size:20px"><span style="font-family:verdana,geneva,sans-serif">Adhesi&oacute;n al <strong>Comecon</strong>.</span></span><br />
	&nbsp;</li>
	<li><span style="font-size:20px"><span style="font-family:verdana,geneva,sans-serif">Integraci&oacute;n en el <strong>Pacto de Varsovia</strong>.</span></span></li>
</ul>
]]></content>
            </component>
          </components>
          <animaciones>
          </animaciones>
        </pantalla>
      </slider>
    </pantalla>
    <pantalla id="pantalla_208">
      <event id="onPrepare" language="DO"><![CDATA[]]></event>
      <event id="onShown" language="DO"><![CDATA[]]></event>
      <components>
        <component _type="_compSlider" id="diaporama_12" x="0" y="0" width="950" height="608" alpha="1" visible="1" enabled="1" transMode="1" />
        <component _type="_compSliderNav" id="slidernav_11" x="45" y="526" width="162" height="37" alpha="1" visible="1" enabled="1" sliderId="diaporama_12" showHome="1" whiteButtons="0" mode="1" />
        <component _type="_compIconButton" id="iconbutton_63" x="45" y="526" width="37" height="37" alpha="1" visible="1" enabled="1" cssClass="iconHomeButton" group="-1">
          <event id="onClick" language="DO"><![CDATA[uiobject_set(rootSlider,"current",0)]]></event>
        </component>
      </components>
      <animaciones>
      </animaciones>
      <slider id="diaporama_12">
        <pantalla id="pantalla_213">
          <event id="onPrepare" language="DO"><![CDATA[]]></event>
          <event id="onShown" language="DO"><![CDATA[]]></event>
          <components>
            <component _type="_compRichText" id="texto_26" x="111" y="18" width="767" height="68" alpha="1" visible="1" enabled="1" scrollable="1">
              <content><![CDATA[<p><span style="font-size:25px"><span style="font-family:verdana,geneva,sans-serif">El bloque capitalista</span></span></p>
]]></content>
            </component>
            <component _type="_compImage" id="image_20" x="110" y="116" width="730" height="361" alpha="1" visible="1" enabled="1" cssClass="imgbord" adjustMode="4" alignMode="1" image="data/imagenes/image_19_copy.jpg" />
          </components>
          <animaciones>
          </animaciones>
        </pantalla>
        <pantalla id="pantalla_217">
          <event id="onPrepare" language="DO"><![CDATA[]]></event>
          <event id="onShown" language="DO"><![CDATA[]]></event>
          <components>
            <component _type="_compRichText" id="texto_26" x="111" y="18" width="767" height="68" alpha="1" visible="1" enabled="1" scrollable="1">
              <content><![CDATA[<p><span style="font-size:25px"><span style="font-family:verdana,geneva,sans-serif">Estados Unidos tras la Segunda Guerra Mundial</span></span></p>
]]></content>
            </component>
            <component _type="_compImage" id="image_20" x="111" y="116" width="278" height="362" alpha="1" visible="1" enabled="1" cssClass="imgbord" adjustMode="4" alignMode="0" image="data/imagenes/image_115_copy.jpg" />
            <component _type="_compRichText" id="texto_19" x="409" y="91" width="429" height="449" alpha="1" visible="1" enabled="1" scrollable="1">
              <content><![CDATA[<p><span style="font-size:20px"><span style="font-family:verdana,geneva,sans-serif">Tras la Segunda Guerra Mundial, Estados Unidos se convirti&oacute; en:</span></span></p>

<ul>
	<li><span style="font-size:20px"><span style="font-family:verdana,geneva,sans-serif">L&iacute;der del <strong>bloque capitalista</strong>.</span></span><br />
	&nbsp;</li>
	<li><span style="font-size:20px"><span style="font-family:verdana,geneva,sans-serif"><strong>Potencia hegem&oacute;nica </strong>a nivel pol&iacute;tico, econ&oacute;mica y militar.</span></span></li>
</ul>
]]></content>
            </component>
          </components>
          <animaciones>
          </animaciones>
        </pantalla>
        <pantalla id="pantalla_221">
          <event id="onPrepare" language="DO"><![CDATA[]]></event>
          <event id="onShown" language="DO"><![CDATA[]]></event>
          <components>
            <component _type="_compRichText" id="texto_26" x="111" y="18" width="767" height="68" alpha="1" visible="1" enabled="1" scrollable="1">
              <content><![CDATA[<p><span style="font-size:25px"><span style="font-family:verdana,geneva,sans-serif">Estados Unidos: objetivos</span></span></p>
]]></content>
            </component>
            <component _type="_compImage" id="image_20" x="111" y="116" width="278" height="362" alpha="1" visible="1" enabled="1" cssClass="imgbord" adjustMode="4" alignMode="0" image="data/imagenes/image_120_copy.jpg" />
            <component _type="_compRichText" id="texto_19" x="409" y="91" width="429" height="449" alpha="1" visible="1" enabled="1" scrollable="1">
              <content><![CDATA[<p><span style="font-size:20px"><span style="font-family:verdana,geneva,sans-serif">Estados Unidos tuvo dos <strong>objetivos b&aacute;sicos </strong>tras el fin de la Segunda Guerra Mundial:</span></span></p>

<ul>
	<li><span style="font-size:20px"><span style="font-family:verdana,geneva,sans-serif">Preservar su <strong>hegemon&iacute;a </strong>a nivel mundial.</span></span><br />
	&nbsp;</li>
	<li><span style="font-size:20px"><span style="font-family:verdana,geneva,sans-serif">Contener la expansi&oacute;n del comunismo.</span></span></li>
</ul>

<p><span style="font-size:20px"><span style="font-family:verdana,geneva,sans-serif">Para ello impuls&oacute;:</span></span></p>

<ul>
	<li><span style="font-size:20px"><span style="font-family:verdana,geneva,sans-serif">Plan Marshall</span></span><br />
	&nbsp;</li>
	<li><span style="font-size:20px"><span style="font-family:verdana,geneva,sans-serif">OTAN</span></span></li>
</ul>
]]></content>
            </component>
          </components>
          <animaciones>
          </animaciones>
        </pantalla>
        <pantalla id="pantalla_225">
          <event id="onPrepare" language="DO"><![CDATA[]]></event>
          <event id="onShown" language="DO"><![CDATA[]]></event>
          <components>
            <component _type="_compRichText" id="texto_26" x="111" y="18" width="767" height="68" alpha="1" visible="1" enabled="1" scrollable="1">
              <content><![CDATA[<p><span style="font-size:25px"><span style="font-family:verdana,geneva,sans-serif">LA OTAN</span></span></p>
]]></content>
            </component>
            <component _type="_compImage" id="image_20" x="43" y="95" width="864" height="406" alpha="1" visible="1" enabled="1" cssClass="imgbord" adjustMode="4" alignMode="1" image="data/imagenes/image_123_copy.jpg" />
          </components>
          <animaciones>
          </animaciones>
        </pantalla>
        <pantalla id="pantalla_229">
          <event id="onPrepare" language="DO"><![CDATA[]]></event>
          <event id="onShown" language="DO"><![CDATA[]]></event>
          <components>
            <component _type="_compRichText" id="texto_26" x="111" y="18" width="767" height="68" alpha="1" visible="1" enabled="1" scrollable="1">
              <content><![CDATA[<p><span style="font-size:25px"><span style="font-family:verdana,geneva,sans-serif">Europa occidental: la reconstrucción</span></span></p>
]]></content>
            </component>
            <component _type="_compImage" id="image_20" x="111" y="116" width="278" height="362" alpha="1" visible="1" enabled="1" cssClass="imgbord" adjustMode="4" alignMode="0" image="data/imagenes/image_128_copy.jpg" />
            <component _type="_compRichText" id="texto_19" x="409" y="91" width="429" height="449" alpha="1" visible="1" enabled="1" scrollable="1">
              <content><![CDATA[<p><span style="font-size:20px"><span style="font-family:verdana,geneva,sans-serif">La <strong>reconstrucci&oacute;n </strong>de Europa occidental fue posible por el <strong>plan Marshall</strong>:</span></span></p>

<ul>
	<li><span style="font-size:20px"><span style="font-family:verdana,geneva,sans-serif">Plan de ayuda masiva para <strong>reactivar la econom&iacute;a europea</strong>.</span></span><br />
	&nbsp;</li>
	<li><span style="font-size:20px"><span style="font-family:verdana,geneva,sans-serif">Freno a la <strong>expansi&oacute;n comunista</strong>.</span></span><br />
	&nbsp;</li>
	<li><span style="font-size:20px"><span style="font-family:verdana,geneva,sans-serif">Herramienta para lograr la <strong>estabilidad </strong>pol&iacute;tica europea.</span></span></li>
</ul>
]]></content>
            </component>
          </components>
          <animaciones>
          </animaciones>
        </pantalla>
        <pantalla id="pantalla_233">
          <event id="onPrepare" language="DO"><![CDATA[]]></event>
          <event id="onShown" language="DO"><![CDATA[]]></event>
          <components>
            <component _type="_compRichText" id="texto_26" x="111" y="18" width="767" height="68" alpha="1" visible="1" enabled="1" scrollable="1">
              <content><![CDATA[<p><span style="font-size:25px"><span style="font-family:verdana,geneva,sans-serif">El camino hacia la unidad europea</span></span></p>
]]></content>
            </component>
            <component _type="_compImage" id="image_20" x="111" y="116" width="261" height="362" alpha="1" visible="1" enabled="1" cssClass="imgbord" adjustMode="4" alignMode="0" image="data/imagenes/image_133_copy.jpg" />
            <component _type="_compRichText" id="texto_19" x="409" y="91" width="448" height="477" alpha="1" visible="1" enabled="1" scrollable="1">
              <content><![CDATA[<p><span style="font-size:20px"><span style="font-family:verdana,geneva,sans-serif">En 1957, en el contexto de <strong>reorganizaci&oacute;n econ&oacute;mica </strong>de Europa, se cre&oacute; la <strong>Comunidad Econ&oacute;mica Europea </strong>(CEE).</span></span></p>

<p><span style="font-size:20px"><span style="font-family:verdana,geneva,sans-serif">Los <strong>pa&iacute;ses fundadores </strong>fueron:</span></span></p>

<ul>
	<li><span style="font-size:20px"><span style="font-family:verdana,geneva,sans-serif">B&eacute;lgica</span></span><br />
	&nbsp;</li>
	<li><span style="font-size:20px"><span style="font-family:verdana,geneva,sans-serif">Pa&iacute;ses Bajos</span></span><br />
	&nbsp;</li>
	<li><span style="font-size:20px"><span style="font-family:verdana,geneva,sans-serif">Luxemburgo</span></span><br />
	&nbsp;</li>
	<li><span style="font-size:20px"><span style="font-family:verdana,geneva,sans-serif">Francia</span></span><br />
	&nbsp;</li>
	<li><span style="font-size:20px"><span style="font-family:verdana,geneva,sans-serif">Italia</span></span><br />
	&nbsp;</li>
	<li><span style="font-size:20px"><span style="font-family:verdana,geneva,sans-serif">Rep&uacute;blica Federal de Alemania</span></span></li>
</ul>
]]></content>
            </component>
          </components>
          <animaciones>
          </animaciones>
        </pantalla>
        <pantalla id="pantalla_237">
          <event id="onPrepare" language="DO"><![CDATA[]]></event>
          <event id="onShown" language="DO"><![CDATA[]]></event>
          <components>
            <component _type="_compRichText" id="texto_26" x="111" y="18" width="767" height="68" alpha="1" visible="1" enabled="1" scrollable="1">
              <content><![CDATA[<p><span style="font-size:25px"><span style="font-family:verdana,geneva,sans-serif">Japón: de enemigo a aliado</span></span></p>
]]></content>
            </component>
            <component _type="_compImage" id="image_20" x="111" y="116" width="278" height="362" alpha="1" visible="1" enabled="1" cssClass="imgbord" adjustMode="4" alignMode="0" image="data/imagenes/image_138_copy.jpg" />
            <component _type="_compRichText" id="texto_19" x="409" y="91" width="429" height="449" alpha="1" visible="1" enabled="1" scrollable="1">
              <content><![CDATA[<p><span style="font-size:20px"><span style="font-family:verdana,geneva,sans-serif">Tras la Segunda Guerra Mundial, Jap&oacute;n se tuvo que enfrentar a:</span></span></p>

<ul>
	<li><span style="font-size:20px"><span style="font-family:verdana,geneva,sans-serif"><strong>Reconstrucci&oacute;n </strong>del pa&iacute;s.</span></span><br />
	&nbsp;</li>
	<li><span style="font-size:20px"><span style="font-family:verdana,geneva,sans-serif"><strong>Ocupaci&oacute;n militar </strong>de Estados Unidos (hasta 1951).</span></span><br />
	&nbsp;</li>
	<li><span style="font-size:20px"><span style="font-family:verdana,geneva,sans-serif">Creaci&oacute;n de un <strong>estado democr&aacute;tico </strong>y de una <strong>monarqu&iacute;a constitucional</strong>.</span></span></li>
</ul>

<p><span style="font-size:20px"><span style="font-family:verdana,geneva,sans-serif">Jap&oacute;n no se benefici&oacute; del <strong>plan Marshall </strong>ni ingres&oacute; en la <strong>OTAN</strong>.</span></span></p>
]]></content>
            </component>
          </components>
          <animaciones>
          </animaciones>
        </pantalla>
      </slider>
    </pantalla>
    <pantalla id="pantalla_241">
      <event id="onPrepare" language="DO"><![CDATA[]]></event>
      <event id="onShown" language="DO"><![CDATA[]]></event>
      <components>
        <component _type="_compSlider" id="diaporama_12" x="0" y="0" width="950" height="608" alpha="1" visible="1" enabled="1" transMode="1" />
        <component _type="_compSliderNav" id="slidernav_11" x="45" y="526" width="162" height="37" alpha="1" visible="1" enabled="1" sliderId="diaporama_12" showHome="1" whiteButtons="0" mode="1" />
        <component _type="_compIconButton" id="iconbutton_63" x="45" y="526" width="37" height="37" alpha="1" visible="1" enabled="1" cssClass="iconHomeButton" group="-1">
          <event id="onClick" language="DO"><![CDATA[uiobject_set(rootSlider,"current",0)]]></event>
        </component>
      </components>
      <animaciones>
      </animaciones>
      <slider id="diaporama_12">
        <pantalla id="pantalla_246">
          <event id="onPrepare" language="DO"><![CDATA[]]></event>
          <event id="onShown" language="DO"><![CDATA[]]></event>
          <components>
            <component _type="_compRichText" id="texto_26" x="111" y="18" width="767" height="68" alpha="1" visible="1" enabled="1" scrollable="1">
              <content><![CDATA[<p><span style="font-size:25px"><span style="font-family:verdana,geneva,sans-serif">El bloque comunista</span></span></p>
]]></content>
            </component>
            <component _type="_compImage" id="image_20" x="110" y="116" width="730" height="361" alpha="1" visible="1" enabled="1" cssClass="imgbord" adjustMode="4" alignMode="1" image="data/imagenes/image_22_copy.jpg" />
          </components>
          <animaciones>
          </animaciones>
        </pantalla>
        <pantalla id="pantalla_250">
          <event id="onPrepare" language="DO"><![CDATA[]]></event>
          <event id="onShown" language="DO"><![CDATA[]]></event>
          <components>
            <component _type="_compRichText" id="texto_26" x="111" y="18" width="767" height="68" alpha="1" visible="1" enabled="1" scrollable="1">
              <content><![CDATA[<p><span style="font-size:25px"><span style="font-family:verdana,geneva,sans-serif">La URSS tras la Segunda Guerra Mundial</span></span></p>
]]></content>
            </component>
            <component _type="_compImage" id="image_20" x="111" y="116" width="278" height="362" alpha="1" visible="1" enabled="1" cssClass="imgbord" adjustMode="4" alignMode="0" image="data/imagenes/image_145_copy.jpg" />
            <component _type="_compRichText" id="texto_19" x="409" y="91" width="429" height="449" alpha="1" visible="1" enabled="1" scrollable="1">
              <content><![CDATA[<p><span style="font-size:20px"><span style="font-family:verdana,geneva,sans-serif">Tras la Segunda Guerra Mundial, la URSS se convirti&oacute; en:</span></span></p>

<ul>
	<li><span style="font-size:20px"><span style="font-family:verdana,geneva,sans-serif">L&iacute;der del <strong>bloque comunista</strong>.</span></span><br />
	&nbsp;</li>
	<li><span style="font-size:20px"><span style="font-family:verdana,geneva,sans-serif"><strong>Potencia </strong>militar e industrial.</span></span></li>
</ul>
]]></content>
            </component>
          </components>
          <animaciones>
          </animaciones>
        </pantalla>
        <pantalla id="pantalla_254">
          <event id="onPrepare" language="DO"><![CDATA[]]></event>
          <event id="onShown" language="DO"><![CDATA[]]></event>
          <components>
            <component _type="_compRichText" id="texto_26" x="111" y="18" width="767" height="68" alpha="1" visible="1" enabled="1" scrollable="1">
              <content><![CDATA[<p><span style="font-size:25px"><span style="font-family:verdana,geneva,sans-serif">La URSS: objetivos</span></span></p>
]]></content>
            </component>
            <component _type="_compImage" id="image_20" x="111" y="116" width="278" height="362" alpha="1" visible="1" enabled="1" cssClass="imgbord" adjustMode="4" alignMode="0" image="data/imagenes/image_150_copy.jpg" />
            <component _type="_compRichText" id="texto_19" x="409" y="91" width="429" height="449" alpha="1" visible="1" enabled="1" scrollable="1">
              <content><![CDATA[<p><span style="font-size:20px"><span style="font-family:verdana,geneva,sans-serif">La URSS tuvo tres <strong>objetivos b&aacute;sicos </strong>tras el fin de la Segunda Guerra Mundial:</span></span></p>

<ul>
	<li><span style="font-size:20px"><span style="font-family:verdana,geneva,sans-serif"><strong>Reconstrucci&oacute;n </strong>de la Uni&oacute;n Sovi&eacute;tica.</span></span></li>
	<li><span style="font-size:20px"><span style="font-family:verdana,geneva,sans-serif">Convertirse en <strong>potencia industrial</strong>.</span></span></li>
	<li><span style="font-size:20px"><span style="font-family:verdana,geneva,sans-serif">Mantener su posici&oacute;n frente a los EUA.</span></span></li>
</ul>

<p><span style="font-size:20px"><span style="font-family:verdana,geneva,sans-serif">Para ello impuls&oacute;:</span></span></p>

<ul>
	<li><span style="font-size:20px"><span style="font-family:verdana,geneva,sans-serif">Democracias populares</span></span></li>
	<li><span style="font-size:20px"><span style="font-family:verdana,geneva,sans-serif">Comecon</span></span></li>
	<li><span style="font-size:20px"><span style="font-family:verdana,geneva,sans-serif">Pacto de Varsovia</span></span></li>
</ul>
]]></content>
            </component>
          </components>
          <animaciones>
          </animaciones>
        </pantalla>
        <pantalla id="pantalla_258">
          <event id="onPrepare" language="DO"><![CDATA[]]></event>
          <event id="onShown" language="DO"><![CDATA[]]></event>
          <components>
            <component _type="_compRichText" id="texto_26" x="111" y="18" width="767" height="68" alpha="1" visible="1" enabled="1" scrollable="1">
              <content><![CDATA[<p><span style="font-size:25px"><span style="font-family:verdana,geneva,sans-serif">El Pacto de Varsovia</span></span></p>
]]></content>
            </component>
            <component _type="_compImage" id="image_20" x="43" y="95" width="864" height="406" alpha="1" visible="1" enabled="1" cssClass="imgbord" adjustMode="4" alignMode="1" image="data/imagenes/image_153_copy.jpg" />
          </components>
          <animaciones>
          </animaciones>
        </pantalla>
        <pantalla id="pantalla_262">
          <event id="onPrepare" language="DO"><![CDATA[]]></event>
          <event id="onShown" language="DO"><![CDATA[]]></event>
          <components>
            <component _type="_compRichText" id="texto_26" x="111" y="18" width="767" height="68" alpha="1" visible="1" enabled="1" scrollable="1">
              <content><![CDATA[<p><span style="font-size:25px"><span style="font-family:verdana,geneva,sans-serif">Las democracias populares</span></span></p>
]]></content>
            </component>
            <component _type="_compImage" id="image_20" x="111" y="116" width="278" height="362" alpha="1" visible="1" enabled="1" cssClass="imgbord" adjustMode="4" alignMode="0" image="data/imagenes/image_158_copy.jpg" />
            <component _type="_compRichText" id="texto_19" x="409" y="91" width="429" height="449" alpha="1" visible="1" enabled="1" scrollable="1">
              <content><![CDATA[<p><span style="font-size:20px"><span style="font-family:verdana,geneva,sans-serif">Tras la Segunda Guerra Mundial, los pa&iacute;ses de la Europa del Este se definieron por:</span></span></p>

<ul>
	<li><span style="font-size:20px"><span style="font-family:verdana,geneva,sans-serif">Paso de gobiernos de coalici&oacute;n a <strong>gobiernos comunistas</strong>. Eliminaci&oacute;n de la <strong>oposici&oacute;n pol&iacute;tica</strong>.</span></span><br />
	&nbsp;</li>
	<li><span style="font-size:20px"><span style="font-family:verdana,geneva,sans-serif">Conversi&oacute;n en <strong>estados sat&eacute;lite </strong>de la URSS.</span></span><br />
	&nbsp;</li>
	<li><span style="font-size:20px"><span style="font-family:verdana,geneva,sans-serif">Adhesi&oacute;n al <strong>Comecon</strong>.</span></span><br />
	&nbsp;</li>
	<li><span style="font-size:20px"><span style="font-family:verdana,geneva,sans-serif">Integraci&oacute;n en el <strong>Pacto de Varsovia</strong>.</span></span></li>
</ul>
]]></content>
            </component>
          </components>
          <animaciones>
          </animaciones>
        </pantalla>
        <pantalla id="pantalla_266">
          <event id="onPrepare" language="DO"><![CDATA[]]></event>
          <event id="onShown" language="DO"><![CDATA[]]></event>
          <components>
            <component _type="_compRichText" id="texto_26" x="111" y="18" width="767" height="68" alpha="1" visible="1" enabled="1" scrollable="1">
              <content><![CDATA[<p><span style="font-size:25px"><span style="font-family:verdana,geneva,sans-serif">La China comunista</span></span></p>
]]></content>
            </component>
            <component _type="_compImage" id="image_20" x="111" y="116" width="278" height="362" alpha="1" visible="1" enabled="1" cssClass="imgbord" adjustMode="4" alignMode="0" image="data/imagenes/image_163_copy.jpg" />
            <component _type="_compRichText" id="texto_19" x="409" y="91" width="429" height="449" alpha="1" visible="1" enabled="1" scrollable="1">
              <content><![CDATA[<p><span style="font-family:verdana,geneva,sans-serif"><span style="font-size:20px">Los comunistas de <strong>Mao Zedong </strong>ganaron la guerra civil (1945-1949) y proclamaron la <strong>Rep&uacute;blica Popular China </strong>(1951). Esta estuvo marcada por:</span></span></p>

<ul>
	<li><span style="font-family:verdana,geneva,sans-serif"><span style="font-size:20px"><strong>Gran Salto Adelante </strong>(1958).</span></span><br />
	&nbsp;</li>
	<li><span style="font-family:verdana,geneva,sans-serif"><span style="font-size:20px">Ruptura sino-sovi&eacute;tica (1963).</span></span><br />
	&nbsp;</li>
	<li><span style="font-family:verdana,geneva,sans-serif"><span style="font-size:20px"><strong>Revoluci&oacute;n cultural </strong>(1966-1976).</span></span><br />
	&nbsp;</li>
	<li><span style="font-family:verdana,geneva,sans-serif"><span style="font-size:20px">Acercamiento a Estados Unidos (1973).</span></span></li>
</ul>
]]></content>
            </component>
          </components>
          <animaciones>
          </animaciones>
        </pantalla>
        <pantalla id="pantalla_270">
          <event id="onPrepare" language="DO"><![CDATA[]]></event>
          <event id="onShown" language="DO"><![CDATA[]]></event>
          <components>
            <component _type="_compRichText" id="texto_26" x="111" y="18" width="767" height="68" alpha="1" visible="1" enabled="1" scrollable="1">
              <content><![CDATA[<p><span style="font-size:25px"><span style="font-family:verdana,geneva,sans-serif">Otros territorios comunistas</span></span></p>
]]></content>
            </component>
            <component _type="_compImage" id="image_20" x="111" y="116" width="278" height="362" alpha="1" visible="1" enabled="1" cssClass="imgbord" adjustMode="4" alignMode="0" image="data/imagenes/image_168_copy.jpg" />
            <component _type="_compRichText" id="texto_19" x="409" y="91" width="429" height="449" alpha="1" visible="1" enabled="1" scrollable="1">
              <content><![CDATA[<p><span style="font-size:20px"><span style="font-family:verdana,geneva,sans-serif">Adem&aacute;s de la URSS y China, se implantaron reg&iacute;menes comunistas en:</span></span></p>

<ul>
	<li><span style="font-size:20px"><span style="font-family:verdana,geneva,sans-serif"><strong>Yugoslavia</strong>: <strong>Tito </strong>impuls&oacute; un modelo socialista independiente de las directrices de Mosc&uacute;.</span></span><br />
	&nbsp;</li>
	<li><span style="font-size:20px"><span style="font-family:verdana,geneva,sans-serif"><strong>Albania</strong>: rompi&oacute; sus lazos con la URSS y los estrech&oacute; con <strong>China</strong>.</span></span><br />
	&nbsp;</li>
	<li><span style="font-size:20px"><span style="font-family:verdana,geneva,sans-serif"><strong>Cuba</strong>: el r&eacute;gimen comunista de <strong>Fidel Castro </strong>se aproxim&oacute; a la URSS.</span></span></li>
</ul>
]]></content>
            </component>
          </components>
          <animaciones>
          </animaciones>
        </pantalla>
      </slider>
    </pantalla>
  </pantallas>
  <popups>
    <pantalla id="pantalla_25">
      <event id="onPrepare" language="DO"><![CDATA[]]></event>
      <event id="onShown" language="DO"><![CDATA[]]></event>
      <components>
        <component _type="_compCSSBox" id="fondo_150" x="0" y="0" width="950" height="608" alpha="1" visible="1" enabled="1" cssClass="defaultCSSBox3" />
        <component _type="_compImage" id="image_19" x="0" y="0" width="950" height="608" alpha="1" visible="1" enabled="1" cssClass="" adjustMode="1" alignMode="0" image="data/imagenes/plantilla_f2.jpg" />
        <component _type="_compIconButton" id="iconbutton_24" x="867" y="45" width="37" height="37" alpha="1" visible="1" enabled="1" cssClass="iconCloseButton" group="-1">
          <event id="onClick" language="DO"><![CDATA[popup_close()]]></event>
        </component>
        <component _type="_compIconButton" id="iconbutton_63" x="169" y="526" width="37" height="37" alpha="1" visible="1" enabled="1" cssClass="iconNextButton" group="-1">
          <event id="onClick" language="DO"><![CDATA[uiobject_set(rootSlider,"current",1)]]></event>
        </component>
        <component _type="_compIconButton" id="iconbutton_151" x="112" y="526" width="37" height="37" alpha="1" visible="1" enabled="1" cssClass="iconPrevButton" group="-1">
          <event id="onClick" language="DO"><![CDATA[uiobject_set(rootSlider,"current",0)]]></event>
        </component>
      </components>
      <animaciones>
      </animaciones>
    </pantalla>
  </popups>
</engine>