<?xml version='1.0' encoding='UTF-8'?><motor tipo="102" clase="ab" aprid="m102ab">
  <plataforma>
    <grado><![CDATA[2]]></grado>
    <titulo>Proyecto: la crisis migratoria en Europa</titulo>
    <volumen><![CDATA[1]]></volumen>
    <nivel><![CDATA[1]]></nivel>
    <referencia><![CDATA[EX_PLANTILLA_M102AB]]></referencia>
    <motor><![CDATA[M102ab]]></motor>
    <lang>es</lang>
  </plataforma>
  <enunciado><![CDATA[Desarrolla este proyecto siguiendo las indicaciones de tu docente.]]></enunciado>
  <masinfo inicio="0"/>
  <textoupload/>
  <adjunto><![CDATA[principal.html]]></adjunto>
  <url/>
  <amano><![CDATA[0]]></amano>
</motor>