<?xml version='1.0' encoding='UTF-8'?><engine copy="Editorial Planeta" version="1" aprid="f13" title="Análisis de la actualidad de nuestro territorio" >
<section title="Presentación" path="" pathAmp="" image1Text="" zoom1="false" zoom2a="false" zoom2b="false" layout="2" >
<![CDATA[<p style="text-align:center"><img src="data/imagenes/0.png" style="height:255px; width:825px" /></p>

<p style="text-align:center"><span style="font-family:verdana,geneva,sans-serif"><span style="font-size:25px">&iquest;Cu&aacute;les son los temas de actualidad<br />
en nuestro territorio?</span></span></p>
]]></section>
<section title="Conceptos" path="section1.jpg" pathAmp="" image1Text="" zoom1="false" zoom2a="false" zoom2b="false" layout="1" >
<![CDATA[<p>Antes de comenzar a preparar y dise&ntilde;ar el proyecto es importante que repasen algunos de los conceptos que ya han visto en clase y que les resultar&aacute;n &uacute;tiles a la hora de realizar el trabajo:</p>

<p><strong>Globalizaci&oacute;n:</strong></p>

<ul>
	<li>La <strong>hegemon&iacute;a mundial</strong> hace referencia al dominio del mundo por parte de una naci&oacute;n o de un grupo reducido (potencias mundiales).</li>
</ul>

<ul>
	<li>La <strong>cultura de masas</strong> se caracteriza por la producci&oacute;n y difusi&oacute;n de forma global, dejando de lado la artesan&iacute;a y las tradiciones.</li>
</ul>

<ul>
	<li>Los <strong>transportes</strong>. Con la llegada de la globalizaci&oacute;n las v&iacute;as de comunicaci&oacute;n y los transportes se han mejorado y es m&aacute;s f&aacute;cil desplazarnos y distribuir las mercanc&iacute;as de un lugar a otro del mundo.</li>
</ul>

<ul>
	<li>Gracias a las nuevas tecnolog&iacute;as, como Internet, los<strong> medios de comunicaci&oacute;n</strong> han pasado a ser m&aacute;s inmediatos y podemos estar informados de lo que ocurre en cualquier lugar y momento.</li>
</ul>
]]></section>
<section title="Objetivos " path="section2.jpg" pathAmp="" image1Text="" zoom1="false" zoom2a="false" zoom2b="false" layout="1" >
<![CDATA[<p><strong>Objetivo</strong>: identificar los acontecimientos de actualidad y el papel de los medios de comunicaci&oacute;n en su selecci&oacute;n y tratamiento.</p>

<p><strong>Organizaci&oacute;n</strong>: grupos de m&aacute;ximo cinco personas.</p>

<p><strong>Presentaci&oacute;n:</strong> creaci&oacute;n de un avatar con la herramienta <a href="http://www.voki.com" target="_blank">Voki</a> mediante el cual se expliquen los temas de mayor actualidad en nuestro territorio y el tratamiento que hacen los medios de comunicaci&oacute;n.</p>

<p><strong>Plazo:</strong> dos semanas.</p>

<p><strong>Punto de partida: </strong>para poder responder a la pregunta inicial del proyecto, piensen en los acontecimientos de actualidad de nuestro territorio. Hagan una lluvia de ideas en la que se formulen preguntas concisas para que les ayuden a alcanzar el objetivo de su investigaci&oacute;n. Por ejemplo:</p>

<ul>
	<li>&iquest;Cu&aacute;les son los diez temas de los que m&aacute;s se habla actualmente?</li>
</ul>

<ul>
	<li>&iquest;Cu&aacute;l es el enfoque que dan los medios de comunicaci&oacute;n a estos temas?</li>
</ul>

<ul>
	<li>&iquest;Los temas son tratados del mismo modo por los diferentes medios de comunicaci&oacute;n?</li>
</ul>

<p>Al final, intenten ofrecer una respuesta previa a la pregunta del proyecto. La investigaci&oacute;n les ayudar&aacute; a averiguar si estaban o no en lo cierto.</p>
]]></section>
<section title="Planificación" path2a="2a_section3.jpg" path2b="2b_section3.jpg" path2aAmp="2a_section3_big.jpg" path2bAmp="2b_section3_big.jpg" image2aText="&lt;p&gt;Ejemplo de tabla que les ayudar&amp;aacute; a realizar la planificaci&amp;oacute;n.&lt;/p&gt;
" image2bText="&lt;p&gt;Ejemplo de planificaci&amp;oacute;n que les puede ayudar a organizar el proyecto.&lt;/p&gt;
" zoom1="true" zoom2a="true" zoom2b="true" layout="4" >
<![CDATA[<p>Para realizar la actividad les proponemos comenzar por organizar el trabajo. Para ello les sugerimos seguir estos pasos:</p>

<p>1.&ordm; Identificar y anotar las tareas que deben llevar a cabo en el proyecto. Para hacerlo, deben:</p>

<ul>
	<li>Leer con atenci&oacute;n todos los apartados de la actividad.</li>
	<li>Hacer una lista con los distintos trabajos que tienen que realizar y dividirlos si es posible, en peque&ntilde;as tareas.</li>
</ul>

<p>Por ejemplo, dentro de la tarea de investigaci&oacute;n pueden dividir el trabajo entre la selecci&oacute;n de las fuentes que van a consultar, la recopilaci&oacute;n de la informaci&oacute;n, la lectura y el resumen de los datos.</p>

<p>2.&ordm; Repartir entre los miembros del grupo las tareas por realizar.</p>

<p>En este proyecto, por ejemplo, pueden dividir el trabajo de manera que unos se centren en los conflictos y otros en el contexto.</p>

<p>3.&ordm; Establecer el tiempo necesario para cada una de las tareas. Utilicen un calendario para ello, teniendo en cuenta la fecha l&iacute;mite.</p>

<p>4.&ordm; Definir cu&aacute;ndo y c&oacute;mo se realizar&aacute; la puesta en com&uacute;n, cu&aacute;l ser&aacute; el producto o entregable final, qu&eacute; se necesita para hacerlo, cu&aacute;ndo se revisar&aacute; y cu&aacute;ndo ensayar&aacute; la presentaci&oacute;n todo el grupo.</p>

<p>Cuando queremos planificar cualquier tarea, puede resultar de ayuda utilizar una tabla u hoja de c&aacute;lculo en la que se defina, por ejemplo: los nombres de los integrantes del grupo, la tarea asignada a cada uno, tiempo de dedicaci&oacute;n a cada una de las tareas, etc.</p>
]]></section>
<section title="Investigación" path="section4.jpg" pathAmp="" image1Text="" zoom1="false" zoom2a="false" zoom2b="false" layout="1" >
<![CDATA[<p>A la hora de realizar la investigaci&oacute;n es importante que piensen, discutan y definan cu&aacute;les son los recursos y fuentes de informaci&oacute;n que pueden ser &uacute;tiles para lograr el objetivo. Les recomendamos:</p>

<ul>
	<li>
	<p>Consultar publicaciones y p&aacute;ginas web fiables que trabajen temas hist&oacute;ricos. Les sugerimos que consulten como primera fuente la Gran Enciclopedia Planeta.</p>
	</li>
	<li>
	<p>Contrastar con varias fuentes la informaci&oacute;n que utilicen. Es recomendable que no se queden con una sola versi&oacute;n de los hechos.</p>
	</li>
	<li>
	<p>Utilizar &uacute;nicamente la informaci&oacute;n que sea &uacute;til. Descarten datos y hechos poco relevantes para no extender demasiado el tema.</p>
	</li>
	<li>
	<p>Elaborar una lista de fuentes consultadas.</p>
	</li>
	<li>
	<p>Resumir con sus palabras la informaci&oacute;n obtenida.</p>
	</li>
</ul>

<p><strong>&iexcl;Atenci&oacute;n!</strong> No deben copiar textos para presentarlos como si fueran suyos. Recuerden poner las citas entre comillas.</p>
]]></section>
<section title="Análisis" path="section5.jpg" pathAmp="" image1Text="" zoom1="false" zoom2a="false" zoom2b="false" layout="1" >
<![CDATA[<p>A partir de la informaci&oacute;n que han recopilado, deben escribir un guion que sirva de gu&iacute;a para grabar el audio que pronunciar&aacute; su avatar y que sintetice la siguiente informaci&oacute;n:</p>

<ul>
	<li>Presentaci&oacute;n de los diez principales acontecimientos de actualidad que han escogido.</li>
</ul>

<ul>
	<li>Explicaci&oacute;n, por temas, de los medios que han abordado cada acontecimiento.</li>
</ul>

<ul>
	<li>Detalle del tratamiento que cada medio ha proporcionado a los temas de actualidad.</li>
</ul>

<ul>
	<li>Resultados de los cuestionarios realizados, para conocer tambi&eacute;n el enfoque, m&aacute;s subjetivo, de los entrevistados.</li>
</ul>

<ul>
	<li>Comparaci&oacute;n de cada uno de los temas de actualidad por parte de los distintos medios.</li>
</ul>

<ul>
	<li>Reflexi&oacute;n final acerca de las posibles razones por las que este tratamiento es distinto.</li>
</ul>
]]></section>
<section title="Síntesis" path="section6.jpg" pathAmp="" image1Text="" zoom1="false" zoom2a="false" zoom2b="false" layout="1" >
<![CDATA[<p>Una vez analizada la informaci&oacute;n deben seleccionar los datos m&aacute;s importantes y grabar el audio para su <strong>avatar</strong>, en el que recojan los diez temas de mayor actualidad.</p>

<p>Para que esta tarea les resulte sencilla, se recomienda:</p>

<p>1.&ordm; <strong>Redactar un texto</strong> que les servir&aacute; de guion para la grabaci&oacute;n del audio.</p>

<p>2.&ordm; <strong>Contrastar</strong> si coincide esta explicaci&oacute;n con las respuestas previas que plantearon al comenzar el proyecto.</p>

<p>3.&ordm; Plasmar su explicaci&oacute;n en el guion que grabar&aacute;n para el avatar. All&iacute; deben reflejarse los diez temas de actualidad predominantes en nuestro territorio y el tratamiento que les dan los distintos medios de comunicaci&oacute;n.</p>

<p>4.&ordm; Por &uacute;ltimo, <strong>compartir </strong>el proyecto con sus compa&ntilde;eros.</p>
]]></section>
<section title="Evaluación" path="" pathAmp="" image1Text="" zoom1="false" zoom2a="false" zoom2b="false" layout="2" >
<![CDATA[<p>Al terminar el proceso completo, pueden autoevaluarse para comprobar cu&aacute;les fueron las tareas mejor realizadas y aquellas que deben mejorar en una pr&oacute;xima ocasi&oacute;n.</p>

<p><em>Valoren de 1 a 5, siendo 1 muy mal y 5 muy bien. </em></p>

<p><strong>&Iacute;TEMS DE VALORACI&Oacute;N&nbsp;&nbsp;&nbsp;&nbsp;&nbsp;&nbsp;&nbsp;&nbsp;&nbsp;&nbsp;&nbsp;</strong></p>

<p>________________________________________________________________________&nbsp;&nbsp;&nbsp;&nbsp;&nbsp;&nbsp;&nbsp;&nbsp;&nbsp;&nbsp;&nbsp;&nbsp;&nbsp;&nbsp;&nbsp;&nbsp;&nbsp;&nbsp;&nbsp;&nbsp;&nbsp;&nbsp;&nbsp;&nbsp;&nbsp;&nbsp;&nbsp;&nbsp;&nbsp;&nbsp;&nbsp;&nbsp;&nbsp;&nbsp;&nbsp;&nbsp;&nbsp;&nbsp;&nbsp;&nbsp;&nbsp;&nbsp;&nbsp;&nbsp;&nbsp;&nbsp;&nbsp;&nbsp;&nbsp;&nbsp;&nbsp;&nbsp;&nbsp;&nbsp;&nbsp;&nbsp;&nbsp;&nbsp;&nbsp;&nbsp;&nbsp;&nbsp;&nbsp;&nbsp;&nbsp;&nbsp;</p>

<p><strong>&nbsp;&nbsp;&nbsp;&nbsp;&nbsp;&nbsp;&nbsp;&nbsp;&nbsp;&nbsp;&nbsp;&nbsp;&nbsp;&nbsp;&nbsp;&nbsp;&nbsp;&nbsp;&nbsp;&nbsp;&nbsp;&nbsp;&nbsp;&nbsp;&nbsp;&nbsp;&nbsp;&nbsp;&nbsp;&nbsp;&nbsp;&nbsp;&nbsp;&nbsp;&nbsp;&nbsp;&nbsp;&nbsp;&nbsp;&nbsp;&nbsp;&nbsp;&nbsp;&nbsp;&nbsp;&nbsp;&nbsp;&nbsp;&nbsp;&nbsp;&nbsp;&nbsp;&nbsp;&nbsp;&nbsp;&nbsp;&nbsp;&nbsp;&nbsp;&nbsp;&nbsp;&nbsp;&nbsp;&nbsp;&nbsp;&nbsp;&nbsp;&nbsp;&nbsp;&nbsp;&nbsp;&nbsp;&nbsp;&nbsp;&nbsp;&nbsp;&nbsp;1&nbsp;&nbsp;&nbsp;&nbsp;&nbsp;&nbsp;&nbsp;&nbsp;&nbsp;&nbsp;&nbsp;2&nbsp;&nbsp;&nbsp;&nbsp;&nbsp;&nbsp;&nbsp;&nbsp;&nbsp;&nbsp;&nbsp;3&nbsp;&nbsp;&nbsp;&nbsp;&nbsp;&nbsp;&nbsp;&nbsp;&nbsp;&nbsp;&nbsp;4&nbsp;&nbsp;&nbsp;&nbsp;&nbsp;&nbsp;&nbsp;&nbsp;&nbsp;&nbsp;&nbsp;5</strong>&nbsp;&nbsp;&nbsp;&nbsp;&nbsp;&nbsp;&nbsp;&nbsp;&nbsp;&nbsp;&nbsp;</p>

<p><strong>Objetivos</strong>&nbsp;&nbsp;&nbsp;&nbsp;&nbsp;&nbsp;&nbsp;&nbsp;&nbsp;&nbsp;&nbsp;&nbsp;&nbsp;&nbsp;&nbsp;&nbsp;&nbsp;&nbsp;&nbsp;&nbsp;&nbsp;&nbsp;&nbsp;&nbsp;&nbsp;&nbsp;&nbsp;&nbsp;&nbsp;&nbsp;&nbsp;&nbsp;&nbsp;&nbsp;&nbsp;&nbsp;&nbsp;&nbsp;&nbsp;&nbsp;&nbsp;&nbsp;&nbsp;&nbsp;</p>

<p><strong>&middot; </strong>Han comprendido el objetivo del proyecto.&nbsp;&nbsp;&nbsp;&nbsp;&nbsp;&nbsp;&nbsp;&nbsp;&nbsp;&nbsp;&nbsp;&nbsp;&nbsp;&nbsp;&nbsp;&nbsp;&nbsp;&nbsp;&nbsp;&nbsp;&nbsp;&nbsp;&nbsp;&nbsp;&nbsp;&nbsp;&nbsp;&nbsp;&nbsp;&nbsp;&nbsp;&nbsp;&nbsp;&nbsp;&nbsp;&nbsp;&nbsp;&nbsp;&nbsp;&nbsp;&nbsp;&nbsp;&nbsp;</p>

<p><strong>&middot; </strong>Han participado activamente en la lluvia<br />
&nbsp; de ideas.&nbsp;&nbsp;&nbsp;&nbsp;&nbsp;&nbsp;&nbsp;&nbsp;&nbsp;&nbsp;&nbsp;&nbsp;&nbsp;&nbsp;&nbsp;&nbsp;&nbsp;&nbsp;&nbsp;&nbsp;&nbsp;&nbsp;&nbsp;&nbsp;&nbsp;&nbsp;&nbsp;&nbsp;&nbsp;&nbsp;&nbsp;&nbsp;&nbsp;&nbsp;&nbsp;&nbsp;&nbsp;&nbsp;&nbsp;&nbsp;&nbsp;&nbsp;&nbsp;&nbsp;&nbsp;&nbsp;&nbsp;&nbsp;&nbsp;&nbsp;&nbsp;&nbsp;&nbsp;&nbsp;&nbsp;&nbsp;&nbsp;&nbsp;&nbsp;&nbsp;&nbsp;&nbsp;&nbsp;&nbsp;&nbsp;&nbsp;</p>

<p><strong>&middot; </strong>Han propuesto posibles hip&oacute;tesis.&nbsp;&nbsp;&nbsp;&nbsp;&nbsp;&nbsp;&nbsp;&nbsp;&nbsp;&nbsp;&nbsp;&nbsp;&nbsp;&nbsp;&nbsp;&nbsp;&nbsp;&nbsp;&nbsp;&nbsp;&nbsp;&nbsp;&nbsp;&nbsp;&nbsp;&nbsp;&nbsp;&nbsp;&nbsp;&nbsp;&nbsp;&nbsp;&nbsp;&nbsp;&nbsp;&nbsp;&nbsp;&nbsp;&nbsp;&nbsp;&nbsp;&nbsp;&nbsp;&nbsp;&nbsp;&nbsp;&nbsp;&nbsp;&nbsp;&nbsp;&nbsp;&nbsp;&nbsp;&nbsp;&nbsp;</p>

<p><strong>&middot; </strong>Han previsto aspectos que despu&eacute;s necesitaron<br />
&nbsp; para el desarrollo de la investigaci&oacute;n.</p>

<p>________________________________________________________________________&nbsp;&nbsp;&nbsp;&nbsp;&nbsp;&nbsp;&nbsp;&nbsp;&nbsp;&nbsp;&nbsp;&nbsp;&nbsp;&nbsp;&nbsp;&nbsp;&nbsp;&nbsp;&nbsp;&nbsp;&nbsp;&nbsp;&nbsp;&nbsp;&nbsp;&nbsp;&nbsp;&nbsp;&nbsp;&nbsp;&nbsp;&nbsp;&nbsp;&nbsp;&nbsp;&nbsp;&nbsp;&nbsp;&nbsp;&nbsp;&nbsp;&nbsp;&nbsp;&nbsp;&nbsp;&nbsp;&nbsp;&nbsp;&nbsp;&nbsp;&nbsp;&nbsp;&nbsp;&nbsp;&nbsp;&nbsp;&nbsp;&nbsp;&nbsp;&nbsp;&nbsp;&nbsp;&nbsp;&nbsp;&nbsp;&nbsp;</p>

<p><strong>&nbsp;&nbsp;&nbsp;&nbsp;&nbsp;&nbsp;&nbsp;&nbsp;&nbsp;&nbsp;&nbsp;&nbsp;&nbsp;&nbsp;&nbsp;&nbsp;&nbsp;&nbsp;&nbsp;&nbsp;&nbsp;&nbsp;&nbsp;&nbsp;&nbsp;&nbsp;&nbsp;&nbsp;&nbsp;&nbsp;&nbsp;&nbsp;&nbsp;&nbsp;&nbsp;&nbsp;&nbsp;&nbsp;&nbsp;&nbsp;&nbsp;&nbsp;&nbsp;&nbsp;&nbsp;&nbsp;&nbsp;&nbsp;&nbsp;&nbsp;&nbsp;&nbsp;&nbsp;&nbsp;&nbsp;&nbsp;&nbsp;&nbsp;&nbsp;&nbsp;&nbsp;&nbsp;&nbsp;&nbsp;&nbsp;&nbsp;&nbsp;&nbsp;&nbsp;&nbsp;&nbsp;&nbsp;&nbsp;&nbsp;&nbsp;&nbsp;&nbsp;1&nbsp;&nbsp;&nbsp;&nbsp;&nbsp;&nbsp;&nbsp;&nbsp;&nbsp;&nbsp;&nbsp;2&nbsp;&nbsp;&nbsp;&nbsp;&nbsp;&nbsp;&nbsp;&nbsp;&nbsp;&nbsp;&nbsp;3&nbsp;&nbsp;&nbsp;&nbsp;&nbsp;&nbsp;&nbsp;&nbsp;&nbsp;&nbsp;&nbsp;4&nbsp;&nbsp;&nbsp;&nbsp;&nbsp;&nbsp;&nbsp;&nbsp;&nbsp;&nbsp;&nbsp;5</strong>&nbsp;&nbsp;&nbsp;&nbsp;&nbsp;&nbsp;&nbsp;&nbsp;&nbsp;&nbsp;&nbsp;</p>

<p><strong>Planificaci&oacute;n del proyecto&nbsp;&nbsp;&nbsp;&nbsp;&nbsp;&nbsp;&nbsp;&nbsp;&nbsp;&nbsp;&nbsp;</strong>&nbsp;&nbsp;&nbsp;&nbsp;&nbsp;&nbsp;&nbsp;&nbsp;&nbsp;&nbsp;&nbsp;&nbsp;&nbsp;&nbsp;&nbsp;&nbsp;&nbsp;&nbsp;&nbsp;&nbsp;&nbsp;&nbsp;&nbsp;&nbsp;&nbsp;&nbsp;&nbsp;&nbsp;&nbsp;&nbsp;&nbsp;&nbsp;&nbsp;&nbsp;&nbsp;&nbsp;&nbsp;&nbsp;&nbsp;&nbsp;&nbsp;&nbsp;&nbsp;&nbsp;&nbsp;&nbsp;&nbsp;&nbsp;&nbsp;&nbsp;&nbsp;&nbsp;&nbsp;&nbsp;&nbsp;&nbsp;&nbsp;&nbsp;&nbsp;&nbsp;&nbsp;&nbsp;&nbsp;&nbsp;&nbsp;&nbsp;&nbsp;&nbsp;&nbsp;&nbsp;&nbsp;&nbsp;&nbsp;&nbsp;&nbsp;&nbsp;&nbsp;&nbsp;&nbsp;&nbsp;&nbsp;&nbsp;&nbsp;&nbsp;&nbsp;&nbsp;&nbsp;&nbsp;</p>

<p><strong>&middot;</strong> Han participado en la planificaci&oacute;n del proyecto.</p>

<p><strong>&middot;</strong> Han contribuido en la distribuci&oacute;n de tareas.</p>

<p><strong>&middot;</strong> Han calculado correctamente el tiempo<br />
&nbsp; necesario para cada tarea.</p>

<p><strong>&middot;</strong> Han desempe&ntilde;ado correctamente<br />
&nbsp; las tareas asignadas.</p>

<p><strong>&middot;</strong> Han distribuido de forma equitativa las tareas<br />
&nbsp; entre los miembros del grupo.</p>

<p><strong>&middot;</strong> Han realizado las tareas asignadas en<br />
&nbsp; el tiempo previsto.</p>

<p><strong>&middot;</strong> Todos los miembros del grupo participaron.</p>

<p>________________________________________________________________________&nbsp;&nbsp;&nbsp;&nbsp;&nbsp;&nbsp;&nbsp;&nbsp;&nbsp;&nbsp;&nbsp;&nbsp;&nbsp;&nbsp;&nbsp;&nbsp;&nbsp;&nbsp;&nbsp;&nbsp;&nbsp;&nbsp;&nbsp;&nbsp;&nbsp;&nbsp;&nbsp;&nbsp;&nbsp;&nbsp;&nbsp;&nbsp;&nbsp;&nbsp;&nbsp;&nbsp;&nbsp;&nbsp;&nbsp;&nbsp;&nbsp;&nbsp;&nbsp;&nbsp;&nbsp;&nbsp;&nbsp;&nbsp;&nbsp;&nbsp;&nbsp;&nbsp;&nbsp;&nbsp;&nbsp;&nbsp;&nbsp;&nbsp;&nbsp;&nbsp;&nbsp;&nbsp;&nbsp;&nbsp;&nbsp;&nbsp;</p>

<p><strong>&nbsp;&nbsp;&nbsp;&nbsp;&nbsp;&nbsp;&nbsp;&nbsp;&nbsp;&nbsp;&nbsp;&nbsp;&nbsp;&nbsp;&nbsp;&nbsp;&nbsp;&nbsp;&nbsp;&nbsp;&nbsp;&nbsp;&nbsp;&nbsp;&nbsp;&nbsp;&nbsp;&nbsp;&nbsp;&nbsp;&nbsp;&nbsp;&nbsp;&nbsp;&nbsp;&nbsp;&nbsp;&nbsp;&nbsp;&nbsp;&nbsp;&nbsp;&nbsp;&nbsp;&nbsp;&nbsp;&nbsp;&nbsp;&nbsp;&nbsp;&nbsp;&nbsp;&nbsp;&nbsp;&nbsp;&nbsp;&nbsp;&nbsp;&nbsp;&nbsp;&nbsp;&nbsp;&nbsp;&nbsp;&nbsp;&nbsp;&nbsp;&nbsp;&nbsp;&nbsp;&nbsp;&nbsp;&nbsp;&nbsp;&nbsp;&nbsp;&nbsp;1&nbsp;&nbsp;&nbsp;&nbsp;&nbsp;&nbsp;&nbsp;&nbsp;&nbsp;&nbsp;&nbsp;2&nbsp;&nbsp;&nbsp;&nbsp;&nbsp;&nbsp;&nbsp;&nbsp;&nbsp;&nbsp;&nbsp;3&nbsp;&nbsp;&nbsp;&nbsp;&nbsp;&nbsp;&nbsp;&nbsp;&nbsp;&nbsp;&nbsp;4&nbsp;&nbsp;&nbsp;&nbsp;&nbsp;&nbsp;&nbsp;&nbsp;&nbsp;&nbsp;&nbsp;5</strong>&nbsp;&nbsp;&nbsp;&nbsp;&nbsp;&nbsp;&nbsp;&nbsp;&nbsp;&nbsp;&nbsp;</p>

<p><strong>Investigaci&oacute;n&nbsp;&nbsp;&nbsp;&nbsp;&nbsp;&nbsp;&nbsp;&nbsp;&nbsp;&nbsp;&nbsp;</strong>&nbsp;&nbsp;&nbsp;&nbsp;&nbsp;&nbsp;&nbsp;&nbsp;&nbsp;&nbsp;&nbsp;&nbsp;&nbsp;&nbsp;&nbsp;&nbsp;&nbsp;&nbsp;&nbsp;&nbsp;&nbsp;&nbsp;&nbsp;&nbsp;&nbsp;&nbsp;&nbsp;&nbsp;&nbsp;&nbsp;&nbsp;&nbsp;&nbsp;&nbsp;&nbsp;&nbsp;&nbsp;&nbsp;&nbsp;&nbsp;&nbsp;&nbsp;&nbsp;&nbsp;&nbsp;&nbsp;&nbsp;&nbsp;&nbsp;&nbsp;&nbsp;&nbsp;&nbsp;&nbsp;&nbsp;</p>

<p><strong>&middot;</strong> Han propuesto fuentes de informaci&oacute;n en<br />
&nbsp; las que se encontr&oacute; la informaci&oacute;n necesaria.</p>

<p><strong>&middot;</strong> Han propuesto una metodolog&iacute;a con la que<br />
&nbsp; lograron cumplir el objetivo.</p>

<p><strong>&middot;</strong> Han participado activamente en la consecuci&oacute;n<br />
&nbsp; de la informaci&oacute;n y en la comprensi&oacute;n de esta.</p>

<p><strong>&middot;</strong> Han hecho uso de distintas fuentes<br />
&nbsp; de informaci&oacute;n (electr&oacute;nicas, impresas,<br />
&nbsp; audiovisuales, etc.).&nbsp;&nbsp;&nbsp;&nbsp;&nbsp;&nbsp;&nbsp;&nbsp;&nbsp;&nbsp;&nbsp;&nbsp;&nbsp;&nbsp;&nbsp;&nbsp;&nbsp;&nbsp;&nbsp;&nbsp;&nbsp;&nbsp;&nbsp;&nbsp;</p>

<p>________________________________________________________________________&nbsp;&nbsp;&nbsp;&nbsp;&nbsp;&nbsp;&nbsp;&nbsp;&nbsp;&nbsp;&nbsp;&nbsp;&nbsp;&nbsp;&nbsp;&nbsp;&nbsp;&nbsp;&nbsp;&nbsp;&nbsp;&nbsp;&nbsp;&nbsp;&nbsp;&nbsp;&nbsp;&nbsp;&nbsp;&nbsp;&nbsp;&nbsp;&nbsp;&nbsp;&nbsp;&nbsp;&nbsp;&nbsp;&nbsp;&nbsp;&nbsp;&nbsp;&nbsp;&nbsp;&nbsp;&nbsp;&nbsp;&nbsp;&nbsp;&nbsp;&nbsp;&nbsp;&nbsp;&nbsp;&nbsp;&nbsp;&nbsp;&nbsp;&nbsp;&nbsp;&nbsp;&nbsp;&nbsp;&nbsp;&nbsp;&nbsp;</p>

<p><strong>&nbsp;&nbsp;&nbsp;&nbsp;&nbsp;&nbsp;&nbsp;&nbsp;&nbsp;&nbsp;&nbsp;&nbsp;&nbsp;&nbsp;&nbsp;&nbsp;&nbsp;&nbsp;&nbsp;&nbsp;&nbsp;&nbsp;&nbsp;&nbsp;&nbsp;&nbsp;&nbsp;&nbsp;&nbsp;&nbsp;&nbsp;&nbsp;&nbsp;&nbsp;&nbsp;&nbsp;&nbsp;&nbsp;&nbsp;&nbsp;&nbsp;&nbsp;&nbsp;&nbsp;&nbsp;&nbsp;&nbsp;&nbsp;&nbsp;&nbsp;&nbsp;&nbsp;&nbsp;&nbsp;&nbsp;&nbsp;&nbsp;&nbsp;&nbsp;&nbsp;&nbsp;&nbsp;&nbsp;&nbsp;&nbsp;&nbsp;&nbsp;&nbsp;&nbsp;&nbsp;&nbsp;&nbsp;&nbsp;&nbsp;&nbsp;&nbsp;&nbsp;1&nbsp;&nbsp;&nbsp;&nbsp;&nbsp;&nbsp;&nbsp;&nbsp;&nbsp;&nbsp;&nbsp;2&nbsp;&nbsp;&nbsp;&nbsp;&nbsp;&nbsp;&nbsp;&nbsp;&nbsp;&nbsp;&nbsp;3&nbsp;&nbsp;&nbsp;&nbsp;&nbsp;&nbsp;&nbsp;&nbsp;&nbsp;&nbsp;&nbsp;4&nbsp;&nbsp;&nbsp;&nbsp;&nbsp;&nbsp;&nbsp;&nbsp;&nbsp;&nbsp;&nbsp;5</strong>&nbsp;&nbsp;&nbsp;&nbsp;&nbsp;&nbsp;&nbsp;&nbsp;&nbsp;&nbsp;&nbsp;</p>

<p><strong>An&aacute;lisis de la informaci&oacute;n&nbsp;&nbsp;&nbsp;&nbsp;&nbsp;&nbsp;&nbsp;&nbsp;&nbsp;&nbsp;&nbsp;</strong>&nbsp;&nbsp;&nbsp;&nbsp;&nbsp;&nbsp;&nbsp;&nbsp;&nbsp;&nbsp;&nbsp;&nbsp;&nbsp;&nbsp;&nbsp;&nbsp;&nbsp;&nbsp;&nbsp;&nbsp;&nbsp;&nbsp;&nbsp;&nbsp;&nbsp;&nbsp;&nbsp;&nbsp;&nbsp;&nbsp;&nbsp;&nbsp;&nbsp;&nbsp;&nbsp;&nbsp;&nbsp;&nbsp;&nbsp;&nbsp;&nbsp;&nbsp;&nbsp;&nbsp;&nbsp;&nbsp;&nbsp;&nbsp;&nbsp;&nbsp;&nbsp;&nbsp;&nbsp;&nbsp;&nbsp;</p>

<p><strong>&middot;</strong> Han sabido establecer diferencias entre<br />
&nbsp; la informaci&oacute;n importante y la innecesaria.</p>

<p><strong>&middot;</strong> Han ordenado todos los datos antes<br />
&nbsp; de utilizarlos.</p>

<p><strong>&middot;</strong> Han utilizado los datos correctamente.</p>

<p>________________________________________________________________________&nbsp;&nbsp;&nbsp;&nbsp;&nbsp;&nbsp;&nbsp;&nbsp;&nbsp;&nbsp;&nbsp;&nbsp;&nbsp;&nbsp;&nbsp;&nbsp;&nbsp;&nbsp;&nbsp;&nbsp;&nbsp;&nbsp;&nbsp;&nbsp;&nbsp;&nbsp;&nbsp;&nbsp;&nbsp;&nbsp;&nbsp;&nbsp;&nbsp;&nbsp;&nbsp;&nbsp;&nbsp;&nbsp;&nbsp;&nbsp;&nbsp;&nbsp;&nbsp;&nbsp;&nbsp;&nbsp;&nbsp;&nbsp;&nbsp;&nbsp;&nbsp;&nbsp;&nbsp;&nbsp;&nbsp;&nbsp;&nbsp;&nbsp;&nbsp;&nbsp;&nbsp;&nbsp;&nbsp;&nbsp;&nbsp;&nbsp;</p>

<p><strong>&nbsp;&nbsp;&nbsp;&nbsp;&nbsp;&nbsp;&nbsp;&nbsp;&nbsp;&nbsp;&nbsp;&nbsp;&nbsp;&nbsp;&nbsp;&nbsp;&nbsp;&nbsp;&nbsp;&nbsp;&nbsp;&nbsp;&nbsp;&nbsp;&nbsp;&nbsp;&nbsp;&nbsp;&nbsp;&nbsp;&nbsp;&nbsp;&nbsp;&nbsp;&nbsp;&nbsp;&nbsp;&nbsp;&nbsp;&nbsp;&nbsp;&nbsp;&nbsp;&nbsp;&nbsp;&nbsp;&nbsp;&nbsp;&nbsp;&nbsp;&nbsp;&nbsp;&nbsp;&nbsp;&nbsp;&nbsp;&nbsp;&nbsp;&nbsp;&nbsp;&nbsp;&nbsp;&nbsp;&nbsp;&nbsp;&nbsp;&nbsp;&nbsp;&nbsp;&nbsp;&nbsp;&nbsp;&nbsp;&nbsp;&nbsp;&nbsp;&nbsp;1&nbsp;&nbsp;&nbsp;&nbsp;&nbsp;&nbsp;&nbsp;&nbsp;&nbsp;&nbsp;&nbsp;2&nbsp;&nbsp;&nbsp;&nbsp;&nbsp;&nbsp;&nbsp;&nbsp;&nbsp;&nbsp;&nbsp;3&nbsp;&nbsp;&nbsp;&nbsp;&nbsp;&nbsp;&nbsp;&nbsp;&nbsp;&nbsp;&nbsp;4&nbsp;&nbsp;&nbsp;&nbsp;&nbsp;&nbsp;&nbsp;&nbsp;&nbsp;&nbsp;&nbsp;5</strong>&nbsp;&nbsp;&nbsp;&nbsp;&nbsp;&nbsp;&nbsp;&nbsp;&nbsp;&nbsp;&nbsp;</p>

<p><strong>S&iacute;ntesis</strong>&nbsp;&nbsp;&nbsp;&nbsp;&nbsp;&nbsp;&nbsp;&nbsp;&nbsp;&nbsp;&nbsp;&nbsp;&nbsp;&nbsp;&nbsp;&nbsp;&nbsp;&nbsp;&nbsp;&nbsp;&nbsp;&nbsp;&nbsp;&nbsp;&nbsp;&nbsp;&nbsp;&nbsp;&nbsp;&nbsp;&nbsp;&nbsp;&nbsp;</p>

<p><strong>&middot;</strong> Han dado respuesta a la pregunta principal.</p>

<p><strong>&middot;</strong> Han logrado deducir conclusiones concretas.</p>

<p><strong>&middot;</strong> Han sabido presentar un mural comprensible.</p>

<p><strong>&middot;</strong> Han hecho una exposici&oacute;n oral correcta<br />
&nbsp; y completa.</p>

<p><strong>&middot;</strong> Han respondido las preguntas del auditorio.</p>

<p><strong>&middot;</strong> Han incorporado el contenido audiovisual<br />
&nbsp; de manera adecuada.</p>

<p><strong>&middot;</strong> Han sido creativos.</p>

<p>________________________________________________________________________&nbsp;&nbsp;&nbsp;&nbsp;&nbsp;&nbsp;&nbsp;&nbsp;&nbsp;&nbsp;&nbsp;&nbsp;&nbsp;&nbsp;&nbsp;&nbsp;&nbsp;&nbsp;&nbsp;&nbsp;&nbsp;&nbsp;&nbsp;&nbsp;&nbsp;&nbsp;&nbsp;&nbsp;&nbsp;&nbsp;&nbsp;&nbsp;&nbsp;&nbsp;&nbsp;&nbsp;&nbsp;&nbsp;&nbsp;&nbsp;&nbsp;&nbsp;&nbsp;&nbsp;&nbsp;&nbsp;&nbsp;&nbsp;&nbsp;&nbsp;&nbsp;&nbsp;&nbsp;&nbsp;&nbsp;&nbsp;&nbsp;&nbsp;&nbsp;&nbsp;&nbsp;&nbsp;&nbsp;&nbsp;&nbsp;&nbsp;</p>

<p><strong>&nbsp;&nbsp;&nbsp;&nbsp;&nbsp;&nbsp;&nbsp;&nbsp;&nbsp;&nbsp;&nbsp;&nbsp;&nbsp;&nbsp;&nbsp;&nbsp;&nbsp;&nbsp;&nbsp;&nbsp;&nbsp;&nbsp;&nbsp;&nbsp;&nbsp;&nbsp;&nbsp;&nbsp;&nbsp;&nbsp;&nbsp;&nbsp;&nbsp;&nbsp;&nbsp;&nbsp;&nbsp;&nbsp;&nbsp;&nbsp;&nbsp;&nbsp;&nbsp;&nbsp;&nbsp;&nbsp;&nbsp;&nbsp;&nbsp;&nbsp;&nbsp;&nbsp;&nbsp;&nbsp;&nbsp;&nbsp;&nbsp;&nbsp;&nbsp;&nbsp;&nbsp;&nbsp;&nbsp;&nbsp;&nbsp;&nbsp;&nbsp;&nbsp;&nbsp;&nbsp;&nbsp;&nbsp;&nbsp;&nbsp;&nbsp;&nbsp;&nbsp;1&nbsp;&nbsp;&nbsp;&nbsp;&nbsp;&nbsp;&nbsp;&nbsp;&nbsp;&nbsp;&nbsp;2&nbsp;&nbsp;&nbsp;&nbsp;&nbsp;&nbsp;&nbsp;&nbsp;&nbsp;&nbsp;&nbsp;3&nbsp;&nbsp;&nbsp;&nbsp;&nbsp;&nbsp;&nbsp;&nbsp;&nbsp;&nbsp;&nbsp;4&nbsp;&nbsp;&nbsp;&nbsp;&nbsp;&nbsp;&nbsp;&nbsp;&nbsp;&nbsp;&nbsp;5</strong>&nbsp;&nbsp;&nbsp;&nbsp;&nbsp;&nbsp;&nbsp;&nbsp;&nbsp;&nbsp;&nbsp;</p>

<p><strong>VALORACI&Oacute;N GLOBAL</strong></p>

<p><strong>&middot;</strong> Del trabajo desarrollado.</p>

<p><strong>&middot;</strong> Del documento entregado.</p>

<p><strong>&middot;</strong> Del trabajo en equipo.&nbsp;&nbsp;&nbsp;&nbsp;&nbsp;&nbsp;&nbsp;&nbsp;&nbsp;&nbsp;&nbsp; &nbsp;&nbsp;&nbsp;&nbsp;&nbsp;&nbsp;&nbsp;&nbsp;&nbsp;&nbsp;&nbsp;&nbsp;&nbsp;&nbsp;&nbsp;&nbsp;&nbsp;&nbsp;&nbsp;&nbsp;&nbsp;&nbsp;&nbsp;&nbsp;&nbsp;&nbsp;&nbsp;&nbsp;&nbsp;&nbsp;&nbsp;&nbsp;&nbsp;&nbsp;&nbsp;&nbsp;&nbsp;&nbsp;&nbsp;&nbsp;&nbsp;&nbsp;&nbsp;&nbsp;</p>
]]></section>
</engine>