<?xml version="1.0" encoding="iso-8859-1"?>
<metadata xmlns="urn:InfoRecurso">
  <identificador>RES-DF267945204E4F36BBA3A1F6CE24F818</identificador>
  <loid>CS_08_02_CO_Recurso150</loid>
  <titulo>Refuerza tu aprendizaje: La Independencia centroamericana</titulo>
  <descripcion>Actividad para comprender aspectos de la Independencia de Centroam�rica</descripcion>
  <relacionado>0</relacionado>
  <tiporecurso>Recurso sin ficha</tiporecurso>
  <tiempoestimado>45</tiempoestimado>
  <acciondidactica>Preguntas con respuesta libre</acciondidactica>
  <competencia>Competencia para aprender a aprender</competencia>
  <tipomedia pesado="false" matricula="">Texto</tipomedia>
  <conceptos>
    <concepto>centroamerica</concepto>
  </conceptos>
</metadata>