<?xml version="1.0" encoding="UTF-8"?>
<engine title="Identificación de las características de la Estación Espacial Internacional" copy="Editorial Planeta" version="1" aprid="F13">
  <section title="Presentación" path="medias/section0.jpg" image1Text="&lt;TextFlow&gt;&lt;p&gt;&lt;span&gt;Estación Espacial Internacional.&lt;/span&gt;&lt;/p&gt;&lt;/TextFlow&gt;" zoom1="true" zoom2a="false" zoom2b="false" layout="1"><![CDATA[<TextFlow><p><span>En la década de 1980, las principales agencias espaciales internacionales se pusieron de acuerdo para aunar esfuerzos y construir una estación espacial que se mantuviera en constante órbita alrededor de la Tierra. La denominada Estación Espacial Internacional (EEI) comenzó a desarrollarse en 1998 y hoy en día constituye un importante centro de investigación en el espacio, con una tripulación permanente que lleva a cabo distintas actividades de mantenimiento y estudio.</span></p><p><span></span></p><p><span fontSize="12" fontWeight="bold">El objetivo de esta actividad es que conozcas la Estación Espacial Internacional, sus características y funciones, usando como punto de partida un video donde el astronauta español Pedro Duque recorre la estación espacial.</span></p><p><span></span></p><p><span>Antes de ver el video y realizar la actividad, te recomendamos que te informes acerca de la Estación Espacial Internacional.</span></p><p><span></span></p></TextFlow>]]></section>
  <section title="Tarea" zoom1="false" zoom2a="false" zoom2b="false" layout="2"><![CDATA[<TextFlow><p><span>Para realizar esta tarea revisa el material que te indicamos y sigue los pasos del procedimiento.</span></p><p><span></span></p><p><span fontSize="12" fontWeight="bold">Material:</span></p><p><span fontSize="12" fontWeight="bold"></span></p><p paragraphStartIndent="20" styleName="bullet"><span>Tour a través de la Estación Espacial Internacional (</span><a href="http://youtu.be/_My6HxiDAWY" target="_blank"><span>Parte 1</span></a><span>).</span></p><p paragraphStartIndent="20" styleName="bullet"><span>Tour a través de la Estación Espacial Internacional (</span><a href="http://youtu.be/_yJq9f6lGEg" target="_blank"><span>Parte 2</span></a><span>).</span></p><p><span></span></p><p><span fontSize="12" fontWeight="bold">Procedimiento:</span></p><p><span></span></p><p><span>1.º Visualiza los vídeos del recorrido por la Estación Espacial Internacional ofrecido por Pedro Duque.</span></p><p><span></span></p><p><span>2.º Escribe las actividades que se realizan en la Estación Espacial Internacional.</span></p><p><span></span></p><p><span>3.º Anota las características sobre la Estación Espacial Internacional que Pedro Duque va comentando: usos, comida, actividades, módulos, desplazamiento, etc.</span></p><p><span></span></p><p><span>Una vez recopilada toda la información, contesta a las preguntas siguientes:</span></p><p><span></span></p><p paragraphStartIndent="20" styleName="bullet"><span>¿Qué característica fomenta que se realicen experimentos en la Estación Espacial Internacional?</span></p><p paragraphStartIndent="20" styleName="bullet"><span>¿Por qué crees que es tan importante que los astronautas hagan ejercicio para trabajar los músculos?</span></p><p paragraphStartIndent="20" styleName="bullet"><span>¿Por qué razón sujetan todos los objetos con cuerdas a las paredes?</span></p><p paragraphStartIndent="20" styleName="bullet"><span fontSize="12">¿Por qué la EEI está separada en módulos?</span></p><p paragraphStartIndent="20" styleName="bullet"><span fontSize="12"></span></p></TextFlow>]]></section>
</engine>
