﻿<?xml version="1.0" encoding="utf-8"?>
<motor tipo="101" clase="a" aprid="M101a">
  <plataforma>
    <grado><![CDATA[2]]></grado>
    <titulo>Refuerza tu aprendizaje: Los orígenes de la Revolución Industrial</titulo>
    <area>2</area>
    <nivel>2</nivel>
    <referencia><![CDATA[CS_10_03]]></referencia>
    <idreg><![CDATA[3975]]></idreg>
    <motor><![CDATA[M101AP]]></motor>
    <lang>es</lang>
  </plataforma>
  <enunciado><![CDATA[Realiza la siguiente actividad. Cuando termines haz clic en enviar. Si es necesario, entrega las respuestas por escrito.]]></enunciado>
  <masinfo inicio="0" />
  <calc><![CDATA[0]]></calc>
  <preguntas cantidad="6">
    <pregunta>
      <enunciado><![CDATA[Explica en qué consistió la Revolución Industrial e indica la época en la que se llevó a cabo.]]></enunciado>
      <explicacion />
      <nivel><![CDATA[1]]></nivel>
      <tipo />
      <imagen />
      <ampliacion />
      <texto />
    </pregunta>
    <pregunta>
      <enunciado><![CDATA[Menciona los factores que permitieron el desarrollo de la Revolución Industrial en Gran Bretaña a finales del siglo XVIII.]]></enunciado>
      <explicacion />
      <nivel><![CDATA[2]]></nivel>
      <tipo />
      <imagen />
      <ampliacion />
      <texto />
    </pregunta>
    <pregunta>
      <enunciado><![CDATA[Explica por qué el paso de una monarquía absoluta a una monarquía parlamentaria contribuyó al desarrollo de la Revolución Industrial en Gran Bretaña.]]></enunciado>
      <explicacion />
      <nivel><![CDATA[3]]></nivel>
      <tipo />
      <imagen />
      <ampliacion />
      <texto />
    </pregunta>
    <pregunta>
      <enunciado><![CDATA[Busca información sobre los {{cur}}Enclosure Acts{{normal}}. Describe qué implicaciones tuvieron para la economía británica. ]]></enunciado>
      <explicacion />
      <nivel><![CDATA[3]]></nivel>
      <tipo />
      <imagen />
      <ampliacion />
      <texto />
    </pregunta>
    <pregunta>
      <enunciado><![CDATA[Busca información sobre el sistema de cultivo Norfolk. Explica en qué consistía y las mejoras que aportó a la agricultura.]]></enunciado>
      <explicacion />
      <nivel><![CDATA[1]]></nivel>
      <tipo />
      <imagen />
      <ampliacion />
      <texto />
    </pregunta>
    <pregunta>
      <enunciado><![CDATA[Describe en qué consistieron las migraciones transoceánicas y el crecimiento demográfico a mediados del siglo XIX. Explica las razones que las motivaron.]]></enunciado>
      <explicacion />
      <nivel><![CDATA[2]]></nivel>
      <tipo />
      <imagen />
      <ampliacion />
      <texto />
    </pregunta>
  </preguntas>
  <temps>40</temps>
</motor>