﻿<?xml version="1.0" encoding="utf-8"?><motor tipo="102" clase="ab" aprid="m102ab">
  <plataforma>
    <grado><![CDATA[2]]></grado>
    <titulo>Competencias:  comparar las estructuras de población de los grupos étnicos de Colombia</titulo>
    <volumen><![CDATA[1]]></volumen>
    <nivel><![CDATA[1]]></nivel>
    <referencia><![CDATA[EX_PLANTILLA_M102AB]]></referencia>
    <motor><![CDATA[M102ab]]></motor>
    <lang>es</lang>
  </plataforma>
  <enunciado><![CDATA[Elabora la actividad y entrégala al profesor, adjuntando el archivo o via email, para que pueda evaluarla. ]]></enunciado>
  <masinfo inicio="0"/>
  <textoupload/>
  <adjunto/>
  <url/>
  <amano><![CDATA[0]]></amano>
  <temps>120</temps>
</motor>