﻿<?xml version="1.0" encoding="utf-8"?>
<motor tipo="2" clase="a" aprid="M2a">
  <plataforma>
    <grado><![CDATA[2]]></grado>
    <titulo>Conoce la biografía de Cristóbal Colón</titulo>
    <volumen><![CDATA[2]]></volumen>
    <nivel><![CDATA[1]]></nivel>
    <referencia><![CDATA[cs_08_14_08]]></referencia>
    <id_reg><![CDATA[75]]></id_reg>
    <motor><![CDATA[M2a]]></motor>
    <lang>es</lang>
  </plataforma>
  <enunciado><![CDATA[Completa el siguiente perfil biográfico sobre la figura del descubridor del Nuevo Mundo.]]></enunciado>
  <masinfo inicio="0" />
  <calc><![CDATA[0]]></calc>
  <sonido />
  <textoacategoria>
    <cuestion>
      <pregunta><![CDATA[Según los documentos hallados, Cristóbal Colón era un navegante de origen [*]. Durante varios años recorrió el [*] al servicio de varias compañías mercantiles. En 1476 se instaló en [*], donde se convirtió en un experto marino. Fue allí donde desarrolló su idea de navegar hacia [*] para llegar a [*].  Presentó su proyecto a [*], pero el rechazo real lo llevó a [*], donde después de años de negociaciones, obtuvo el patrocinio de [*]. Una vez firmadas las [*] de Santa Fe, Colón pudo iniciar los preparativos del viaje que le llevaría a [*]. Después del primer viaje, Colón cruzaría en otras tres ocasiones el [*], aunque nunca llegó a saber que había llegado a un [*].]]></pregunta>
      <respuestas>
        <respuesta orden="1"><![CDATA[genovés]]></respuesta>
        <respuesta orden="2"><![CDATA[Mediterráneo]]></respuesta>
        <respuesta orden="3"><![CDATA[Portugal]]></respuesta>
        <respuesta orden="4"><![CDATA[Occidente]]></respuesta>
        <respuesta orden="5"><![CDATA[Oriente]]></respuesta>
        <respuesta orden="6"><![CDATA[Juan II]]></respuesta>
        <respuesta orden="7"><![CDATA[Castilla]]></respuesta>
        <respuesta orden="8"><![CDATA[Isabel la Católica]]></respuesta>
        <respuesta orden="9"><![CDATA[Capitulaciones]]></respuesta>
        <respuesta orden="10"><![CDATA[América]]></respuesta>
        <respuesta orden="11"><![CDATA[Atlántico]]></respuesta>
        <respuesta orden="12"><![CDATA[Nuevo Mundo]]></respuesta>
      </respuestas>
    </cuestion>
  </textoacategoria>
  <textofalso cantidad="2">
    <falso><![CDATA[Oriente]]></falso>
    <falso><![CDATA[Pacífico]]></falso>
  </textofalso>
</motor>