<?xml version="1.0" encoding="UTF-8"?>
<engine title="Estudio del impacto de la economía en el medio ambiente" copy="Editorial Planeta" version="1" aprid="F13">
  <section title="Presentación" path="medias/section0.jpg" image1Text="&lt;TextFlow&gt;&lt;p&gt;&lt;span&gt;Humo producido por una industria contaminante en Zaragoza.&lt;/span&gt;&lt;/p&gt;&lt;/TextFlow&gt;" zoom1="true" zoom2a="false" zoom2b="false" layout="0"><![CDATA[<TextFlow><p><span>Desde sus orígenes, la actividad humana ha tenido un impacto más o menos acusado en el medio ambiente: la roturación de nuevas tierras, la desecación de zonas pantanosas, la tala de bosques, etc.</span></p><p><span></span></p><p><span>Sin embargo, a partir del siglo XIX se produjo un cambio radical en la economía. La revolución industrial supuso el inicio de una nueva era dominada por la industria. Desde entonces, el impacto de las actividades económicas en el medio ambiente se ha visto agravado. </span></p><p><span></span></p><p><span fontSize="12" fontWeight="bold">El objetivo de esta práctica es identificar el impacto que las actividades económicas de nuestro territorio tienen sobre el medio ambiente.</span><span> </span></p><p><span></span></p><p><span>Antes de empezar la actividad y, para hacer un breve repaso a los conceptos clave, responde a las siguientes preguntas:</span></p><p><span></span></p><p paragraphStartIndent="20" styleName="bullet"><span>¿Cómo influyen las actividades propias del sector primario en el medio ambiente?</span></p><p paragraphStartIndent="20" styleName="bullet"><span>¿De qué modo pueden las actividades del sector secundario dañar la naturaleza?</span></p><p paragraphStartIndent="20" styleName="bullet"><span>¿Cuál consideras que es el impacto del sector terciario en el medio ambiente?</span></p><p paragraphStartIndent="20" styleName="bullet"><span>¿Conoces algún ejemplo de impacto medioambiental en tu comunidad causado por las actividades económicas?</span></p><p><span></span></p></TextFlow>]]></section>
  <section title="Tarea" path="medias/section1.jpg" image1Text="&lt;TextFlow&gt;&lt;p&gt;&lt;span&gt;Uno de los muchos viaductos de la autopista E5-E80, en el País Vasco.&lt;/span&gt;&lt;/p&gt;&lt;/TextFlow&gt;" zoom1="true" zoom2a="false" zoom2b="false" layout="0"><![CDATA[<TextFlow><p><span>Para realizar la práctica necesitarás el siguiente material y deberás seguir el procedimiento indicado más abajo.</span></p><p><span> </span></p><p><span fontSize="12" fontWeight="bold">Material:</span></p><p><span></span></p><p paragraphStartIndent="20" styleName="bullet"><span>Bloc, lápiz, goma, bolígrafo, etc.</span></p><p paragraphStartIndent="20" styleName="bullet"><span>Información sobre el tema.</span></p><p><span></span></p><p><span fontSize="12" fontWeight="bold">Procedimiento:</span></p><p><span></span></p><p><span>1.º Busca información sobre el impacto que las actividades económicas de los distintos sectores económicos hayan podido tener en el medio ambiente de tu comunidad.</span></p><p><span></span></p><p><span>2.º Crea una tabla en la que deberán constar ejemplos concretos de impactos ambientales de los distintos sectores económicos (primario, secundario y terciario) en tu territorio. Por ejemplo: </span><span fontSize="12">el accidente del Prestige</span><span>.</span></p><p><span></span></p><p><span>3.º Determina, en base a la información obtenida, los siguientes aspectos a tener en cuenta sobre cada uno de los impactos ambientales:</span></p><p><span></span></p><p paragraphStartIndent="20" styleName="bullet"><span>De qué tipo de impacto se trata: emisión de gases, vertido incontrolado, etc.</span></p><p paragraphStartIndent="20" styleName="bullet"><span>A qué afecta: aire, agua, suelo, etc.</span></p><p paragraphStartIndent="20" styleName="bullet"><span>Cuáles son sus consecuencias: contaminación, deforestación, etc.</span></p><p paragraphStartIndent="20" styleName="bullet"><span>Nivel de impacto: bajo, medio, alto.</span></p><p><span></span></p><p><span>Para acabar, redacta una breve reflexión sobre el impacto de las actividades económicas en tu territorio y sugiere formas de reducir su incidencia en el medio ambiente.</span></p><p><span></span></p></TextFlow>]]></section>
</engine>
