﻿<?xml version="1.0" encoding="UTF-8"?><motor tipo="102" clase="ab" aprid="M102ab"><plataforma><grado>2</grado><titulo>Proyecto: análisis de la relación entre plano y problemas urbanos</titulo><volumen /><nivel>2</nivel><referencia /><motor /><lang>es</lang></plataforma><calc>0</calc><textoupload /><enunciado><![CDATA[Desarrolla este proyecto siguiendo las indicaciones de tu profesor o profesora.]]></enunciado><masinfo inicio="0" /><adjunto>Principal.html</adjunto><url /><amano>0</amano></motor>