﻿<?xml version="1.0" encoding="UTF-8"?>
<!--Arbortext, Inc., 1988-2013, v.4002-->
<motor tipo="101" clase="a" aprid="M101a">
  <plataforma>
    <grado><![CDATA[2]]></grado>
    <titulo>Refuerza tu aprendizaje: Las revoluciones inglesas</titulo>
    <area>2</area>
    <nivel>2</nivel>
    <referencia><![CDATA[CS_10_01]]></referencia>
    <idreg><![CDATA[2740]]></idreg>
    <motor><![CDATA[M101A]]></motor>
    <lang>es</lang>
  </plataforma>
  <enunciado><![CDATA[Realiza la siguiente actividad. Cuando termines haz clic en Enviar. Si es necesario, entrega las respuestas en mano o por email a tu profesor para que pueda validarlas.]]></enunciado>
  <masinfo inicio="0" />
  <calc><![CDATA[1]]></calc>
  <preguntas cantidad="3">
    <pregunta>
      <enunciado><![CDATA[Explica qué es la Commonwealth y qué crees que significó para el resto de las monarquías de Europa.]]></enunciado>
      <explicacion />
      <nivel><![CDATA[1]]></nivel>
      <tipo />
      <imagen />
      <ampliacion />
    </pregunta>
    <pregunta>
      <enunciado><![CDATA[Indica qué rey inglés limitó sus poderes aceptando y jurando la declaración de Derechos y reflexiona sobre las razones que podrían haberle llevado a ello.]]></enunciado>
      <explicacion />
      <nivel><![CDATA[2]]></nivel>
      <tipo />
      <imagen />
      <ampliacion />
    </pregunta>
    <pregunta>
      <enunciado><![CDATA[Razona por qué crees que Carlos I Estuardo fracasó en su intento de implantar un régimen absolutista en el Reino de Gran Bretaña. Detalla cuáles fueron las causas.]]></enunciado>
      <explicacion />
      <nivel><![CDATA[2]]></nivel>
      <tipo />
      <imagen />
      <ampliacion />
    </pregunta>
  </preguntas>
</motor>