﻿<?xml version="1.0" encoding="utf-8"?><engine copy="Editorial Planeta" version="1" aprid="f7b"><main layout="1">
<title>Características del relieve de Colombia</title>
<footer>Escoge una imagen</footer>
</main>
<sections>
<section i="0" star="false" hasSubsections="false">
<menuImage path="Cordillera%20de%20los%20Andes%20Colombia.jpg" border="0">
<title><![CDATA[Sistema montañoso de los Andes]]></title>
</menuImage>
<pages>
<page i="0" visible="true" color="">
<title>Cordillera de los Andes</title>
<description><![CDATA[<p style="text-align:justify">Es el principal sistema monta&ntilde;oso de Colombia. Ubicada en el norte de Sur Am&eacute;rica, hace parte de la <strong>gran cordillera de los Andes </strong>que recorre el subcontinente de sur a norte. En Colombia, la cordillera viene desde el sur, y se&nbsp;dividide en tres ramales desde el <strong>Nudo de los Pastos</strong> donde nace la <strong>Cordillera Occidental</strong>, y nuevamente&nbsp;en el <strong>Maziso Colombiano</strong>, donde se originan la&nbsp;<strong>Cordillera Central</strong>&nbsp;y la <strong>Cordillera Oriental</strong>.</p>
]]></description>
<images>
<image path="Cordillera%20de%20los%20Andes.jpg" border = "0" pathbig="Cordillera%20de%20los%20Andes.jpg">
<title><![CDATA[Cordillera de los Andes en Colombia]]></title>
</image>
</images>
</page>
<page i="0" visible="true" color="">
<title>Cordillera Occidental</title>
<description><![CDATA[<p style="text-align:justify">En el <strong>Nudo de los Pastos</strong> nace la Cordillera Occidental, que se divide de la Cordillera de los Andes por el valle del <strong>R&iacute;o Pat&iacute;a</strong> y, a partir del Macizo Colombiano, las divide el valle que forma el <strong>R&iacute;o Cauca</strong>.&nbsp;Es la menos alta de las tres cordilleras con un promedio de 2000 m.s.n.m., siendo su m&aacute;xima altura&nbsp;el <strong>Volc&aacute;n de Cumbal</strong> al sur del pa&iacute;s con <strong>4764 m.s.n.m</strong>.</p>

<p style="text-align:justify">Al norte, en el <strong>Nudo de Paramillo</strong>, se divide en tres ramales que formando las serran&iacute;as de <strong>Abibe</strong>, <strong>San Jer&oacute;nimo</strong> y <strong>Ayapel</strong>.&nbsp;Entre sus principales elevaciones se destacan, el <strong>Volc&aacute;n Cumbal, Volc&aacute;n Azufr&aacute;l, Volc&aacute;n Chiles,&nbsp;los Farallones de Cali y el Cerro Tatam&aacute;.</strong></p>
]]></description>
<images>
<image path="imagenDummy-MotorF.jpg" border = "0" pathbig="imagenDummy-MotorF.jpg">
<title><![CDATA[Nudo de los Pastos]]></title>
</image>
<image path="imagenDummy-MotorF.jpg" border = "0" pathbig="imagenDummy-MotorF.jpg">
<title><![CDATA[Volcán Cumbal]]></title>
</image>
<image path="imagenDummy-MotorF.jpg" border = "0" pathbig="imagenDummy-MotorF.jpg">
<title><![CDATA[Cerro Tatamá]]></title>
</image>
<image path="imagenDummy-MotorF.jpg" border = "0" pathbig="imagenDummy-MotorF.jpg">
<title><![CDATA[Volcán Azufral]]></title>
</image>
<image path="imagenDummy-MotorF.jpg" border = "0" pathbig="imagenDummy-MotorF.jpg">
<title><![CDATA[Farallones de Cali]]></title>
</image>
<image path="imagenDummy-MotorF.jpg" border = "0" pathbig="imagenDummy-MotorF.jpg">
<title><![CDATA[]]></title>
</image>
</images>
</page>
<page i="0" visible="true" color="">
<title>Cordillera Central</title>
<description><![CDATA[<p style="text-align: justify;">La Cordillera Central nace en el <strong>Macizo Colombiano</strong>, tambi&eacute;n llamado <em>estrella fluvial de Colombiana</em>. Desde este punto queda separado de la Cordillera Occidental por el <strong>valle del R&iacute;o Cauca</strong> y de la Cordillera Oriental por el <strong>valle del R&iacute;o Magadalena</strong>.&nbsp;Es la m&aacute;s alta de las tres cordilleras, con un promedio de <strong>3000 m.s.n.m.</strong>, siendo su m&aacute;xima altura el <strong>Nevado del Huila con&nbsp;5364 m.s.n.m</strong>.</p>

<p style="text-align: justify;">La Cordillera Central culmina al norte en la <strong>Serran&iacute;a de san Lucas</strong>.&nbsp;Entre sus elevaciones se destacan varios volcanes y nevados como el <strong>Nevado del Huila, Nevado Ru&iacute;z, Nevado del Tolima, Nevado del Quind&iacute;o y el&nbsp;Nevado de Santa Isabel</strong>.&nbsp;</p>

<p style="text-align: justify;">&nbsp;</p>
]]></description>
<images>
<image path="imagenDummy-MotorF.jpg" border = "0" pathbig="imagenDummy-MotorF.jpg">
<title><![CDATA[Macizo Colombiano]]></title>
</image>
<image path="imagenDummy-MotorF.jpg" border = "0" pathbig="imagenDummy-MotorF.jpg">
<title><![CDATA[Nevado del Huila]]></title>
</image>
<image path="imagenDummy-MotorF.jpg" border = "0" pathbig="imagenDummy-MotorF.jpg">
<title><![CDATA[Nevado del Tolima]]></title>
</image>
<image path="imagenDummy-MotorF.jpg" border = "0" pathbig="imagenDummy-MotorF.jpg">
<title><![CDATA[Nevado del Ruíz]]></title>
</image>
<image path="imagenDummy-MotorF.jpg" border = "0" pathbig="imagenDummy-MotorF.jpg">
<title><![CDATA[Nevado de Santa Isabel]]></title>
</image>
<image path="imagenDummy-MotorF.jpg" border = "0" pathbig="imagenDummy-MotorF.jpg">
<title><![CDATA[Serranía de San Lucas]]></title>
</image>
</images>
</page>
<page i="0" visible="true" color="">
<title>Cordillera Oriental</title>
<description><![CDATA[<p style="text-align:justify">Es la m&aacute;s larga de las tres cordilleras, su nacimiento es en el <strong>Macizo Colombiano</strong> y se separa de la Cordillera Central por el valle del <strong>R&iacute;o Magdalena</strong>.&nbsp;El promedio de elevaci&oacute;n de la Cordillera Oriental es <strong>2500 m.s.n.m.</strong>;&nbsp;su m&aacute;xima altura se encuentra en la <strong>Sierra Nevada del Cocuy</strong>, en el<strong>&nbsp;</strong>pico<strong> Ritacuba Blanco</strong> con <strong>5410 m.s.n.m.</strong></p>

<p style="text-align:justify">En el <strong>Nudo de Santurb&aacute;n</strong> se bifurca en dos formando la&nbsp;<strong>Serran&iacute;a&nbsp;de Merida</strong> que se extiende hacia Venezuela, y del lado colombiano en la <strong>Serran&iacute;a de los Motilones</strong> y luego la <strong>Serran&iacute;a del Perij&aacute;</strong> que desciende finalmente en la pen&iacute;nsula de la Guajira.&nbsp;Entre las elevaciones y accidentes geogr&aacute;ficos m&aacute;s importantes de esta cordillera est&aacute; el <strong>Nevado del Cocuy</strong>,&nbsp;los <strong>p&aacute;ramos de Chingaza, Sumap&aacute;z, Pisba y Santurb&aacute;n</strong>, el <strong>Ca&ntilde;&oacute;n del R&iacute;o Chicamocha</strong>, y el <strong>altiplano Cundiboyacense</strong>.</p>

<p style="text-align:justify">&nbsp;</p>
]]></description>
<images>
<image path="Nevado%20del%20Cocuy.jpg" border = "0" pathbig="Nevado%20del%20Cocuy.jpg">
<title><![CDATA[Nevado del Cocouy]]></title>
</image>
<image path="Pa%CC%81ramo%20de%20Chingaza.jpg" border = "0" pathbig="Pa%CC%81ramo%20de%20Chingaza.jpg">
<title><![CDATA[Páramo de Chingaza]]></title>
</image>
<image path="Pa%CC%81ramo%20de%20Sumapaz.jpg" border = "0" pathbig="Pa%CC%81ramo%20de%20Sumapaz.jpg">
<title><![CDATA[Páramo de Sumapaz]]></title>
</image>
<image path="imagenDummy-MotorF.jpg" border = "0" pathbig="imagenDummy-MotorF.jpg">
<title><![CDATA[Páramo de Pisba]]></title>
</image>
<image path="imagenDummy-MotorF.jpg" border = "0" pathbig="imagenDummy-MotorF.jpg">
<title><![CDATA[Páramo de Santurbán]]></title>
</image>
<image path="Can%CC%83o%CC%81n%20del%20Chicamocha.jpg" border = "0" pathbig="Can%CC%83o%CC%81n%20del%20Chicamocha.jpg">
<title><![CDATA[Cañón del Río Chicamocha]]></title>
</image>
<image path="Altiplano%20Cundiboyacense.jpg" border = "0" pathbig="Altiplano%20Cundiboyacense.jpg">
<title><![CDATA[Altiplano Cundiboyacense]]></title>
</image>
</images>
</page>
<page i="0" visible="true" color="">
<title>Valles Interandinos</title>
<description><![CDATA[<p style="text-align:justify">Los valles interandinos son <strong>depresiones tect&oacute;nicas</strong> que separan las cordilleras&nbsp;dando lugar a&nbsp;cuencas estructurales que se han&nbsp;conformado&nbsp;por el curso de los <strong>r&iacute;os Cauca y Magdalena</strong>&nbsp;dividiendo&nbsp;los tres ramales cordilleranos.</p>

<p style="text-align:justify">Estos valles se van formando en alturas de <strong>5000 m.s.n.m. </strong>al sur de la cordillera,<strong>&nbsp;</strong>en el que se habla del <strong>alto Cauca y alto Magdalena</strong>,&nbsp;y van desendiendo al nivel del mar en el <strong>medio Cauca y Magdalena medio</strong>&nbsp;hasta llegar las sabanas del caribe, donde desaparece el valle en el <strong>bajo Cauca y bajo Magdalena</strong>; all&iacute;&nbsp;el R&iacute;o Cauca se une con el Magdalena y este desemboca en el&nbsp;en el <strong>Mar Caribe.</strong></p>

<p style="text-align:justify">A trav&eacute;s de su recorrido se van abriendo valles que, de acuerdo a su altitud, presentan ecosistemas particulares&nbsp;sumamente <strong>f&eacute;rtiles </strong>por su composici&oacute;n rocosa rica en <strong>suelos volc&aacute;nicos</strong>, lo que ha favorecido el desarrollo de zonas&nbsp;altamente productivas;&nbsp;sin embargo, en los sectores m&aacute;s bajos predomina&nbsp;la <strong>selva tropical</strong> que est&aacute; <strong>en v&iacute;a de extinci&oacute;n por la ampliaci&oacute;n de la frontera agr&iacute;cola</strong>.</p>
]]></description>
<images>
<image path="Valle%20del%20Ri%CC%81o%20Cauca%20en%20Santafe%20de%20Antioquia.jpg" border = "0" pathbig="Valle%20del%20Ri%CC%81o%20Cauca%20en%20Santafe%20de%20Antioquia.jpg">
<title><![CDATA[Valle del Río Cauca ]]></title>
</image>
<image path="Valle%20del%20Ri%CC%81o%20Magdalena.jpg" border = "0" pathbig="Valle%20del%20Ri%CC%81o%20Magdalena.jpg">
<title><![CDATA[Valle del Río Magdalena]]></title>
</image>
</images>
</page>
</pages>
</section><section i="0" star="false" hasSubsections="false">
<menuImage path="Llanuras%20de%20Colombia.jpg" border="0">
<title><![CDATA[Llanuras y sabanas]]></title>
</menuImage>
<pages>
<page i="0" visible="true" color="">
<title>Llanura del Orinoco</title>
<description><![CDATA[<p style="text-align:justify">Esta gran llanura pertenece al tipo de <strong>relieve plano</strong>, determinado sobre todo por la presencia de sabanas y pastisales -donde se ha desarrollado ampliamenta la ganader&iacute;a-,&nbsp;lagunas y r&iacute;os que la atraviesan de occidente a oriente y desembocan en el <strong>R&iacute;o Orinoco</strong>.</p>

<p style="text-align:justify">Esta llanura se extiende desde la <strong>Cordillera Oriental</strong> y va hasta la frontera con Venezuela, al norte con el <strong>R&iacute;o Arauca</strong> y al oriente con el <strong>R&iacute;o Orinoco;</strong>&nbsp;al sur llega hasta el <strong>R&iacute;o Guaviare</strong> donde empieza la llanura amaz&oacute;nica.</p>

<p>&nbsp;</p>
]]></description>
<images>
<image path="Llanos%20orientales.jpg" border = "0" pathbig="Llanos%20orientales.jpg">
<title><![CDATA[Llanos orientales]]></title>
</image>
</images>
</page>
<page i="0" visible="true" color="">
<title>Llanura amazónica</title>
<description><![CDATA[<p style="text-align:justify">La Amazon&iacute;a colombiana es una <strong>llanura selv&aacute;tica</strong> que posee la <strong>mayor diversidad de fauna y flora</strong> del pa&iacute;s. Tambi&eacute;n es rica en yacimientos minerales y en recursos h&iacute;dricos.</p>

<p style="text-align:justify">La llanura amaz&oacute;nica se extiende por el sur de pa&iacute;s desde la <strong>Cordillera Oriental </strong>hacia el occidente, y est&aacute; limitada por el <strong>R&iacute;o&nbsp;Guaviare</strong>,&nbsp;al norte, y los <strong>r&iacute;os Putumayo y Amazonas</strong> al sur.&nbsp;</p>
]]></description>
<images>
<image path="llanura%20amazo%CC%81nica.jpg" border = "0" pathbig="llanura%20amazo%CC%81nica.jpg">
<title><![CDATA[Llanura amazónica]]></title>
</image>
</images>
</page>
<page i="0" visible="true" color="">
<title>Sabanas del Caribe</title>
<description><![CDATA[<p style="text-align: justify;">Las sabanas del Caribe son grandes llanuras bajas, que se ubican en la regi&oacute;n norte del pa&iacute;s. Su caracter&iacute;stica principal es la presencia de grandes ci&eacute;nagas comprendidas entre los cauces de los <strong>R&iacute;os Cauca, Magdalena, Cesar, Sin&uacute; y San Jorge</strong>, que desembocan en el <strong>Mar Caribe</strong>.</p>

<p style="text-align: justify;">As&iacute; mismo esta regi&oacute;n ha sido aprovechada para la ganader&iacute;a porque se ha generado el cultivo de pastos no siempre favorable al ecosistema natural.</p>

<p style="text-align: justify;">&nbsp;</p>
]]></description>
<images>
<image path="imagenDummy-MotorF.jpg" border = "0" pathbig="imagenDummy-MotorF.jpg">
<title><![CDATA[Sabanas de Caribe]]></title>
</image>
</images>
</page>
<page i="0" visible="true" color="">
<title>Llanura del Pacífico</title>
<description><![CDATA[<p style="text-align: justify;">Esta llanura es un franja&nbsp;estrecha&nbsp;de llanura baja que va desde la <strong>Cordillera Occidental</strong> hasta el <strong>Oc&eacute;ano Pac&iacute;fico</strong>, y es recorrida por los <strong>r&iacute;os Atrato, San&nbsp;Juan y Pat&iacute;a</strong> que desembocan en el oc&eacute;ano.</p>

<p style="text-align: justify;">Su caracter&iacute;stica principal es la presencia de <strong>selva h&uacute;meda tropical</strong> que la hace una <strong>zona biodiversa</strong> y con grandes riquezas minerales.</p>
]]></description>
<images>
<image path="imagenDummy-MotorF.jpg" border = "0" pathbig="imagenDummy-MotorF.jpg">
<title><![CDATA[Llanura del Pacífico]]></title>
</image>
</images>
</page>
</pages>
</section><section i="0" star="false" hasSubsections="false">
<menuImage path="Sierra%20Nevada%20de%20Santa%20Marta.jpg" border="0">
<title><![CDATA[Sistemas montañosos independientes]]></title>
</menuImage>
<pages>
<page i="0" visible="true" color="">
<title>Sierra Nevada de Santa Marta</title>
<description><![CDATA[<p style="text-align: justify;">La Sierra Nevada de Santa Marta es un <strong>sistema monta&ntilde;oso aislado</strong> de la Cordillera de los Andes y&nbsp;ubicado al norte del pa&iacute;s, sobre la <strong>costa caribe colombiana</strong>.&nbsp;Es considerada la formaci&oacute;n <strong>monta&ntilde;osa costera m&aacute;s alta del mundo</strong> ya que se eleva abruptamente desde el Mar Caribe hasta llegar a los&nbsp;<strong>5775 m.s.n.m.</strong> y es tambi&eacute;n la <strong>monta&ntilde;a m&aacute;s alta del pa&iacute;s</strong>.</p>

<p style="text-align: justify;">Tiene una apariencia&nbsp;piramidal&nbsp;y cuenta con una superficie aproximada de&nbsp;<strong>17000 Km<sup>2</sup></strong>, que es limitada al nororiente por el <strong>R&iacute;o Rancher&iacute;a</strong>, al suroriente por el <strong>R&iacute;o Cesar</strong>, y al occidente por la&nbsp;planicie del <strong>R&iacute;o Magdalena</strong>,&nbsp;la <strong>Ci&eacute;naga Grande del Magdalena y&nbsp;el Mar Caribe</strong>.</p>

<p>&nbsp;</p>
]]></description>
<images>
<image path="Sierra%20Nevada%20de%20Santa%20Marta%202.jpg" border = "0" pathbig="Sierra%20Nevada%20de%20Santa%20Marta%202.jpg">
<title><![CDATA[Sierra Nevada de Santa Marta]]></title>
</image>
</images>
</page>
<page i="0" visible="true" color="">
<title>Serranía de la Macarena</title>
<description><![CDATA[<p style="text-align: justify;">La Serran&iacute;a de la Macarena es un <strong>sistema monta&ntilde;oso aislado </strong>que se ubica al suroriente de la Cordillera Oriental, encontrandose en la convegencia de tres ecosistemas, el andino, el amaz&oacute;nico y orinoquense. Pertenece al <strong>Escudo Guayan&eacute;s</strong> y es uno de los <strong>macizos m&aacute;s antiguos del mundo</strong>.</p>

<p style="text-align: justify;">La superficie apr&oacute;ximada de la serran&iacute;a es de <strong>120 km de largo y 30 de ancho</strong>, conuna altura promedio de <strong>1600 m.s.n.m.&nbsp;</strong>Su ecosistema es particular debido a la presencia de flora y faunas &uacute;nicas en todo el territorio colombiano.</p>
]]></description>
<images>
<image path="Serrani%CC%81a%20de%20la%20Macarena.jpg" border = "0" pathbig="Serrani%CC%81a%20de%20la%20Macarena.jpg">
<title><![CDATA[Serranía de la Macarena]]></title>
</image>
</images>
</page>
<page i="0" visible="true" color="">
<title>Serranía del Baudó</title>
<description><![CDATA[<p style="text-align:justify">Este <strong>sistema monta&ntilde;oso aislado</strong>&nbsp;se ubica al occidente de Colombia, separado de la Cordillera Occidental por el valle del <strong>R&iacute;o Atrato</strong>. Al sur est&aacute; limitada por el <strong>R&iacute;o Baud&oacute;</strong>, al occidente emerge paralelamente al <strong>Oc&eacute;ano Pac&iacute;fico</strong> y al norte colinda con la <strong>Serran&iacute;a dle Dari&eacute;n</strong>.</p>

<p style="text-align:justify">La superficie apr&oacute;ximada de la serran&iacute;a es de <strong>1000 km<sup>2</sup></strong>, y su altura m&aacute;xima se ubica en el <strong>Alto del Buey a 1800 m.s.n.m. </strong>Tiene un ecosistema escencialmente selv&aacute;tico y su suelo es altamente rico en recursos minerales.</p>
]]></description>
<images>
<image path="imagenDummy-MotorF.jpg" border = "0" pathbig="imagenDummy-MotorF.jpg">
<title><![CDATA[Serranía del Baudó]]></title>
</image>
</images>
</page>
<page i="0" visible="true" color="">
<title>Serranía del Darién</title>
<description><![CDATA[<p style="text-align: justify;">La Serran&iacute;a del Dari&eacute;n es un <strong>sistema monta&ntilde;oso independiente </strong>ubicado en el noroccidente del pa&iacute;s y&nbsp;que ha servido de <strong>frontera natural entre Colombia y Panam&aacute;</strong>, separada de la Cordillera Occidental por el valle del <strong>R&iacute;o Atrato</strong>.</p>

<p style="text-align: justify;">Su altura m&aacute;xima se ubica en el <strong>Cerro Tacarcuna a 1875 m.s.n.m.</strong> El ecosistema de la serran&iacute;a es la selva humeda tropical y es <strong>una de la regiones con mayor biodiversidad</strong> del territorio colombiano. Sus suelos son ricos en recursos minerales.</p>
]]></description>
<images>
<image path="imagenDummy-MotorF.jpg" border = "0" pathbig="imagenDummy-MotorF.jpg">
<title><![CDATA[Serranía del Darién]]></title>
</image>
</images>
</page>
</pages>
</section></sections>
</engine>