<?xml version="1.0" encoding="iso-8859-1"?>
<metadata xmlns="urn:InfoRecurso">
  <identificador>RES-27CE8553817D42BD81AA9A0863138B42</identificador>
  <loid>CS_08_02_CO_Recurso120</loid>
  <titulo>Hechos y personajes en la Independencia de las naciones americanas</titulo>
  <descripcion>Actividad para repasar aspectos de la Independencia de las naciones americanas</descripcion>
  <relacionado>0</relacionado>
  <tiporecurso>Recurso sin ficha</tiporecurso>
  <tiempoestimado>15</tiempoestimado>
  <acciondidactica>Ejercitaci�n</acciondidactica>
  <competencia>Competencia social y ciudadana</competencia>
  <competencias>
    <descriptor>1_4_4</descriptor>
  </competencias>
  <tipomedia pesado="false" matricula="">Actividad</tipomedia>
  <conceptos>
    <concepto>Am�rica</concepto>
    <concepto>Independencia</concepto>
  </conceptos>
</metadata>