﻿<?xml version="1.0" encoding="UTF-8"?>
<!--Arbortext, Inc., 1988-2013, v.4002-->
<motor tipo="101" clase="a" aprid="M101a">
  <plataforma>
    <grado><![CDATA[2]]></grado>
    <titulo>Refuerza tu aprendizaje: La década de 1930</titulo>
    <area>2</area>
    <nivel>2</nivel>
    <referencia><![CDATA[CS_10_07]]></referencia>
    <idreg><![CDATA[3005]]></idreg>
    <motor><![CDATA[M101AP]]></motor>
    <lang>es</lang>
  </plataforma>
  <enunciado><![CDATA[Realiza la siguiente actividad. Cuando termines haz clic en Enviar. Si es necesario, entrega las respuestas en mano o por email a tu profesor para que pueda validarlas.]]></enunciado>
  <masinfo inicio="0" />
  <calc><![CDATA[0]]></calc>
  <preguntas cantidad="4">
    <pregunta>
      <enunciado><![CDATA[Explica las causas del hundimiento de la bolsa de Nueva York en 1929 y cómo afectó a Europa. ]]></enunciado>
      <explicacion />
      <nivel><![CDATA[2]]></nivel>
      <tipo />
      <imagen />
      <ampliacion />
    </pregunta>
    <pregunta>
      <enunciado><![CDATA[Define los siguientes términos y escribe un párrafo explicando la situación económica estadounidense de la década de 1930 donde aparezcan: bolsa, oferta, demanda, acción, inflación, especulación. ]]></enunciado>
      <explicacion />
      <nivel><![CDATA[2]]></nivel>
      <tipo />
      <imagen />
      <ampliacion />
    </pregunta>
    <pregunta>
      <enunciado><![CDATA[Explica qué fue el New Deal, en qué momento apareció y sus medidas principales. ]]></enunciado>
      <explicacion />
      <nivel><![CDATA[2]]></nivel>
      <tipo />
      <imagen />
      <ampliacion />
    </pregunta>
    <pregunta>
      <enunciado><![CDATA[Describe cómo evolucionó la situación política europea a lo largo del período de entreguerras y relaciona este contexto con el estallido de la Segunda Guerra Mundial.]]></enunciado>
      <explicacion />
      <nivel><![CDATA[3]]></nivel>
      <tipo />
      <imagen />
      <ampliacion />
    </pregunta>
  </preguntas>
</motor>