﻿<?xml version="1.0" encoding="utf-8"?><motor tipo="2" clase="a" aprid="m2a">
  <plataforma>
    <grado><![CDATA[1]]></grado>
    <titulo>Conoce el modelo económico durante los siglos XIV y XV</titulo>
    <area>0</area>
    <nivel>1</nivel>
    <referencia/>
    <idreg><![CDATA[0]]></idreg>
    <motor><![CDATA[M2A]]></motor>
    <lang>es</lang>
  </plataforma>
  <enunciado><![CDATA[La actividad permite analizar los elementos que componen el modelo económico durante el inicio de la Edad Moderna.]]></enunciado>
  <masinfo inicio="0"/>
  <calc><![CDATA[0]]></calc>
  <sonido/>
  <textoacategoria>
    <cuestion>
      <pregunta><![CDATA[Durante el siglo XV los reinos europeos experimentaron cambios intensos. La reactivación de las [*] y el [*] estimularon la circulación de monedas que irrigaron, de forma paulatina, los escenarios de intercambio. La conformación de un [*] implicó el establecimiento de un sistema  [*] que permitió flujos de recursos para los proyectos de los monarcas. Las aspiraciones de los monarcas por desatar sus campañas militares con libertad de los señores [*], implicó la necesidad de contratar [*]; esto reforzó la necesidad de un sistema de cobro de impuestos. La nueva clase en ascenso, la [*], apoyó con recursos frescos y disponibles a los monarcas, quienes retribuyeron dicha ayuda con prebendas comerciales y acceso al poder [*].]]></pregunta>
      <respuestas>
        <respuesta orden="1"><![CDATA[ciudades]]></respuesta>
        <respuesta orden="2"><![CDATA[comercio]]></respuesta>
        <respuesta orden="3"><![CDATA[Estado]]></respuesta>
        <respuesta orden="4"><![CDATA[fiscal]]></respuesta>
        <respuesta orden="5"><![CDATA[feudales]]></respuesta>
        <respuesta orden="6"><![CDATA[mercenarios]]></respuesta>
        <respuesta orden="7"><![CDATA[burguesía]]></respuesta>
        <respuesta orden="8"><![CDATA[político]]></respuesta>
      </respuestas>
    </cuestion>
  </textoacategoria>
  <textofalso cantidad="0"/>
</motor>