﻿<?xml version="1.0" encoding="utf-8"?>
<engine copy="Editorial Planeta" version="1" aprid="f6">
  <main layout="3">
    <title>Características de las dictaduras en América Latina</title>
    <footer>Revisa las características de la dictaduras haciendo clic sobre cada imagen</footer>
  </main>
  <sections>
    <section i="0" star="false" hasSubsections="false">
      <menuImage path="CS_09_03_REC12_IMG01.jpg" border="1">
        <title><![CDATA[Brasil 1964 - 1985 ]]></title>
      </menuImage>
      <pages>
        <page i="0" visible="true" color="">
          <title>Dictadura en Brasil</title>
          <description><![CDATA[<p></p>

<p><span style="font-size:20px;"><strong><span style="font-family: verdana,geneva,sans-serif;">Humberto de Alencar Castelo Branco</span></strong></span></p>

<p><span style="font-size:20px;"><span style="font-family: verdana,geneva,sans-serif;">En 1964 los militares asumieron el control pa&iacute;s. Su gobierno se caracteriz&oacute; por reprimir cualquier intento de movimiento pol&iacute;tico o partido que manifestara desacuerdo u oposici&oacute;n.&nbsp;Sin embargo, diferentes sectores de la poblaci&oacute;n apoyaron al r&eacute;gimen:&nbsp;la Iglesia cat&oacute;lica, los&nbsp;empresarios y los grandes propietarios rurales. La&nbsp;dictadura suprimi&oacute; la libertad,&nbsp;tortur&oacute;&nbsp;y desapareci&oacute;&nbsp;a un gran n&uacute;mero de opositores.</span></span></p>
]]></description>
          <images>
            <image path="CS_09_03_REC12_IMG07n.jpg" border="0" pathbig="CS_09_03_REC12_IMG07a.jpg">
              <title><![CDATA[]]></title>
            </image>
          </images>
        </page>
      </pages>
    </section>
    <section i="0" star="false" hasSubsections="false">
      <menuImage path="CS_09_03_REC12_IMG02.jpg" border="1">
        <title><![CDATA[Chile 1973 - 1989]]></title>
      </menuImage>
      <pages>
        <page i="0" visible="true" color="">
          <title>Dictadura en Chile</title>
          <description><![CDATA[<p><span style="font-size:20px;"><strong><span style="font-family: verdana,geneva,sans-serif;">Augusto Pinochet</span></strong></span></p>

<p><span style="font-size:20px;"><span style="font-family: verdana,geneva,sans-serif;">Tras un golpe&nbsp;que depuso al gobierno socialista de Salvador Allende, el militar Augusto Pinochet tom&oacute; el poder. Su&nbsp;gobierno prohibi&oacute; los partidos pol&iacute;ticos de izquierda;&nbsp;estableci&oacute;&nbsp;el libre mercado, redujo el gasto p&uacute;blico,&nbsp;privatiz&oacute; los servicios p&uacute;blicos y dio paso a la inversi&oacute;n extranjera. Un alto n&uacute;mero de chilenos fueron torturados y desaparecidos, lo que la convirti&oacute; en una de las m&aacute;s violentas en Latinoam&eacute;rica.</span></span></p>
]]></description>
          <images>
            <image path="CS_09_03_REC12_IMG08n.jpg" border="1" pathbig="CS_09_03_REC12_IMG08a.jpg">
              <title><![CDATA[Casa de La Moneda]]></title>
            </image>
          </images>
        </page>
      </pages>
    </section>
    <section i="0" star="false" hasSubsections="false">
      <menuImage path="CS_09_03_REC12_IMG03.jpg" border="1">
        <title><![CDATA[Argentina 1976 - 1983]]></title>
      </menuImage>
      <pages>
        <page i="0" visible="true" color="">
          <title>Dictadura en Argentina</title>
          <description><![CDATA[<p><span style="font-size:20px;"><strong><span style="font-family: verdana,geneva,sans-serif;">Jorge Videla</span></strong></span></p>

<p><span style="font-size:20px;"><span style="font-family: verdana,geneva,sans-serif;">Junto con la dictadura chilena, la Argentina se caracteriz&oacute; por la brutal violencia y asedio a cualquier forma de oposici&oacute;n. Alrededor de 2300 asesinatos pol&iacute;ticos y 30 mil personas desaparecidas hicieron que el r&eacute;gimen militar fuera denunciado ante la Comisi&oacute;n Argentina de Derechos Humanos. Durante la dictadura, Argentina se enfrent&oacute; con Gran Breta&ntilde;a en la Guerra de las Malvinas.</span></span></p>
]]></description>
          <images>
            <image path="CS_09_03_REC12_IMG09n.jpg" border="0" pathbig="CS_09_03_REC12_IMG09a.jpg">
              <title><![CDATA[Protestas de madres que buscan a sus hijos desaparecidos]]></title>
            </image>
          </images>
        </page>
      </pages>
    </section>
    <section i="0" star="false" hasSubsections="false">
      <menuImage path="CS_09_03_REC12_IMG04.jpg" border="1">
        <title><![CDATA[Uruguay 1973 - 1985]]></title>
      </menuImage>
      <pages>
        <page i="0" visible="true" color="">
          <title>Dictadura en Uruguay</title>
          <description><![CDATA[<p><span style="font-size:20px;"><strong><span style="font-family: verdana,geneva,sans-serif;">Juan Mar&iacute;a Bordaberry</span></strong></span></p>

<p><span style="font-size:20px;"><span style="font-family: verdana,geneva,sans-serif;">En 1973 se instal&oacute;&nbsp;la dictadura militar uruguaya, con el&nbsp;presidente Juan Mar&iacute;a Bordaberry a la cabeza. Se&nbsp;disolvi&oacute; el parlamento,&nbsp;se estableci&oacute; un sistema de vigilancia para controlar a todos los ciudadanos y su forma de pensar. Se&nbsp;desmantelaron diferentes organizaciones sociales y sindicales;&nbsp;sus l&iacute;deres fueron torturados y desaparecidos. Esto llev&oacute;&nbsp;a que un gran n&uacute;mero de personas buscara&nbsp;exilio en otros pa&iacute;ses.</span></span></p>
]]></description>
          <images>
            <image path="CS_09_03_REC12_IMG10n.jpg" border="0" pathbig="CS_09_03_REC12_IMG12a.jpg">
              <title><![CDATA[]]></title>
            </image>
          </images>
        </page>
      </pages>
    </section>
    <section i="0" star="false" hasSubsections="false">
      <menuImage path="CS_09_03_REC12_IMG05.jpg" border="1">
        <title><![CDATA[Bolivia 1964 - 1982]]></title>
      </menuImage>
      <pages>
        <page i="0" visible="true" color="">
          <title>Dictadura en Bolivia</title>
          <description><![CDATA[<p><span style="font-size:20px;"><strong><span style="font-family: verdana,geneva,sans-serif;">Hugo Banzer Su&aacute;rez</span></strong></span></p>

<p><span style="font-size:20px;"><span style="font-family: verdana,geneva,sans-serif;">En 1964 el ej&eacute;rcito boliviano, liderado por el general Barrientos asumi&oacute; el poder. Fue sucedido por el general Banzer.&nbsp;Fue un periodo en el que se&nbsp;busc&oacute;&nbsp;establecer el orden con medidas violentas, en particular contra la poblaci&oacute;n ind&iacute;gena, los sindicalistas y&nbsp;los mineros. La violaci&oacute;n sistem&aacute;tica de los derechos humanos llev&oacute; a que en 1982 la dictadura colapsara y le entregara el poder al Congreso Nacional.</span></span></p>
]]></description>
          <images>
            <image path="CS_09_03_REC12_IMG11n.jpg" border="0" pathbig="CS_09_03_REC12_IMG11a.jpg">
              <title><![CDATA[]]></title>
            </image>
          </images>
        </page>
      </pages>
    </section>
  </sections>
</engine>