﻿<?xml version="1.0" encoding="utf-8"?><motor tipo="10" clase="a" aprid="m10a">
  <plataforma>
    <grado><![CDATA[1]]></grado>
    <titulo>Los climas del continente africano</titulo>
    <area>0</area>
    <nivel>1</nivel>
    <referencia/>
    <idreg><![CDATA[0]]></idreg>
    <motor><![CDATA[M10A]]></motor>
    <lang>es</lang>
  </plataforma>
  <enunciado><![CDATA[Incluye cada una de las características del clima del continente africano, según corresponda con cada tipo enunciado.]]></enunciado>
  <masinfo inicio="0"/>
  <sinaleatoriedad><![CDATA[0]]></sinaleatoriedad>
  <calc><![CDATA[0]]></calc>
  <textoacategoria cantidad="4">
    <cuestion>
      <categoria><![CDATA[Ecuatorial]]></categoria>
      <respuestas>
        <respuesta id="2"><![CDATA[Lluvias abundantes]]></respuesta>
        <respuesta id="3"><![CDATA[Densa vegetación]]></respuesta>
        <respuesta id="4"><![CDATA[Fauna diversa]]></respuesta>
      </respuestas>
      <sonido/>
    </cuestion>
    <cuestion>
      <categoria><![CDATA[Sabana]]></categoria>
      <respuestas>
        <respuesta id="1"><![CDATA[Altas temperaturas]]></respuesta>
        <respuesta id="2"><![CDATA[Lluvias estacionales]]></respuesta>
        <respuesta id="3"><![CDATA[Pradera de gramíneas]]></respuesta>
      </respuestas>
      <sonido/>
    </cuestion>
    <cuestion>
      <categoria><![CDATA[Mediterráneo]]></categoria>
      <respuestas>
        <respuesta id="1"><![CDATA[Inviernos suaves]]></respuesta>
        <respuesta id="2"><![CDATA[Veranos calurosos]]></respuesta>
        <respuesta id="4"><![CDATA[Coníferas y arbustos]]></respuesta>
      </respuestas>
      <sonido/>
    </cuestion>
    <cuestion>
      <categoria><![CDATA[Seco]]></categoria>
      <respuestas>
        <respuesta id="1"><![CDATA[Desiertos]]></respuesta>
        <respuesta id="2"><![CDATA[Variabilidad térmica]]></respuesta>
        <respuesta id="4"><![CDATA[Oasis]]></respuesta>
      </respuestas>
      <sonido/>
    </cuestion>
  </textoacategoria>
</motor>