﻿<?xml version="1.0" encoding="utf-8"?><motor tipo="5" clase="d" aprid="m5d"><plataforma><grado><![CDATA[2]]></grado><titulo>Diferencia las funciones y los actores de las tres ramas del poder público en Colombia</titulo><area>0</area><nivel>2</nivel><referencia /><idreg><![CDATA[0]]></idreg><motor><![CDATA[M5D]]></motor><lang>es</lang></plataforma><enunciado><![CDATA[Lee el texto y selecciona la respuesta correcta sobre las funciones y los actores de los diferentes poderes contemplados en la Constitución de 1991.]]></enunciado><masinfo inicio="0" /><sinaleatoriedad><![CDATA[0]]></sinaleatoriedad><calc><![CDATA[0]]></calc><respuestaunica><![CDATA[0]]></respuestaunica><test cantidad="10"><cuestion><enunciado><![CDATA[¿Qué autoridad ejerce lo contemplado en el artículo 189 de la Constitución Política?]]></enunciado><explicacion /><texto><![CDATA[Proveer la seguridad exterior de la República, defendiendo la independencia y la honra de la Nación y la inviolabilidad del territorio; declarar la guerra con permiso del Senado, o hacerla sin tal autorización para repeler una agresión extranjera; y convenir y ratificar los tratados de paz, de todo lo cual dará cuenta inmediata al Congreso.]]></texto><respuestas><respuesta contestacion="El Presidente de la República" correcta="1" /><respuesta contestacion="El Ministro del Interior" correcta="0" /><respuesta contestacion="Los Directores de Departamento Administrativo " correcta="0" /><respuesta contestacion="El Ministro de Justicia y del Derecho" correcta="0" /></respuestas></cuestion><cuestion><enunciado><![CDATA[¿Qué funcionario debe cumplir la función señalada?]]></enunciado><explicacion /><texto><![CDATA[Formular, adoptar, promover y coordinar las políticas y estrategias en: racionalización, reforma y defensa del ordenamiento jurídico; gestión jurídica pública del derecho; ejercicio de la profesión de abogado; socialización de la información jurídica; justicia transicional y restaurativa; y las que faciliten el acceso a la justicia formal y a la alternativa, en el marco del mandato contenido en las normas vigentes, al igual que las de lucha contra las drogas ilícitas, lavado de activos, enriquecimiento ilícito, financiamiento del terrorismo, administración de bienes incautados y acciones de extinción de dominio.]]></texto><respuestas><respuesta contestacion="Ministro del Interior y de Justicia " correcta="1" /><respuesta contestacion="Ministro de Hacienda y Crédito Público" correcta="0" /><respuesta contestacion="Ministro de Defensa Nacional" correcta="0" /><respuesta contestacion="Ministro de Trabajo" correcta="0" /></respuestas></cuestion><cuestion><enunciado><![CDATA[Dentro de la rama ejecutiva del poder existe otro organismo que cumple las funciones antes descritas. Se trata de la]]></enunciado><explicacion /><texto><![CDATA[Fijar las reglas conforme a las cuales la Superintendencia podrá autorizar el funcionamiento de depósitos centralizados de valores, de sistemas de compensación y de información centralizada de operaciones o de mecanismos que faciliten el desarrollo del mercado.]]></texto><respuestas><respuesta contestacion="Superintendencia Financiera." correcta="1" /><respuesta contestacion="Superintendencia de Industria y Comercio." correcta="0" /><respuesta contestacion="Superintendencia de Salud." correcta="0" /><respuesta contestacion="Superintendencia de Subsidio Familiar." correcta="0" /></respuestas></cuestion><cuestion><enunciado><![CDATA[Estas son algunas funciones de la rama legislativa, que corresponden a]]></enunciado><explicacion /><texto><![CDATA[Aprobar o improbar los ascensos militares que confiera el Gobierno, desde oficiales generales y oficiales de insignia de la fuerza pública, hasta el más alto gradoConceder licencia al Presidente de la República para separarse temporalmente del cargo, no siendo caso de enfermedad, y decidir sobre las excusas del Vicepresidente para ejercer la Presidencia de la República.]]></texto><respuestas><respuesta contestacion="el Congreso de la República. " correcta="1" /><respuesta contestacion="la Cámara de Representantes." correcta="0" /><respuesta contestacion="el Consejo Municipal." correcta="0" /><respuesta contestacion="la Asamblea Departamental." correcta="0" /></respuestas></cuestion><cuestion><enunciado><![CDATA[El organismo encargado de ejercer la función descrita le corresponde es ]]></enunciado><explicacion /><texto><![CDATA[Acusar ante el Senado, cuando hubiere causas constitucionales, al Presidente de la República o a quien haga sus veces, a los magistrados de la Corte Constitucional, a los magistrados de la Corte Suprema de Justicia, a los miembros del Consejo Superior de la Judicatura, a los magistrados del Consejo de Estado y al Fiscal General de la Nación.]]></texto><respuestas><respuesta contestacion="la Cámara de Representantes." correcta="1" /><respuesta contestacion="el Senado de la República." correcta="0" /><respuesta contestacion="la Fiscalía General de la Nación." correcta="0" /><respuesta contestacion="la Procuraduría General de la Nación." correcta="0" /></respuestas></cuestion><cuestion><enunciado><![CDATA[La función descrita corresponde a una institución de la rama judicial que se denomina]]></enunciado><explicacion /><texto><![CDATA[Juzgar, previa acusación del Fiscal General de la Nación, del Vicefiscal General de la Nación o de sus delegados de la unidad de fiscalías ante la Corte Suprema de Justicia, a los Ministros del Despacho, al Procurador General, al Defensor del Pueblo, a los Agentes del Ministerio Público ante la Corte, ante el Consejo de Estado y ante los Tribunales; a los Directores de los Departamentos Administrativos, al Contralor General de la República, a los Embajadores y jefe de misión diplomática o consular, a los Gobernadores, a los Magistrados de Tribunales y a los Generales y Almirantes de la Fuerza Pública, por los hechos punibles que se les imputen.]]></texto><respuestas><respuesta contestacion="Corte Suprema de Justicia ." correcta="1" /><respuesta contestacion="Consejo de Estado." correcta="0" /><respuesta contestacion="Corte Constitucional." correcta="0" /><respuesta contestacion="Tribunales Superiores." correcta="0" /></respuestas></cuestion><cuestion><enunciado><![CDATA[¿A cuál de las Altas Cortes le corresponde la función mencionada?]]></enunciado><explicacion /><texto><![CDATA[Desempeñar las funciones de tribunal supremo de lo contencioso administrativo, conforme a las reglas que señale la leyActuar como cuerpo supremo consultivo del Gobierno en asuntos de administración, debiendo ser necesariamente oído en todos aquellos casos que la Constitución y las leyes determinen.]]></texto><respuestas><respuesta contestacion="Consejo de Estado " correcta="1" /><respuesta contestacion="Corte Suprema de Justicia" correcta="0" /><respuesta contestacion="Tribunales Superiores" correcta="0" /><respuesta contestacion="Corte Constitucional " correcta="0" /></respuestas></cuestion><cuestion><enunciado><![CDATA[La función descrita corresponde a la]]></enunciado><explicacion /><texto><![CDATA[El artículo 234 C.N. contempla: los conflictos surgidos entre particulares, y aquellos asuntos que no estén atribuidos por la Constitución o la ley a otra jurisdicción.]]></texto><respuestas><respuesta contestacion="Jurisdicción Ordinaria." correcta="1" /><respuesta contestacion="Jurisdicción Contenciosa Administrativa." correcta="0" /><respuesta contestacion="Jurisdicción Constitucional." correcta="0" /><respuesta contestacion="Jurisdicción Especial." correcta="0" /></respuestas></cuestion><cuestion><enunciado><![CDATA[¿Cuál organismo cumple esta función?]]></enunciado><explicacion /><texto><![CDATA[Está encargada de juzgar las controversias y litigios administrativos originados en la actividad de las entidades públicas y de las personas privadas que desempeñen funciones propias de los distintos órganos del Estado.]]></texto><respuestas><respuesta contestacion="Jurisdicción Contenciosos Administrativa " correcta="1" /><respuesta contestacion="Jurisdicción Constitucional" correcta="0" /><respuesta contestacion="Jurisdicción Especial " correcta="0" /><respuesta contestacion="Jurisdicción Ordinaria" correcta="0" /></respuestas></cuestion><cuestion><enunciado><![CDATA[¿Cuál es la jurisdicción que cumple esta función?]]></enunciado><explicacion /><texto><![CDATA[Decide sobre las demandas de inconstitucionalidad que promuevan los ciudadanos contra los actos reformatorios de la Constitución, cualquiera que sea su origen, sólo por vicios de procedimiento en su formación.Decide con anterioridad al pronunciamiento popular, sobre la constitucionalidad de la convocatoria a un referendo o a una Asamblea Constituyente para reformar la Constitución, sólo por vicios de procedimiento en su formación.]]></texto><respuestas><respuesta contestacion="Jurisdicción Constitucional " correcta="1" /><respuesta contestacion="Jurisdicción Contenciosos Administrativa" correcta="0" /><respuesta contestacion="Jurisdicción Especial " correcta="0" /><respuesta contestacion="Jurisdicción Ordinaria" correcta="0" /></respuestas></cuestion></test></motor>