﻿<?xml version="1.0" encoding="utf-8"?>
<engine copy="Editorial Planeta" version="1" aprid="f12">
  <main mode="f12" title="Las ideas de la Ilustración">
    <video>DI000453_LO.mp4</video>
  </main>
  <understanding title="" title2="" buttons="false" visible="true">
    <definition>
      <title>
      </title>
      <def><![CDATA[<p><span style="font-size: 36px; color: #ff6600; ;font-family: Verdana,Arial,sans-serif;">Comprensión</span></p><ul><li><span style="font-size: 30px; ;font-family: Verdana,Arial,sans-serif;">¿Qué fue la Ilustración?</span></li></ul><ul><li><span style="font-size: 30px; ;font-family: Verdana,Arial,sans-serif;">¿Qué novedad representó el pensamiento ilustrado respecto a las etapas anteriores? </span></li></ul><ul><li><span style="font-size: 30px; ;font-family: Verdana,Arial,sans-serif;">¿Han pervivido sus valores?</span></li></ul>]]></def>
    </definition>
    <definition>
      <title>
      </title>
      <def><![CDATA[<p><span style="font-size: 36px; color: #ff6600; ;font-family: Verdana,Arial,sans-serif;">Comprensión</span></p><ul><li><span style="font-size: 30px; ;font-family: Verdana,Arial,sans-serif;">¿Cuál fue la obra más representativa y relevante de la Ilustración?</span></li></ul><ul><li><span style="font-size: 30px; ;font-family: Verdana,Arial,sans-serif;"> ¿Existe en la actualidad alguna obra que se le pueda comparar?</span></li></ul>]]></def>
    </definition>
    <definition>
      <title>
      </title>
      <def><![CDATA[<p><span style="font-size: 36px; color: #ff6600; ;font-family: Verdana,Arial,sans-serif;">Comprensión</span></p><ul><li><span style="font-size: 30px; ;font-family: Verdana,Arial,sans-serif;">¿Qué fue el despotismo ilustrado? </span></li></ul><ul><li><span style="font-size: 30px; ;font-family: Verdana,Arial,sans-serif;">¿Qué pudo llevar a algunos monarcas a adoptar las ideas de la Ilustración? </span></li></ul><ul><li><span style="font-size: 30px; ;font-family: Verdana,Arial,sans-serif;">¿Cómo influyó en su forma de gobernar y en su concepción del poder?</span></li></ul>]]></def>
    </definition>
  </understanding>
  <definitions title="" title2="" visible="true">
    <definition>
      <title>Ilustración</title>
      <def><![CDATA[<p><span style="font-weight: bold; ;font-family: Verdana,Arial,sans-serif; font-size: 27px;">Ilustración:</span></p><p><span style="font-family: Verdana,Arial,sans-serif; font-size: 27px;">movimiento intelectual que se extendió por Europa durante el siglo XVIII basado en la confianza en la razón, la ciencia y la educación como herramientas de progreso.</span></p>]]></def>
    </definition>
    <definition>
      <title>Razón</title>
      <def><![CDATA[<p><span style="font-weight: bold; ;font-family: Verdana,Arial,sans-serif; font-size: 27px;">Raz&oacute;n:</span></p>

<p><span style="font-family: Verdana,Arial,sans-serif; font-size: 27px;">facultad humana que permite a la persona conocer, comprender y explicar la realidad con base en la reflexi&oacute;n.</span></p>
]]></def>
    </definition>
    <definition>
      <title>Intelectual</title>
      <def><![CDATA[<p><span style="font-weight: bold; ;font-family: Verdana,Arial,sans-serif; font-size: 27px;">Intelectual:</span></p><p><span style="font-family: Verdana,Arial,sans-serif; font-size: 27px;">persona que se dedica a actividades como las ciencias o las letras, lo que le obliga a emplear, de forma fundamental, la inteligencia.</span></p>]]></def>
    </definition>
    <definition>
      <title>Enciclopedia</title>
      <def><![CDATA[<p><span style="font-style: italic; font-weight: bold; ;font-family: Verdana,Arial,sans-serif; font-size: 27px;">Enciclopedia</span><span style="font-weight: bold; ;font-family: Verdana,Arial,sans-serif; font-size: 27px;">:</span></p><p><span style="font-family: Verdana,Arial,sans-serif; font-size: 27px;">obra más representativa de la Ilustración francesa. Dirigida por Denis Diderot y Jean-Le-Rond D’Alembert, se propuso recoger y divulgar todo el saber de su tiempo sobre la base del conocimiento positivo. </span></p>]]></def>
    </definition>
    <definition>
      <title>Ciencia</title>
      <def><![CDATA[<p><span style="font-weight: bold; ;font-family: Verdana,Arial,sans-serif; font-size: 27px;">Ciencia:</span></p><p><span style="font-family: Verdana,Arial,sans-serif; font-size: 27px;">conocimiento profundo que emana del estudio, la experimentación y la observación de cualquier aspecto de la naturaleza o de la realidad humana y del que se extraen principios y leyes generales.</span></p>]]></def>
    </definition>
    <definition>
      <title>Despotismo il.</title>
      <def><![CDATA[<p><span style="font-weight: bold; ;font-family: Verdana,Arial,sans-serif; font-size: 27px;">Despotismo ilustrado:</span></p><p><span style="font-family: Verdana,Arial,sans-serif; font-size: 27px;">transformación que sufrió el absolutismo europeo durante el siglo XVIII. Los monarcas absolutos adoptaron algunas ideas ilustradas con el fin de impulsar mejoras a nivel económico y cultural sin alterar la organización política y social de sus dominios.</span></p>]]></def>
    </definition>
  </definitions>
  <reaserch title="" title2="Investiga" buttons="false" visible="true">
    <definition>
      <title>
      </title>
      <def><![CDATA[<p><span style="font-size: 36px; color: #ff6600; ;font-family: Verdana,Arial,sans-serif;">Investiga</span></p><p><span style="font-size: 24px; ;font-family: Verdana,Arial,sans-serif;">“La Ilustración es la liberación del hombre de su culpable incapacidad. La incapacidad significa la imposibilidad de servirse de su inteligencia sin la guía de otro. Esta incapacidad es culpable porque su causa no reside en la falta de inteligencia sino de decisión y valor para servirse por sí mismo de ella sin la tutela de otro. ¡</span><span style="font-size: 24px; font-style: italic; ;font-family: Verdana,Arial,sans-serif;">Sapere aude</span><span style="font-size: 24px; ;font-family: Verdana,Arial,sans-serif;">! ¡Ten el valor de servirte de tu propia razón! He aquí el lema de la Ilustración.”</span></p><p><span style="font-size: 18px; ;font-family: Verdana,Arial,sans-serif;">Immanuel Kant, </span><span style="font-size: 18px; font-style: italic; ;font-family: Verdana,Arial,sans-serif;">¿Qué es la Ilustración? </span><span style="font-size: 18px; ;font-family: Verdana,Arial,sans-serif;">(fragmento).</span></p>]]></def>
    </definition>
    <definition>
      <title>
      </title>
      <def><![CDATA[<p><span style="font-size: 36px; color: #ff6600; ;font-family: Verdana,Arial,sans-serif;">Investiga</span></p><p><span style="font-size: 24px; ;font-family: Verdana,Arial,sans-serif;">“Así como en una república se requiere virtud, y honor en la monarquía, así en el gobierno despótico se necesita el temor. En cuanto a la virtud, no es en él necesaria; y el honor sería peligroso. La autoridad inmensa del Príncipe pasa entera a las personas a quienes la confía. Unas gentes capaces de tenerse en mucho, podrían causar revoluciones. Es, pues, preciso que el temor abata los ánimos y extinga hasta el menor pensamiento de ambición.”</span></p><p><span style="font-size: 18px; ;font-family: Verdana,Arial,sans-serif;">Montesquieu, </span><span style="font-size: 18px; font-style: italic; ;font-family: Verdana,Arial,sans-serif;">Del espíritu de las leyes</span><span style="font-size: 18px; ;font-family: Verdana,Arial,sans-serif;"> (fragmento).</span></p>]]></def>
    </definition>
    <definition>
      <title>
      </title>
      <def><![CDATA[<p><span style="font-size: 36px; color: #ff6600; ;font-family: Verdana,Arial,sans-serif;">Investiga</span></p><p><span style="font-size: 24px; ;font-family: Verdana,Arial,sans-serif;">¿Cómo pueden conjugarse los conceptos de Ilustración </span></p><p><span style="font-size: 24px; ;font-family: Verdana,Arial,sans-serif;">y despotismo?</span></p>]]></def>
    </definition>
  </reaserch>
  <activity title2="" visible="false" path="">
  </activity>
</engine>