﻿<?xml version="1.0" encoding="utf-8"?>
<?xml-stylesheet href="cuadernoestudio/dtd/libro.xslt" type="text/xsl"?>
<!DOCTYPE libro SYSTEM "cuadernoestudio/dtd/libro.dtd"[]>
<libro id="CS_08_08_CO">
  <libroTitulo>Colombia en la segunda mitad del siglo XIX</libroTitulo>
  <seccion1 id="S1_CS_08_08_CO_B715B684F6474C09A12D29A49A37EDEA">
    <seccion1Titulo>Las reformas liberales de mitad de siglo</seccion1Titulo>
    <seccion1Texto>
      <p>Aquí escribiré el párrafo de la sección</p>
      <p>Aquí va un PÁRRAFO</p>
      <imagen src="CS_08_08_CO_img_01_small.jpg">
        <p>Aquí escribiré el pie de foto</p>
      </imagen>
      <recuerda>
        <recuerdaTexto>
          <p>Aquí va un RECUERDA</p>
        </recuerdaTexto>
      </recuerda>
      <destacado>
        <destacadoTitulo>Aquí va el título de un DESTACADO</destacadoTitulo>
        <destacadoTexto>
          <p>Aquí va el texto de un DESTACADO</p>
        </destacadoTexto>
      </destacado>
      <profundiza>
        <enlace destino="/LoIdRedirect.aspx?LoId=CS_08_08_CO_Recurso010&amp;IdRecurso=RES-E2B1FCA953F340A2B4191F26D98A7A5C">Recurso F4-01</enlace>
      </profundiza>
    </seccion1Texto>
  </seccion1>
  <seccion1 id="S1_CS_08_08_CO_6F02F8485F1C4368ABAC128B8CC619C3">
    <seccion1Titulo>
    </seccion1Titulo>
    <seccion1Texto>
      <p>Aquí escribiré el párrafo de la sección</p>
      <p>Aquí va un PÁRRAFO</p>
      <imagen src="CS_08_08_CO_img_02_small.jpg">
        <p>Aquí escribiré el pie de foto</p>
      </imagen>
      <recuerda>
        <recuerdaTexto>
          <p>Aquí va un RECUERDA</p>
        </recuerdaTexto>
      </recuerda>
      <destacado>
        <destacadoTitulo>Aquí va el título de un DESTACADO</destacadoTitulo>
        <destacadoTexto>
          <p>Aquí va el texto de un DESTACADO</p>
        </destacadoTexto>
      </destacado>
      <practica>
        <enlace destino="/LoIdRedirect.aspx?LoId=CS_08_08_CO_Recurso020&amp;IdRecurso=RES-E13E39B69F6A41149845F8AEF551FEC6">Recurso M10A-01</enlace>
      </practica>
      <seccion2 id="S2_CS_08_08_CO_E94AB6414CDD4EB1AB19A8F864B990D3">
        <seccion2Titulo>Consolidación</seccion2Titulo>
        <seccion2Texto>
          <p>Aquí escribiré el párrafo de la sección</p>
          <p>Aquí va un PÁRRAFO</p>
          <imagen src="CS_08_08_CO_img_03_small.jpg">
            <p>Aquí escribiré el pie de foto</p>
          </imagen>
          <recuerda>
            <recuerdaTexto>
              <p>Aquí va un RECUERDA</p>
            </recuerdaTexto>
          </recuerda>
          <destacado>
            <destacadoTitulo>Aquí va el título de un DESTACADO</destacadoTitulo>
            <destacadoTexto>
              <p>Aquí va el texto de un DESTACADO</p>
            </destacadoTexto>
          </destacado>
          <practica>
            <enlace destino="/LoIdRedirect.aspx?LoId=CS_08_08_CO_Recurso030&amp;IdRecurso=RES-C32F47CCC5A74D33B2B55DE08974228B">Recurso M101A-01</enlace>
          </practica>
        </seccion2Texto>
      </seccion2>
    </seccion1Texto>
  </seccion1>
  <seccion1 id="S1_CS_08_08_CO_13FDD6E59423476BAE709B10D8EFEE43">
    <seccion1Titulo>La hegemonía liberal</seccion1Titulo>
    <seccion1Texto>
      <p>Aquí escribiré el párrafo de la sección</p>
      <p>Aquí va un PÁRRAFO</p>
      <imagen src="CS_08_08_CO_img_04_small.jpg">
        <p>Aquí escribiré el pie de foto</p>
      </imagen>
      <recuerda>
        <recuerdaTexto>
          <p>Aquí va un RECUERDA</p>
        </recuerdaTexto>
      </recuerda>
      <destacado>
        <destacadoTitulo>Aquí va el título de un DESTACADO</destacadoTitulo>
        <destacadoTexto>
          <p>Aquí va el texto de un DESTACADO</p>
        </destacadoTexto>
      </destacado>
      <profundiza>
        <enlace destino="/LoIdRedirect.aspx?LoId=CS_08_08_CO_Recurso040&amp;IdRecurso=RES-9F3D5F63A0224F7487DA518CCB2BBB21">Diaporama F1-01</enlace>
      </profundiza>
      <seccion2 id="S2_CS_08_08_CO_26C2DD950C66486A95DB5B9CBF28A4D8">
        <seccion2Titulo>El Olimpo radical</seccion2Titulo>
        <seccion2Texto>
          <p>Aquí escribiré el párrafo de la sección</p>
          <p>Aquí va un PÁRRAFO</p>
          <imagen src="CS_08_08_CO_img_05_small.jpg">
            <p>Aquí escribiré el pie de foto</p>
          </imagen>
          <recuerda>
            <recuerdaTexto>
              <p>Aquí va un RECUERDA</p>
            </recuerdaTexto>
          </recuerda>
          <destacado>
            <destacadoTitulo>Aquí va el título de un DESTACADO</destacadoTitulo>
            <destacadoTexto>
              <p>Aquí va el texto de un DESTACADO</p>
            </destacadoTexto>
          </destacado>
          <practica>
            <enlace destino="/LoIdRedirect.aspx?LoId=CS_08_08_CO_Recurso050&amp;IdRecurso=RES-6B177C0AAC1B49FFA649556796784266">Recurso M1C-01</enlace>
          </practica>
          <p>Aquí va un PÁRRAFO</p>
          <imagen src="CS_08_08_CO_img_08_small.jpg">
            <p>Aquí escribiré el pie de foto</p>
          </imagen>
          <recuerda>
            <recuerdaTexto>
              <p>Aquí va un RECUERDA</p>
            </recuerdaTexto>
          </recuerda>
          <destacado>
            <destacadoTitulo>Aquí va el título de un DESTACADO</destacadoTitulo>
            <destacadoTexto>
              <p>Aquí va el texto de un DESTACADO</p>
            </destacadoTexto>
          </destacado>
          <practica>
            <enlace destino="/LoIdRedirect.aspx?LoId=CS_08_08_CO_Recurso080&amp;IdRecurso=RES-A28D7A26A75C4E5EA48FB7160A8D5C1E">Recurso M101A-02</enlace>
          </practica>
        </seccion2Texto>
      </seccion2>
      <p>Aquí va un PÁRRAFO</p>
      <imagen src="CS_08_08_CO_img_06_small.jpg">
        <p>Aquí escribiré el pie de foto</p>
      </imagen>
      <recuerda>
        <recuerdaTexto>
          <p>Aquí va un RECUERDA</p>
        </recuerdaTexto>
      </recuerda>
      <destacado>
        <destacadoTitulo>Aquí va el título de un DESTACADO</destacadoTitulo>
        <destacadoTexto>
          <p>Aquí va el texto de un DESTACADO</p>
        </destacadoTexto>
      </destacado>
      <practica>
        <enlace destino="/LoIdRedirect.aspx?LoId=CS_08_08_CO_Recurso060&amp;IdRecurso=RES-4A8F38B1166648C8AED514D20E3247AD">Recurso M6A-01</enlace>
      </practica>
      <p>Aquí va un PÁRRAFO</p>
      <imagen src="CS_08_08_CO_img_07_small.jpg">
        <p>Aquí escribiré el pie de foto</p>
      </imagen>
      <recuerda>
        <recuerdaTexto>
          <p>Aquí va un RECUERDA</p>
        </recuerdaTexto>
      </recuerda>
      <destacado>
        <destacadoTitulo>Aquí va el título de un DESTACADO</destacadoTitulo>
        <destacadoTexto>
          <p>Aquí va el texto de un DESTACADO</p>
        </destacadoTexto>
      </destacado>
      <practica>
        <enlace destino="/LoIdRedirect.aspx?LoId=CS_08_08_CO_Recurso070&amp;IdRecurso=RES-04F424221FFC407AA374815859A6E891">Recurso M3A-01</enlace>
      </practica>
    </seccion1Texto>
  </seccion1>
  <seccion1 id="S1_CS_08_08_CO_6CBF62ADB59948C5B573EDDCEFD74773">
    <seccion1Titulo>La Regeneración</seccion1Titulo>
    <seccion1Texto>
      <p>Aquí escribiré el párrafo de la sección</p>
      <p>Aquí va un PÁRRAFO</p>
      <imagen src="CS_08_08_CO_img_09_small.jpg">
        <p>Aquí escribiré el pie de foto</p>
      </imagen>
      <recuerda>
        <recuerdaTexto>
          <p>Aquí va un RECUERDA</p>
        </recuerdaTexto>
      </recuerda>
      <destacado>
        <destacadoTitulo>Aquí va el título de un DESTACADO</destacadoTitulo>
        <destacadoTexto>
          <p>Aquí va el texto de un DESTACADO</p>
        </destacadoTexto>
      </destacado>
      <profundiza>
        <enlace destino="/LoIdRedirect.aspx?LoId=CS_08_08_CO_Recurso090&amp;IdRecurso=RES-37DA13FAC97345D191343197516C7F26">Recurso F10-01</enlace>
      </profundiza>
      <p>Aquí va un PÁRRAFO</p>
      <imagen src="CS_08_08_CO_img_10_small.jpg">
        <p>Aquí escribiré el pie de foto</p>
      </imagen>
      <recuerda>
        <recuerdaTexto>
          <p>Aquí va un RECUERDA</p>
        </recuerdaTexto>
      </recuerda>
      <destacado>
        <destacadoTitulo>Aquí va el título de un DESTACADO</destacadoTitulo>
        <destacadoTexto>
          <p>Aquí va el texto de un DESTACADO</p>
        </destacadoTexto>
      </destacado>
      <practica>
        <enlace destino="/LoIdRedirect.aspx?LoId=CS_08_08_CO_Recurso100&amp;IdRecurso=RES-ED97CB43F22647B2808145CB3B05A235">Recurso M5D-01</enlace>
      </practica>
      <seccion2 id="S2_CS_08_08_CO_642B8ED59DC64BE681EC37B79FEB69A5">
        <seccion2Titulo>La Guerra de los Mil Días</seccion2Titulo>
        <seccion2Texto>
          <p>Aquí escribiré el párrafo de la sección</p>
          <p>Aquí va un PÁRRAFO</p>
          <imagen src="CS_08_08_CO_img_11_small.jpg">
            <p>Aquí escribiré el pie de foto</p>
          </imagen>
          <recuerda>
            <recuerdaTexto>
              <p>Aquí va un RECUERDA</p>
            </recuerdaTexto>
          </recuerda>
          <destacado>
            <destacadoTitulo>Aquí va el título de un DESTACADO</destacadoTitulo>
            <destacadoTexto>
              <p>Aquí va el texto de un DESTACADO</p>
            </destacadoTexto>
          </destacado>
          <practica>
            <enlace destino="/LoIdRedirect.aspx?LoId=CS_08_08_CO_Recurso110&amp;IdRecurso=RES-FE57061B33444303A62777A1595ACE76">Recurso M2A-01</enlace>
          </practica>
          <p>Aquí va un PÁRRAFO</p>
          <imagen src="CS_08_08_CO_img_12_small.jpg">
            <p>Aquí escribiré el pie de foto</p>
          </imagen>
          <recuerda>
            <recuerdaTexto>
              <p>Aquí va un RECUERDA</p>
            </recuerdaTexto>
          </recuerda>
          <destacado>
            <destacadoTitulo>Aquí va el título de un DESTACADO</destacadoTitulo>
            <destacadoTexto>
              <p>Aquí va el texto de un DESTACADO</p>
            </destacadoTexto>
          </destacado>
          <practica>
            <enlace destino="/LoIdRedirect.aspx?LoId=CS_08_08_CO_Recurso120&amp;IdRecurso=RES-E6FDC59EE11E4DE78A89604557D4CDA5">Recurso M101A-03</enlace>
          </practica>
          <p>Aquí va un PÁRRAFO</p>
          <imagen src="CS_08_08_CO_img_15_small.jpg">
            <p>Aquí escribiré el pie de foto</p>
          </imagen>
          <recuerda>
            <recuerdaTexto>
              <p>Aquí va un RECUERDA</p>
            </recuerdaTexto>
          </recuerda>
          <destacado>
            <destacadoTitulo>Aquí va el título de un DESTACADO</destacadoTitulo>
            <destacadoTexto>
              <p>Aquí va el texto de un DESTACADO</p>
            </destacadoTexto>
          </destacado>
          <practica>
            <enlace destino="/LoIdRedirect.aspx?LoId=CS_08_08_CO_Recurso150&amp;IdRecurso=RES-15146AF4D55D47FBBD00D66BDB11C9B3">Recurso M101A-04</enlace>
          </practica>
        </seccion2Texto>
      </seccion2>
    </seccion1Texto>
  </seccion1>
  <seccion1 id="S1_CS_08_08_CO_5B60B7E1987345548FDF6B216086B80B">
    <seccion1Titulo>Urbanismo y vida cotidiana</seccion1Titulo>
    <seccion1Texto>
      <p>Aquí escribiré el párrafo de la sección</p>
      <p>Aquí va un PÁRRAFO</p>
      <imagen src="CS_08_08_CO_img_13_small.jpg">
        <p>Aquí escribiré el pie de foto</p>
      </imagen>
      <recuerda>
        <recuerdaTexto>
          <p>Aquí va un RECUERDA</p>
        </recuerdaTexto>
      </recuerda>
      <destacado>
        <destacadoTitulo>Aquí va el título de un DESTACADO</destacadoTitulo>
        <destacadoTexto>
          <p>Aquí va el texto de un DESTACADO</p>
        </destacadoTexto>
      </destacado>
      <profundiza>
        <enlace destino="/LoIdRedirect.aspx?LoId=CS_08_08_CO_Recurso130&amp;IdRecurso=RES-5380791101DC49B8B55B7549D553B7E4">Recurso F6B-01</enlace>
      </profundiza>
      <p>Aquí va un PÁRRAFO</p>
      <imagen src="CS_08_08_CO_img_14_small.jpg">
        <p>Aquí escribiré el pie de foto</p>
      </imagen>
      <recuerda>
        <recuerdaTexto>
          <p>Aquí va un RECUERDA</p>
        </recuerdaTexto>
      </recuerda>
      <destacado>
        <destacadoTitulo>Aquí va el título de un DESTACADO</destacadoTitulo>
        <destacadoTexto>
          <p>Aquí va el texto de un DESTACADO</p>
        </destacadoTexto>
      </destacado>
      <practica>
        <enlace destino="/LoIdRedirect.aspx?LoId=CS_08_08_CO_Recurso140&amp;IdRecurso=RES-180C3104FC234354985A4DEAB831F287">Recurso M5D-02</enlace>
      </practica>
    </seccion1Texto>
  </seccion1>
  <seccion1 id="S1_CS_08_08_CO_12CB079330854AB7A54594C1797D0606">
    <seccion1Titulo>Competencias</seccion1Titulo>
    <seccion1Texto>
      <p>Aquí escribiré el párrafo de la sección</p>
      <p>Aquí va un PÁRRAFO</p>
      <imagen src="CS_08_08_CO_img_16_small.jpg">
        <p>Aquí escribiré el pie de foto</p>
      </imagen>
      <recuerda>
        <recuerdaTexto>
          <p>Aquí va un RECUERDA</p>
        </recuerdaTexto>
      </recuerda>
      <destacado>
        <destacadoTitulo>Aquí va el título de un DESTACADO</destacadoTitulo>
        <destacadoTexto>
          <p>Aquí va el texto de un DESTACADO</p>
        </destacadoTexto>
      </destacado>
      <profundiza>
        <enlace destino="/LoIdRedirect.aspx?LoId=CS_08_08_CO_Recurso160&amp;IdRecurso=RES-EED855B06D564858AA243D8B096B0B68">Recurso F13-01</enlace>
      </profundiza>
      <p>Aquí va un PÁRRAFO</p>
      <imagen src="CS_08_08_CO_img_17_small.jpg">
        <p>Aquí escribiré el pie de foto</p>
      </imagen>
      <recuerda>
        <recuerdaTexto>
          <p>Aquí va un RECUERDA</p>
        </recuerdaTexto>
      </recuerda>
      <destacado>
        <destacadoTitulo>Aquí va el título de un DESTACADO</destacadoTitulo>
        <destacadoTexto>
          <p>Aquí va el texto de un DESTACADO</p>
        </destacadoTexto>
      </destacado>
      <practica>
        <enlace destino="/LoIdRedirect.aspx?LoId=CS_08_08_CO_Recurso170&amp;IdRecurso=RES-F069CC5248C24619A1E4D1D578C5CAAF">Recurso M102AB-01</enlace>
      </practica>
    </seccion1Texto>
  </seccion1>
  <masinformacion id="MI_CS_08_08_CO_B74CF7C52D6D41CCB010BA274C2118BB">
    <mapaconceptual>
      <enlace destino="/LoIdRedirect.aspx?LoId=CS_08_08_CO_Recurso190&amp;IdRecurso=RES-55EADE74B2B24103A327CF35F3238B5C">Mapa Conceptual</enlace>
    </mapaconceptual>
    <autoevaluate>
      <enlace destino="/LoIdRedirect.aspx?LoId=CS_08_08_CO_Recurso200&amp;IdRecurso=RES-1CC33A97746C4AABB2F505931D88FDB0">Evaluación</enlace>
    </autoevaluate>
    <enlacesreferencia>
      <enlace destino="http://www.aulaplaneta.com">AulaPlaneta</enlace>
    </enlacesreferencia>
  </masinformacion>
</libro>