﻿<?xml version="1.0" encoding="UTF-8"?><engine copy="Editorial Planeta" version="1" aprid="f7b"><main layout="2"><title>¿Por qué emigrar?</title><footer>Selecciona una imagen</footer></main><sections><section i="0" star="false" hasSubsections="false"><menuImage path="image_30.jpg" border="0"><title><![CDATA[Causas económicas]]></title></menuImage><pages><page i="0" visible="true" color="#6bab6b"><title>Causas económicas</title><description><![CDATA[<p>La <strong>pobreza</strong> es uno de los principales factores que lleva a parte de la poblaci&oacute;n de los pa&iacute;ses en v&iacute;as de desarrollo a abandonar sus hogares para buscar <strong>trabajo</strong> en las regiones m&aacute;s ricas:</p>

<ul>
	<li>Europa occidental</li>
	<li>Estados Unidos</li>
	<li>Pa&iacute;ses &aacute;rabes</li>
</ul>
]]></description><images><image path="image_30.jpg" border="0" pathbig="image_30.jpg"><title><![CDATA[]]></title></image></images></page></pages></section><section i="0" star="false" hasSubsections="false"><menuImage path="image_8.jpg" border="0"><title><![CDATA[Causas políticas]]></title></menuImage><pages><page i="0" visible="true" color="#8d96c5"><title>Causas políticas</title><description><![CDATA[<p>Los conflictos armados provocan grandes movimientos de poblaci&oacute;n que huyen de la violencia.</p>

<p>Las <strong>guerras</strong>, los <strong>conflictos violentos</strong> o las <strong>persecuciones pol&iacute;ticas</strong> se encuentran en el origen de grandes movimientos de poblaci&oacute;n. Los enfrentamientos armados en distintas regiones del planeta desplazan grandes cantidades de <strong>refugiados</strong>.&nbsp;</p>
]]></description><images><image path="image_8.jpg" border="0" pathbig="image_8.jpg"><title><![CDATA[]]></title></image></images></page></pages></section><section i="0" star="false" hasSubsections="false"><menuImage path="image_12.jpg" border="0"><title><![CDATA[Causas humanitarias]]></title></menuImage><pages><page i="0" visible="true" color="#dc8080"><title>Causas humanitarias</title><description><![CDATA[<p>Grandes <strong>cat&aacute;strofes</strong> como terremotos, inundaciones, sequ&iacute;as o hambrunas llevan, muchas veces, a las personas afectadas a tener que comenzar una nueva vida en otro lugar.&nbsp;</p>
]]></description><images><image path="image_12.jpg" border="0" pathbig="image_12.jpg"><title><![CDATA[]]></title></image></images></page></pages></section><section i="0" star="false" hasSubsections="false"><menuImage path="1.jpg" border="0"><title><![CDATA[Otras causas]]></title></menuImage><pages><page i="0" visible="true" color="#83c4da"><title>Otras causas</title><description><![CDATA[<p>Adem&aacute;s de causas de tipo econ&oacute;mico, pol&iacute;tico y humanitario, en el <strong>mundo globalizado</strong> tambi&eacute;n se dan otro tipo de movimientos migratorios. Estos est&aacute;n protagonizados por:</p>

<ul>
	<li>Personas con <strong>inquietudes socioculturales</strong>.</li>
	<li><strong>Jubilados</strong> con alto poder adquisitivo.</li>
</ul>
]]></description><images><image path="image_16.jpg" border="0" pathbig="1.jpg"><title><![CDATA[]]></title></image></images></page></pages></section></sections><masinfo><pantalla1><![CDATA[<p><span style="font-size:21px">Los movimientos migratorios</span></p>

<p>Las <strong>migraciones</strong> son los movimientos de salida (<strong>emigraci&oacute;n</strong>) o de llegada de poblaci&oacute;n (<strong>inmigraci&oacute;n</strong>) a un determinado lugar.</p>

<p>Las migraciones m&aacute;s frecuentes en la actualidad son de dos tipos:</p>

<ul>
	<li><strong>Interiores</strong>: del campo a la ciudad.</li>
	<li><strong>Internacionales</strong>: de los pa&iacute;ses en v&iacute;as de desarrollo a los pa&iacute;ses desarrollados.</li>
</ul>

<p>El <strong>saldo migratorio</strong> es la diferencia entre el n&uacute;mero de inmigrantes y el n&uacute;mero de emigrantes. Puede ser positivo o negativo:</p>

<p style="text-align:center"><strong>Saldo migratorio</strong> = inmigrantes &ndash; emigrantes</p>
]]></pantalla1><pantalla2><![CDATA[<p style="text-align:center"><span style="font-size:21px">Flujos migratorios</span></p>

<p style="text-align:center"><img alt="" src="data/imagenes/image_64.jpg" style="height:378px; width:700px" /></p>
]]></pantalla2></masinfo></engine>