<?xml version='1.0' encoding='UTF-8'?><engine copy="Editorial Planeta" version="1" aprid="f13" title="Estudio los retos actuales de mi país" >
<section title="Presentación" path="" pathAmp="" image1Text="" zoom1="false" zoom2a="false" zoom2b="false" layout="2" >
<![CDATA[<p style="text-align:center"><img alt="" src="data/imagenes/CS_11_06_REC160_IMG01.png" style="height:243px; width:826px" /></p>

<p style="text-align:center"><span style="font-size:25px"><span style="font-family:verdana,geneva,sans-serif"><span style="color:rgb(0, 0, 0)">&iquest;Cu&aacute;les son los retos actuales de mi pa&iacute;s?</span></span></span></p>
]]></section>
<section title="Conceptos" path="CS_11_06_REC160_IMG02n.jpg" pathAmp="CS_11_06_REC160_IMG02a.jpg" image1Text="" zoom1="true" zoom2a="false" zoom2b="false" layout="1" >
<![CDATA[
<p>Antes de empezar la actividad es conveniente que repases algunos conceptos vistos en clase y que ser&aacute;n de gran utilidad para realizar el trabajo.</p>

<ul>
	<li>Desarrollo integral</li>
	<li>Sociedad equitativa</li>
	<li>Sistema de protecci&oacute;n social</li>
	<li>Formaci&oacute;n de capital humano</li>
	<li>Pol&iacute;ticas p&uacute;blicas</li>
</ul>
]]></section>
<section title="Objetivos" path="section2.jpg" pathAmp="" image1Text="" zoom1="false" zoom2a="false" zoom2b="false" layout="1" >
<![CDATA[
<p><strong>Objetivo:</strong> identificar los problemas sociales y econ&oacute;micos m&aacute;s relevantes de Colombia y plantear posibles retos para la superaci&oacute;n de las desigualdades.</p>

<p><strong>Organizaci&oacute;n:</strong> el proyecto se puede realizar en grupos de tres o cuatro estudiantes.</p>

<p><strong>Presentaci&oacute;n</strong>: debe realizarse una exposici&oacute;n con soporte visual y escrito sobre los retos actuales que enfrenta nuestro pa&iacute;s. Te sugerimos una presentaci&oacute;n en Power Point, infograf&iacute;a u otro programa que conozcas.</p>

<p><strong>Plazo</strong>: tres semanas.</p>

<p><strong>Punto de partida:</strong> antes de iniciar el desarrollo del proyecto, y como punto de partida, es necesario que tengas presente el contexto colombiano actual, que te informes sobre las pol&iacute;ticas econ&oacute;micas y sociales, y el plan de desarrollo nacional. Puedes organizar una lluvia de ideas con tu grupo sobre los problemas sociales y econ&oacute;micos m&aacute;s sentidos en nuestro pa&iacute;s. Por ejemplo:</p>

<table border="1" cellpadding="1" cellspacing="1" style="width:100%">
	<tbody>
		<tr>
			<td style="text-align:center"><strong>Problema</strong></td>
			<td style="text-align:center"><strong>Causas</strong></td>
			<td style="text-align:center"><strong>Consecuencias</strong></td>
			<td style="text-align:center"><strong>Reto</strong></td>
		</tr>
		<tr>
			<td>Humanitario: hambre, pobreza, desplazamiento forzado, violencia social.</td>
			<td>&nbsp;</td>
			<td>&nbsp;</td>
			<td>&nbsp;</td>
		</tr>
		<tr>
			<td>Explotaci&oacute;n laboral y derechos laborales.</td>
			<td>&nbsp;</td>
			<td>&nbsp;</td>
			<td>&nbsp;</td>
		</tr>
		<tr>
			<td>Atenci&oacute;n en salud y protecci&oacute;n social.</td>
			<td>&nbsp;</td>
			<td>&nbsp;</td>
			<td>&nbsp;</td>
		</tr>
		<tr>
			<td>Ambientales: sobre explotaci&oacute;n de los recursos naturales, contaminaci&oacute;n.</td>
			<td>&nbsp;</td>
			<td>&nbsp;</td>
			<td>&nbsp;</td>
		</tr>
		<tr>
			<td>Crisis financiera, econom&iacute;a dependiente, producci&oacute;n y productividad.</td>
			<td>&nbsp;</td>
			<td>&nbsp;</td>
			<td>&nbsp;</td>
		</tr>
	</tbody>
</table>

<p>Para esto puedes revisar la informaci&oacute;n consignada en aulaPlaneta, la Enciclopedia Planeta y consultar las siguientes p&aacute;ginas:</p>

<ul>
	<li>Un futuro econ&oacute;mico en Colombia [<a href="http://www.cepal.org/publicaciones/xml/4/6194/colombiafuturo2.pdf" target="_blank">VER</a>].</li>
	<li>Los tres mayores problemas del pa&iacute;s [<a href="http://www.dinero.com/economia/articulo/los-tres-mayores-problemas-del-pais/74025" target="_blank">VER</a>].</li>
	<li>El mayor problema que tiene Colombia es la forma en que funciona el Estado: James Robinson [<a href="http://www.ideaspaz.org/publications/posts/538" target="_blank">VER</a>].</li>
	<li>La oportunidad de la paz: desaf&iacute;os y transformaciones claves [<a href="http://www.ideaspaz.org/publications/posts/1289" target="_blank">VER</a>].</li>
</ul>
]]></section>
<section title="Planificación" path2a="2a_section3.jpg" path2b="2b_section3.jpg" path2aAmp="2a_section3_big.jpg" path2bAmp="2b_section3_big.jpg" image2aText="&lt;p&gt;Ejemplo de tabla que les ayudar&amp;aacute; a realizar la planificaci&amp;oacute;n.&lt;/p&gt; " image2bText="&lt;p&gt;Ejemplo de planificaci&amp;oacute;n que les puede ayudar a organizar el proyecto.&lt;/p&gt; " zoom1="true" zoom2a="true" zoom2b="true" layout="4" >
<![CDATA[
<p>Para realizar el proyecto, el primer punto de partida consiste en organizar el trabajo. Se sugieren estos pasos:</p>

<p>1.&deg; Identificar el <strong>objetivo</strong> del proyecto.</p>

<p>2.&deg; Listar las <strong>tareas</strong> que deben completar a lo largo del proyecto.</p>

<p>3.&deg; Definir <strong>qui&eacute;n</strong> (o <strong>qui&eacute;nes</strong>) va a realizar cada una de las tareas o actividades que deben desarrollarse para llegar al objetivo.</p>

<p>4.&deg; Establecer el <strong>tiempo</strong> que deber&aacute;n dedicar a cada tarea.</p>

<p>5.&deg; Definir <strong>c&oacute;mo</strong> y <strong>cu&aacute;ndo</strong> se entregar&aacute; el trabajo escrito, se preparar&aacute; el soporte visual y se har&aacute; la exposici&oacute;n.</p>

<p>Cuando se requiere planificar una tarea, es de gran ayuda utilizar una tabla o una hoja de c&aacute;lculo en la que se registren datos como por ejemplo, los nombres de los miembros del grupo, las tareas a cargo de cada persona, el tiempo que se dedicar&aacute; a cada tarea, las fechas de entrega de cada parte del proyecto, del trabajo final y de la socializaci&oacute;n, entre otras.</p>

<p>En la primera imagen adjunta pueden observar un ejemplo de estructura de la tabla que les ayudar&aacute; a orientar su planificaci&oacute;n.</p>

<p>En la segunda imagen se muestra un ejemplo de planificaci&oacute;n de un proyecto similar que les puede servir de ayuda.</p>
]]></section>
<section title="Investigación" path="section4.jpg" pathAmp="" image1Text="" zoom1="false" zoom2a="false" zoom2b="false" layout="1" >
<![CDATA[
<p>A la hora de realizar la investigaci&oacute;n, es importante que piensen y discutan sobre los recursos y fuentes de informaci&oacute;n que pueden resultar de utilidad. Se recomienda:</p>

<ul>
	<li>Buscar posibles fuentes a partir de un listado de palabras y conceptos clave.</li>
	<li>Consultar publicaciones y sitios webs confiables, como el Departamento Nacional de Planeaci&oacute;n [<a href="https://colaboracion.dnp.gov.co/CDT/Desarrollo%20Social/CARTILLA_SOCIAL_septiembre_2012%20%282%29.pdf" target="_blank">VER</a>].</li>
	<li>Acudir a instituciones que pueden ofrecer informaci&oacute;n &uacute;til como bibliotecas, o entidades p&uacute;blicas. En este caso deben preparar las preguntas que gu&iacute;an la investigaci&oacute;n, de tal forma que la visita resulte productiva.</li>
	<li>Estudiar la informaci&oacute;n de prensa y revistas especializadas como:
	<ul>
		<li>Portafolio [<a href="http://www.portafolio.co/" target="_blank">VER</a>].<cite> </cite></li>
		<li>Dinero [<a href="http://www.dinero.com/" target="_blank">VER</a>].</li>
		<li>Semana [<a href="http://www.semana.com/seccion/economia/4-1" target="_blank">VER</a>].</li>
		<li>Revistas Universidad Nacional de Colombia [<a href="http://www.revistas.unal.edu.co/index.php/ceconomia" target="_blank">VER</a>].</li>
		<li>Cuadernos de econom&iacute;a - Universidad Nacional de Colombia [<a href="http://www.ceconomia.unal.edu.co/" target="_blank">VER</a>].</li>
	</ul>
	</li>
	<li>Comparar la informaci&oacute;n recopilada y comprobar si es correcta.</li>
	<li>Utilizar s&oacute;lo la informaci&oacute;n que sea de utilidad y descartar la que no se requiera.</li>
	<li>Estudiar la informaci&oacute;n, clasificarla seg&uacute;n los subtemas y elaborar una s&iacute;ntesis de cada uno.</li>
	<li>Elaborar una lista con las fuentes consultadas: libros, webs, prensa, etc.</li>
	<li>Resumir la informaci&oacute;n y formular conclusiones.</li>
</ul>

<p><strong>&iexcl;Atenci&oacute;n! </strong>Bajo ninguna circunstancia deber&aacute;n copiar el material y utilizarlo como si fuera propio. Su trabajo consiste en estudiar la informaci&oacute;n, hacer s&iacute;ntesis con sus propias palabras y formular sus conclusiones. Si precisan recuperar un texto de manera literal, este debe ir entre comillas y con la respectiva fuente.</p>
]]></section>
<section title="Análisis" path="section5.jpg" pathAmp="" image1Text="" zoom1="false" zoom2a="false" zoom2b="false" layout="1" >
<![CDATA[
<p>A partir de la informaci&oacute;n recopilada deben seleccionar los datos m&aacute;s relevantes sobre los problemas y retos que tiene nuestro pa&iacute;s en la actualidad, que permitan alcanzar el objetivo:</p>

<ul>
	<li>Identificar el problema.</li>
	<li>Identificar las causas y las consecuencias del problema.</li>
	<li>Plantear los retos o estrategias para la superaci&oacute;n del problema.</li>
</ul>

<p>A partir del an&aacute;lisis de esta informaci&oacute;n se proceder&aacute; a elaborar el <strong>trabajo escrito</strong> en el que se deben detallar los pasos que siguieron en la investigaci&oacute;n y plasmar los resultados, el an&aacute;lisis, la respuesta a la pregunta central y las conclusiones a las que llegaron.</p>

<p>El documento se organizar&aacute; de la siguiente manera:</p>

<ul>
	<li>portada</li>
	<li>&iacute;ndice</li>
	<li>introducci&oacute;n</li>
	<li>desarrollo</li>
	<li>conclusiones</li>
	<li>bibliograf&iacute;a</li>
</ul>

<p>El trabajo se puede ilustrar con dibujos, fotograf&iacute;as o esquemas como mapas conceptuales por problema, que apoyen la investigaci&oacute;n. Recuerden revisar y corregir la ortograf&iacute;a y la redacci&oacute;n.</p>
]]></section>
<section title="Síntesis" path="section6.jpg" pathAmp="" image1Text="" zoom1="false" zoom2a="false" zoom2b="false" layout="1" >
<![CDATA[
<p>A partir de la investigaci&oacute;n realizada, obtuvieron una informaci&oacute;n que les permiti&oacute; elaborar el trabajo escrito que debe servir como base para elaborar conclusiones en las que incorporen informaci&oacute;n como:</p>

<ul>
	<li>Una s&iacute;ntesis de los principales problemas sociales y econ&oacute;micos.</li>
	<li>Un planteamiento de los retos para la superaci&oacute;n de los problemas.</li>
	<li>Gr&aacute;ficas estad&iacute;sticas que condensen la informaci&oacute;n sobre cada uno de los problemas investigados.</li>
	<li>Respuesta a la pregunta inicial.</li>
	<li>Conclusiones.</li>
</ul>

<p>Para finalizar, se debe preparar la exposici&oacute;n del tema. Para que resulte interesante y motive a los compa&ntilde;eros, pueden recurrir a presentar las ideas principales y las im&aacute;genes de apoyo con fotograf&iacute;as, titulares de prensa, videos cortos sobre notas period&iacute;sticas.</p>

<p>Se sugiere repartir los temas a exponer entre todos los miembros del grupo y elaborar s&iacute;ntesis en fichas que podr&aacute;n utilizar mientras se dirigen al p&uacute;blico.</p>
]]></section>
<section title="Evaluación" path="" pathAmp="" image1Text="" zoom1="false" zoom2a="false" zoom2b="false" layout="2" >
<![CDATA[

<p>Al finalizar el trabajo, pueden autoevaluarse para comprobar qu&eacute; tareas hicieron mejor o peor y si el proyecto se realiz&oacute; correctamente.</p>

<p><em><span style="font-family:verdana,sans-serif">Califiquen de 1 a 5, siendo 1 muy mal y 5 muy bien.</span></em></p>

<p><strong>&Iacute;TEMS DE VALORACI&Oacute;N&nbsp;&nbsp;&nbsp;&nbsp;&nbsp;&nbsp;&nbsp;&nbsp;&nbsp;&nbsp;&nbsp;</strong></p>

<p>________________________________________________________________________&nbsp;&nbsp;&nbsp;&nbsp;&nbsp;&nbsp;&nbsp;&nbsp;&nbsp;&nbsp;&nbsp;&nbsp;&nbsp;&nbsp;&nbsp;&nbsp;&nbsp;&nbsp;&nbsp;&nbsp;&nbsp;&nbsp;&nbsp;&nbsp;&nbsp;&nbsp;&nbsp;&nbsp;&nbsp;&nbsp;&nbsp;&nbsp;&nbsp;&nbsp;&nbsp;&nbsp;&nbsp;&nbsp;&nbsp;&nbsp;&nbsp;&nbsp;&nbsp;&nbsp;&nbsp;&nbsp;&nbsp;&nbsp;&nbsp;&nbsp;&nbsp;&nbsp;&nbsp;&nbsp;&nbsp;&nbsp;&nbsp;&nbsp;&nbsp;&nbsp;&nbsp;&nbsp;&nbsp;&nbsp;&nbsp;&nbsp;</p>

<p><strong>&nbsp;&nbsp;&nbsp;&nbsp;&nbsp;&nbsp;&nbsp;&nbsp;&nbsp;&nbsp;&nbsp;&nbsp;&nbsp;&nbsp;&nbsp;&nbsp;&nbsp;&nbsp;&nbsp;&nbsp;&nbsp;&nbsp;&nbsp;&nbsp;&nbsp;&nbsp;&nbsp;&nbsp;&nbsp;&nbsp;&nbsp;&nbsp;&nbsp;&nbsp;&nbsp;&nbsp;&nbsp;&nbsp;&nbsp;&nbsp;&nbsp;&nbsp;&nbsp;&nbsp;&nbsp;&nbsp;&nbsp;&nbsp;&nbsp;&nbsp;&nbsp;&nbsp;&nbsp;&nbsp;&nbsp;&nbsp;&nbsp;&nbsp;&nbsp;&nbsp;&nbsp;&nbsp;&nbsp;&nbsp;&nbsp;&nbsp;&nbsp;&nbsp;&nbsp;&nbsp;&nbsp;&nbsp;&nbsp;&nbsp;&nbsp;&nbsp;&nbsp;1&nbsp;&nbsp;&nbsp;&nbsp;&nbsp;&nbsp;&nbsp;&nbsp;&nbsp;&nbsp;&nbsp;2&nbsp;&nbsp;&nbsp;&nbsp;&nbsp;&nbsp;&nbsp;&nbsp;&nbsp;&nbsp;&nbsp;3&nbsp;&nbsp;&nbsp;&nbsp;&nbsp;&nbsp;&nbsp;&nbsp;&nbsp;&nbsp;&nbsp;4&nbsp;&nbsp;&nbsp;&nbsp;&nbsp;&nbsp;&nbsp;&nbsp;&nbsp;&nbsp;&nbsp;5</strong>&nbsp;&nbsp;&nbsp;&nbsp;&nbsp;&nbsp;&nbsp;&nbsp;&nbsp;&nbsp;&nbsp;</p>

<p><strong>Objetivos</strong>&nbsp;&nbsp;&nbsp;&nbsp;&nbsp;&nbsp;&nbsp;&nbsp;&nbsp;&nbsp;&nbsp;&nbsp;&nbsp;&nbsp;&nbsp;&nbsp;&nbsp;&nbsp;&nbsp;&nbsp;&nbsp;&nbsp;&nbsp;&nbsp;&nbsp;&nbsp;&nbsp;&nbsp;&nbsp;&nbsp;&nbsp;&nbsp;&nbsp;&nbsp;&nbsp;&nbsp;&nbsp;&nbsp;&nbsp;&nbsp;&nbsp;&nbsp;&nbsp;&nbsp;</p>

<p><strong>&middot; </strong>Has comprendido el objetivo del proyecto.</p>

<p><strong>&middot; </strong>Has participado activamente en la lluvia<br />
<strong>&nbsp; </strong>de ideas.</p>

<p><strong>&middot; </strong>Has propuesto preguntas que te han<br />
&nbsp; servido de gu&iacute;a.</p>

<p><strong>&middot; </strong>Has previsto aspectos que despu&eacute;s has<br />
<strong>&nbsp; </strong>necesitado para el desarrollo de la investigaci&oacute;n.</p>

<p>________________________________________________________________________&nbsp;&nbsp;&nbsp;&nbsp;&nbsp;&nbsp;&nbsp;&nbsp;&nbsp;&nbsp;&nbsp;&nbsp;&nbsp;&nbsp;&nbsp;&nbsp;&nbsp;&nbsp;&nbsp;&nbsp;&nbsp;&nbsp;&nbsp;&nbsp;&nbsp;&nbsp;&nbsp;&nbsp;&nbsp;&nbsp;&nbsp;&nbsp;&nbsp;&nbsp;&nbsp;&nbsp;&nbsp;&nbsp;&nbsp;&nbsp;&nbsp;&nbsp;&nbsp;&nbsp;&nbsp;&nbsp;&nbsp;&nbsp;&nbsp;&nbsp;&nbsp;&nbsp;&nbsp;&nbsp;&nbsp;&nbsp;&nbsp;&nbsp;&nbsp;&nbsp;&nbsp;&nbsp;&nbsp;&nbsp;&nbsp;&nbsp;</p>

<p><strong>&nbsp;&nbsp;&nbsp;&nbsp;&nbsp;&nbsp;&nbsp;&nbsp;&nbsp;&nbsp;&nbsp;&nbsp;&nbsp;&nbsp;&nbsp;&nbsp;&nbsp;&nbsp;&nbsp;&nbsp;&nbsp;&nbsp;&nbsp;&nbsp;&nbsp;&nbsp;&nbsp;&nbsp;&nbsp;&nbsp;&nbsp;&nbsp;&nbsp;&nbsp;&nbsp;&nbsp;&nbsp;&nbsp;&nbsp;&nbsp;&nbsp;&nbsp;&nbsp;&nbsp;&nbsp;&nbsp;&nbsp;&nbsp;&nbsp;&nbsp;&nbsp;&nbsp;&nbsp;&nbsp;&nbsp;&nbsp;&nbsp;&nbsp;&nbsp;&nbsp;&nbsp;&nbsp;&nbsp;&nbsp;&nbsp;&nbsp;&nbsp;&nbsp;&nbsp;&nbsp;&nbsp;&nbsp;&nbsp;&nbsp;&nbsp;&nbsp;&nbsp;1&nbsp;&nbsp;&nbsp;&nbsp;&nbsp;&nbsp;&nbsp;&nbsp;&nbsp;&nbsp;&nbsp;2&nbsp;&nbsp;&nbsp;&nbsp;&nbsp;&nbsp;&nbsp;&nbsp;&nbsp;&nbsp;&nbsp;3&nbsp;&nbsp;&nbsp;&nbsp;&nbsp;&nbsp;&nbsp;&nbsp;&nbsp;&nbsp;&nbsp;4&nbsp;&nbsp;&nbsp;&nbsp;&nbsp;&nbsp;&nbsp;&nbsp;&nbsp;&nbsp;&nbsp;5</strong>&nbsp;&nbsp;&nbsp;&nbsp;&nbsp;&nbsp;&nbsp;&nbsp;&nbsp;&nbsp;&nbsp;</p>

<p><strong>Planificaci&oacute;n del proyecto&nbsp;&nbsp;&nbsp;&nbsp;&nbsp;&nbsp;&nbsp;&nbsp;&nbsp;&nbsp;&nbsp;</strong>&nbsp;&nbsp;&nbsp;&nbsp;&nbsp;&nbsp;&nbsp;&nbsp;&nbsp;&nbsp;&nbsp;&nbsp;&nbsp;&nbsp;&nbsp;&nbsp;&nbsp;&nbsp;&nbsp;&nbsp;&nbsp;&nbsp;&nbsp;&nbsp;&nbsp;&nbsp;&nbsp;&nbsp;&nbsp;&nbsp;&nbsp;&nbsp;&nbsp;&nbsp;&nbsp;&nbsp;&nbsp;&nbsp;&nbsp;&nbsp;&nbsp;&nbsp;&nbsp;&nbsp;&nbsp;&nbsp;&nbsp;&nbsp;&nbsp;&nbsp;&nbsp;&nbsp;&nbsp;&nbsp;&nbsp;&nbsp;&nbsp;&nbsp;&nbsp;&nbsp;&nbsp;&nbsp;&nbsp;&nbsp;&nbsp;&nbsp;&nbsp;&nbsp;&nbsp;&nbsp;&nbsp;&nbsp;&nbsp;&nbsp;&nbsp;&nbsp;&nbsp;&nbsp;&nbsp;&nbsp;&nbsp;&nbsp;&nbsp;&nbsp;&nbsp;&nbsp;&nbsp;&nbsp;</p>

<p><strong>&middot;</strong> Has participado en la planificaci&oacute;n del proyecto.</p>

<p><strong>&middot;</strong> Has contribuido en la distribuci&oacute;n de tareas.</p>

<p><strong>&middot;</strong> Has calculado correctamente el tiempo<br />
<strong>&nbsp; </strong>necesario para desarrollar cada tarea.</p>

<p><strong>&middot; </strong>Has desempe&ntilde;ado correctamente las tareas que<br />
<strong>&nbsp; </strong>te han sido asignadas.</p>

<p><strong>&middot; </strong>Has distribuido de forma equitativa las tareas<br />
<strong>&nbsp; </strong>entre los miembros del grupo.</p>

<p><strong>&middot; </strong>Has realizado las tareas asignadas en<br />
&nbsp; el tiempo<strong> </strong>previsto.</p>

<p><strong>&middot; </strong>Todos los miembros del grupo han participado<br />
<strong>&nbsp; </strong>seg&uacute;n lo previsto.</p>

<p>________________________________________________________________________&nbsp;&nbsp;&nbsp;&nbsp;&nbsp;&nbsp;&nbsp;&nbsp;&nbsp;&nbsp;&nbsp;&nbsp;&nbsp;&nbsp;&nbsp;&nbsp;&nbsp;&nbsp;&nbsp;&nbsp;&nbsp;&nbsp;&nbsp;&nbsp;&nbsp;&nbsp;&nbsp;&nbsp;&nbsp;&nbsp;&nbsp;&nbsp;&nbsp;&nbsp;&nbsp;&nbsp;&nbsp;&nbsp;&nbsp;&nbsp;&nbsp;&nbsp;&nbsp;&nbsp;&nbsp;&nbsp;&nbsp;&nbsp;&nbsp;&nbsp;&nbsp;&nbsp;&nbsp;&nbsp;&nbsp;&nbsp;&nbsp;&nbsp;&nbsp;&nbsp;&nbsp;&nbsp;&nbsp;&nbsp;&nbsp;&nbsp;</p>

<p><strong>&nbsp;&nbsp;&nbsp;&nbsp;&nbsp;&nbsp;&nbsp;&nbsp;&nbsp;&nbsp;&nbsp;&nbsp;&nbsp;&nbsp;&nbsp;&nbsp;&nbsp;&nbsp;&nbsp;&nbsp;&nbsp;&nbsp;&nbsp;&nbsp;&nbsp;&nbsp;&nbsp;&nbsp;&nbsp;&nbsp;&nbsp;&nbsp;&nbsp;&nbsp;&nbsp;&nbsp;&nbsp;&nbsp;&nbsp;&nbsp;&nbsp;&nbsp;&nbsp;&nbsp;&nbsp;&nbsp;&nbsp;&nbsp;&nbsp;&nbsp;&nbsp;&nbsp;&nbsp;&nbsp;&nbsp;&nbsp;&nbsp;&nbsp;&nbsp;&nbsp;&nbsp;&nbsp;&nbsp;&nbsp;&nbsp;&nbsp;&nbsp;&nbsp;&nbsp;&nbsp;&nbsp;&nbsp;&nbsp;&nbsp;&nbsp;&nbsp;&nbsp;1&nbsp;&nbsp;&nbsp;&nbsp;&nbsp;&nbsp;&nbsp;&nbsp;&nbsp;&nbsp;&nbsp;2&nbsp;&nbsp;&nbsp;&nbsp;&nbsp;&nbsp;&nbsp;&nbsp;&nbsp;&nbsp;&nbsp;3&nbsp;&nbsp;&nbsp;&nbsp;&nbsp;&nbsp;&nbsp;&nbsp;&nbsp;&nbsp;&nbsp;4&nbsp;&nbsp;&nbsp;&nbsp;&nbsp;&nbsp;&nbsp;&nbsp;&nbsp;&nbsp;&nbsp;5</strong>&nbsp;&nbsp;&nbsp;&nbsp;&nbsp;&nbsp;&nbsp;&nbsp;&nbsp;&nbsp;&nbsp;</p>

<p><strong>Investigaci&oacute;n&nbsp;&nbsp;&nbsp;&nbsp;&nbsp;&nbsp;&nbsp;&nbsp;&nbsp;&nbsp;&nbsp;</strong>&nbsp;&nbsp;&nbsp;&nbsp;&nbsp;&nbsp;&nbsp;&nbsp;&nbsp;&nbsp;&nbsp;&nbsp;&nbsp;&nbsp;&nbsp;&nbsp;&nbsp;&nbsp;&nbsp;&nbsp;&nbsp;&nbsp;&nbsp;&nbsp;&nbsp;&nbsp;&nbsp;&nbsp;&nbsp;&nbsp;&nbsp;&nbsp;&nbsp;&nbsp;&nbsp;&nbsp;&nbsp;&nbsp;&nbsp;&nbsp;&nbsp;&nbsp;&nbsp;&nbsp;&nbsp;&nbsp;&nbsp;&nbsp;&nbsp;&nbsp;&nbsp;&nbsp;&nbsp;&nbsp;&nbsp;</p>

<p><strong>&middot; </strong>Has propuesto fuentes de informaci&oacute;n para<br />
<strong>&nbsp; </strong> encontrar los datos que necesitabas.</p>

<p><strong>&middot; </strong>La metodolog&iacute;a propuesta ha<strong> </strong>sido<br />
&nbsp; la adecuada para recabar la informaci&oacute;n<br />
<strong>&nbsp; </strong>que te hac&iacute;a falta.</p>

<p><strong>&middot; </strong>Has valorado los criterios para<br />
<strong>&nbsp; </strong>seleccionar la informaci&oacute;n.</p>

<p><strong>&middot; </strong>Has participado activamente en la b&uacute;squeda<br />
<strong>&nbsp; </strong>de informaci&oacute;n.</p>

<p><strong>&middot; </strong>Has hecho uso de diferentes tipos de informaci&oacute;n<br />
<strong>&nbsp; </strong>(electr&oacute;nica, bibliogr&aacute;fica, etc.).</p>

<p>________________________________________________________________________&nbsp;&nbsp;&nbsp;&nbsp;&nbsp;&nbsp;&nbsp;&nbsp;&nbsp;&nbsp;&nbsp;&nbsp;&nbsp;&nbsp;&nbsp;&nbsp;&nbsp;&nbsp;&nbsp;&nbsp;&nbsp;&nbsp;&nbsp;&nbsp;&nbsp;&nbsp;&nbsp;&nbsp;&nbsp;&nbsp;&nbsp;&nbsp;&nbsp;&nbsp;&nbsp;&nbsp;&nbsp;&nbsp;&nbsp;&nbsp;&nbsp;&nbsp;&nbsp;&nbsp;&nbsp;&nbsp;&nbsp;&nbsp;&nbsp;&nbsp;&nbsp;&nbsp;&nbsp;&nbsp;&nbsp;&nbsp;&nbsp;&nbsp;&nbsp;&nbsp;&nbsp;&nbsp;&nbsp;&nbsp;&nbsp;&nbsp;</p>

<p><strong>&nbsp;&nbsp;&nbsp;&nbsp;&nbsp;&nbsp;&nbsp;&nbsp;&nbsp;&nbsp;&nbsp;&nbsp;&nbsp;&nbsp;&nbsp;&nbsp;&nbsp;&nbsp;&nbsp;&nbsp;&nbsp;&nbsp;&nbsp;&nbsp;&nbsp;&nbsp;&nbsp;&nbsp;&nbsp;&nbsp;&nbsp;&nbsp;&nbsp;&nbsp;&nbsp;&nbsp;&nbsp;&nbsp;&nbsp;&nbsp;&nbsp;&nbsp;&nbsp;&nbsp;&nbsp;&nbsp;&nbsp;&nbsp;&nbsp;&nbsp;&nbsp;&nbsp;&nbsp;&nbsp;&nbsp;&nbsp;&nbsp;&nbsp;&nbsp;&nbsp;&nbsp;&nbsp;&nbsp;&nbsp;&nbsp;&nbsp;&nbsp;&nbsp;&nbsp;&nbsp;&nbsp;&nbsp;&nbsp;&nbsp;&nbsp;&nbsp;&nbsp;1&nbsp;&nbsp;&nbsp;&nbsp;&nbsp;&nbsp;&nbsp;&nbsp;&nbsp;&nbsp;&nbsp;2&nbsp;&nbsp;&nbsp;&nbsp;&nbsp;&nbsp;&nbsp;&nbsp;&nbsp;&nbsp;&nbsp;3&nbsp;&nbsp;&nbsp;&nbsp;&nbsp;&nbsp;&nbsp;&nbsp;&nbsp;&nbsp;&nbsp;4&nbsp;&nbsp;&nbsp;&nbsp;&nbsp;&nbsp;&nbsp;&nbsp;&nbsp;&nbsp;&nbsp;5</strong>&nbsp;&nbsp;&nbsp;&nbsp;&nbsp;&nbsp;&nbsp;&nbsp;&nbsp;&nbsp;&nbsp;</p>

<p><strong>An&aacute;lisis de la informaci&oacute;n&nbsp;&nbsp;&nbsp;&nbsp;&nbsp;&nbsp;&nbsp;&nbsp;&nbsp;&nbsp;&nbsp;</strong>&nbsp;&nbsp;&nbsp;&nbsp;&nbsp;&nbsp;&nbsp;&nbsp;&nbsp;&nbsp;&nbsp;&nbsp;&nbsp;&nbsp;&nbsp;&nbsp;&nbsp;&nbsp;&nbsp;&nbsp;&nbsp;&nbsp;&nbsp;&nbsp;&nbsp;&nbsp;&nbsp;&nbsp;&nbsp;&nbsp;&nbsp;&nbsp;&nbsp;&nbsp;&nbsp;&nbsp;&nbsp;&nbsp;&nbsp;&nbsp;&nbsp;&nbsp;&nbsp;&nbsp;&nbsp;&nbsp;&nbsp;&nbsp;&nbsp;&nbsp;&nbsp;&nbsp;&nbsp;&nbsp;&nbsp;</p>

<p><strong>&middot; </strong>Has sabido distinguir la informaci&oacute;n&nbsp;relevante<br />
<strong>&nbsp; </strong>respecto&nbsp;de la superflua.</p>

<p><strong>&middot; </strong>Has ordenado todos los datos antes de analizarlos.</p>

<p><strong>&middot; </strong>Has sabido trasladar la informaci&oacute;n al<br />
&nbsp; informe y la exposici&oacute;n.&nbsp;​</p>

<p>________________________________________________________________________&nbsp;&nbsp;&nbsp;&nbsp;&nbsp;&nbsp;&nbsp;&nbsp;&nbsp;&nbsp;&nbsp;&nbsp;&nbsp;&nbsp;&nbsp;&nbsp;&nbsp;&nbsp;&nbsp;&nbsp;&nbsp;&nbsp;&nbsp;&nbsp;&nbsp;&nbsp;&nbsp;&nbsp;&nbsp;&nbsp;&nbsp;&nbsp;&nbsp;&nbsp;&nbsp;&nbsp;&nbsp;&nbsp;&nbsp;&nbsp;&nbsp;&nbsp;&nbsp;&nbsp;&nbsp;&nbsp;&nbsp;&nbsp;&nbsp;&nbsp;&nbsp;&nbsp;&nbsp;&nbsp;&nbsp;&nbsp;&nbsp;&nbsp;&nbsp;&nbsp;&nbsp;&nbsp;&nbsp;&nbsp;&nbsp;&nbsp;</p>

<p><strong>&nbsp;&nbsp;&nbsp;&nbsp;&nbsp;&nbsp;&nbsp;&nbsp;&nbsp;&nbsp;&nbsp;&nbsp;&nbsp;&nbsp;&nbsp;&nbsp;&nbsp;&nbsp;&nbsp;&nbsp;&nbsp;&nbsp;&nbsp;&nbsp;&nbsp;&nbsp;&nbsp;&nbsp;&nbsp;&nbsp;&nbsp;&nbsp;&nbsp;&nbsp;&nbsp;&nbsp;&nbsp;&nbsp;&nbsp;&nbsp;&nbsp;&nbsp;&nbsp;&nbsp;&nbsp;&nbsp;&nbsp;&nbsp;&nbsp;&nbsp;&nbsp;&nbsp;&nbsp;&nbsp;&nbsp;&nbsp;&nbsp;&nbsp;&nbsp;&nbsp;&nbsp;&nbsp;&nbsp;&nbsp;&nbsp;&nbsp;&nbsp;&nbsp;&nbsp;&nbsp;&nbsp;&nbsp;&nbsp;&nbsp;&nbsp;&nbsp;&nbsp;1&nbsp;&nbsp;&nbsp;&nbsp;&nbsp;&nbsp;&nbsp;&nbsp;&nbsp;&nbsp;&nbsp;2&nbsp;&nbsp;&nbsp;&nbsp;&nbsp;&nbsp;&nbsp;&nbsp;&nbsp;&nbsp;&nbsp;3&nbsp;&nbsp;&nbsp;&nbsp;&nbsp;&nbsp;&nbsp;&nbsp;&nbsp;&nbsp;&nbsp;4&nbsp;&nbsp;&nbsp;&nbsp;&nbsp;&nbsp;&nbsp;&nbsp;&nbsp;&nbsp;&nbsp;5</strong>&nbsp;&nbsp;&nbsp;&nbsp;&nbsp;&nbsp;&nbsp;&nbsp;&nbsp;&nbsp;&nbsp;</p>

<p><strong>S&iacute;ntesis</strong>&nbsp;&nbsp;&nbsp;&nbsp;&nbsp;&nbsp;&nbsp;&nbsp;&nbsp;&nbsp;&nbsp;&nbsp;&nbsp;&nbsp;&nbsp;&nbsp;&nbsp;&nbsp;&nbsp;&nbsp;&nbsp;&nbsp;&nbsp;&nbsp;&nbsp;&nbsp;&nbsp;&nbsp;&nbsp;&nbsp;&nbsp;&nbsp;&nbsp;</p>

<p><strong>&middot;</strong> Has dado respuesta a la pregunta principal.</p>

<p><strong>&middot;</strong> Has sabido interpretar los datos.&nbsp;&nbsp;&nbsp;&nbsp;&nbsp;&nbsp;&nbsp;&nbsp;&nbsp;&nbsp;&nbsp;&nbsp;&nbsp;&nbsp;&nbsp;&nbsp;&nbsp;&nbsp;&nbsp;&nbsp;&nbsp;&nbsp;&nbsp;&nbsp;&nbsp;&nbsp;&nbsp;&nbsp;&nbsp;&nbsp;&nbsp;&nbsp;&nbsp;&nbsp;&nbsp;&nbsp;&nbsp;&nbsp;&nbsp;&nbsp;&nbsp;&nbsp;&nbsp;&nbsp;&nbsp;&nbsp;&nbsp;&nbsp;&nbsp;&nbsp;&nbsp;&nbsp;&nbsp;&nbsp;&nbsp;</p>

<p><strong>&middot; </strong>Has participado en la extracci&oacute;n de<br />
<strong>&nbsp; </strong>conclusiones.</p>

<p><strong>&middot; </strong>Has sabido estructurar la informaci&oacute;n<br />
<strong>&nbsp; </strong>correctamente para presentar en la exposici&oacute;n.</p>

<p><strong>&middot; </strong>Ha quedado clara la informaci&oacute;n expuesta.</p>

<p><strong>&middot; </strong>Has sido creativo.&nbsp;&nbsp;&nbsp;&nbsp;&nbsp;&nbsp;&nbsp;&nbsp;&nbsp;&nbsp;&nbsp;</p>

<p>________________________________________________________________________&nbsp;&nbsp;&nbsp;&nbsp;&nbsp;&nbsp;&nbsp;&nbsp;&nbsp;&nbsp;&nbsp;&nbsp;&nbsp;&nbsp;&nbsp;&nbsp;&nbsp;&nbsp;&nbsp;&nbsp;&nbsp;&nbsp;&nbsp;&nbsp;&nbsp;&nbsp;&nbsp;&nbsp;&nbsp;&nbsp;&nbsp;&nbsp;&nbsp;&nbsp;&nbsp;&nbsp;&nbsp;&nbsp;&nbsp;&nbsp;&nbsp;&nbsp;&nbsp;&nbsp;&nbsp;&nbsp;&nbsp;&nbsp;&nbsp;&nbsp;&nbsp;&nbsp;&nbsp;&nbsp;&nbsp;&nbsp;&nbsp;&nbsp;&nbsp;&nbsp;&nbsp;&nbsp;&nbsp;&nbsp;&nbsp;&nbsp;</p>

<p><strong>&nbsp;&nbsp;&nbsp;&nbsp;&nbsp;&nbsp;&nbsp;&nbsp;&nbsp;&nbsp;&nbsp;&nbsp;&nbsp;&nbsp;&nbsp;&nbsp;&nbsp;&nbsp;&nbsp;&nbsp;&nbsp;&nbsp;&nbsp;&nbsp;&nbsp;&nbsp;&nbsp;&nbsp;&nbsp;&nbsp;&nbsp;&nbsp;&nbsp;&nbsp;&nbsp;&nbsp;&nbsp;&nbsp;&nbsp;&nbsp;&nbsp;&nbsp;&nbsp;&nbsp;&nbsp;&nbsp;&nbsp;&nbsp;&nbsp;&nbsp;&nbsp;&nbsp;&nbsp;&nbsp;&nbsp;&nbsp;&nbsp;&nbsp;&nbsp;&nbsp;&nbsp;&nbsp;&nbsp;&nbsp;&nbsp;&nbsp;&nbsp;&nbsp;&nbsp;&nbsp;&nbsp;&nbsp;&nbsp;&nbsp;&nbsp;&nbsp;&nbsp;1&nbsp;&nbsp;&nbsp;&nbsp;&nbsp;&nbsp;&nbsp;&nbsp;&nbsp;&nbsp;&nbsp;2&nbsp;&nbsp;&nbsp;&nbsp;&nbsp;&nbsp;&nbsp;&nbsp;&nbsp;&nbsp;&nbsp;3&nbsp;&nbsp;&nbsp;&nbsp;&nbsp;&nbsp;&nbsp;&nbsp;&nbsp;&nbsp;&nbsp;4&nbsp;&nbsp;&nbsp;&nbsp;&nbsp;&nbsp;&nbsp;&nbsp;&nbsp;&nbsp;&nbsp;5</strong>&nbsp;&nbsp;&nbsp;&nbsp;&nbsp;&nbsp;&nbsp;&nbsp;&nbsp;&nbsp;&nbsp;</p>

<p><strong>VALORACI&Oacute;N GLOBAL</strong></p>

<p><strong>&middot;</strong> Del trabajo desarrollado.</p>

<p><strong>&middot;</strong> De los documentos entregados.</p>

<p><strong>&middot;</strong> Del trabajo en equipo.&nbsp;&nbsp;&nbsp;&nbsp;&nbsp;&nbsp;&nbsp;&nbsp;&nbsp;&nbsp;&nbsp; &nbsp;&nbsp;&nbsp;&nbsp;&nbsp;&nbsp;&nbsp;&nbsp;&nbsp;&nbsp;&nbsp;&nbsp;&nbsp;&nbsp;&nbsp;&nbsp;&nbsp;&nbsp;&nbsp;&nbsp;&nbsp;&nbsp;&nbsp;&nbsp;&nbsp;&nbsp;&nbsp;&nbsp;&nbsp;&nbsp;&nbsp;&nbsp;&nbsp;&nbsp;&nbsp;&nbsp;&nbsp;&nbsp;&nbsp;&nbsp;&nbsp;&nbsp;&nbsp;&nbsp;</p>
]]></section>
</engine>