﻿<?xml version="1.0" encoding="utf-8"?><engine copy="Editorial Planeta" version="1" aprid="f10b">
<main mode="f10b" title="Efectos económicos en el medio ambiente en Colombia">
<tf><![CDATA[<p><img alt="" src="http://image.shutterstock.com/display_pic_with_logo/95551/95551,1206397643,6/stock-photo-pel-canos-10718044.jpg" style="height:358px; width:450px" /></p>

<p>&nbsp;</p>

<p>&nbsp;</p>

<p>&nbsp;</p>

<p>&nbsp;</p>]]></tf>
</main>
<selection title="" title2="Léxico" bkclass="slideLexico">
	<definition>
		<title>Vertederos</title>
		<def><![CDATA[<p><span style="font-size:25px"><span style="font-family:verdana,geneva,sans-serif"><strong>Vertederos:</strong><br />
son zonas dedicadas a la recolecci&oacute;n y manejo de residuos.&nbsp;Tambi&eacute;n son llamados basureros o basurales.&nbsp;Pueden ser oficiales si est&aacute;n dispuestos por el Estado o ilegales cuando se establecen de forma espor&aacute;dica por la poblaci&oacute;n.</span></span></p>]]></def>
	</definition>
	<definition>
		<title>Lixiviados</title>
		<def><![CDATA[<p><span style="font-size:25px"><span style="font-family:verdana,geneva,sans-serif"><strong>Lixiviados:</strong><br />
son residuos l&iacute;quidos que se obtienen de los basureros, por lo general desprenden olores f&eacute;tidos y afectan las fuentes h&iacute;dricas subterr&aacute;neas.</span></span></p>]]></def>
	</definition>
	<definition>
		<title>Hidrocarburos</title>
		<def><![CDATA[<p><span style="font-size:25px"><span style="font-family:verdana,geneva,sans-serif"><strong>Hidrocarburos:</strong><br />
son compuestos org&aacute;nicos formados &uacute;nicamente por &aacute;tomos de carbono e hidr&oacute;geno, su producci&oacute;n genera alto impacto sobre la naturaleza, especialmente cuando no se manejan de forma adecuada.</span></span></p>]]></def>
	</definition>
	<definition>
		<title>Borugos</title>
		<def><![CDATA[<p><span style="font-size:25px"><span style="font-family:verdana,geneva,sans-serif"><strong>Borugos:</strong><br />
es un roedor propio de los p&aacute;ramos y bosques andinos colombianos, parecido a un cur&iacute; o a un h&aacute;mster muy grande, puede alcanzar cerca de&nbsp;los 60 cm de longitud y hasta 4 kg de peso. Sus caracter&iacute;sticas f&iacute;sicas son: pelaje denso, de color caf&eacute; oscuro con manchas blancas en los costados.</span></span></p>]]></def>
	</definition>
	<definition>
		<title>Acidificación</title>
		<def><![CDATA[<p><span style="font-size:25px"><span style="font-family:verdana,geneva,sans-serif"><strong>Acidificaci&oacute;n:</strong><br />
la acidificaci&oacute;n del suelo es un proceso por el cual el&nbsp; suelo reduce su&nbsp;pH por la forma de absorci&oacute;n de hidr&oacute;geno.&nbsp;</span></span></p>

<p>&nbsp;</p>]]></def>
	</definition>
	<definition>
		<title>Coltán</title>
		<def><![CDATA[<p><span style="font-size:25px"><span style="font-family:verdana,geneva,sans-serif"><strong>Colt&aacute;n:</strong><br />
mineral compuesto por colombita y tantalita, de color negro o marr&oacute;n muy oscuro.&nbsp;En la actualidad se utiliza mucho&nbsp;en la microelectr&oacute;nica, en telecomunicaciones y en la industria aeroespacial.</span></span></p>]]></def>
	</definition>
	<definition>
		<title>Acuíferos</title>
		<def><![CDATA[<p><span style="font-size:25px"><span style="font-family:verdana,geneva,sans-serif"><strong>Acu&iacute;feros:</strong><br />
son zonas con alto contenido hidr&iacute;co.&nbsp;Son recursos ricos en agua.</span></span></p>]]></def>
	</definition>
	<definition>
		<title>Monocultivo</title>
		<def><![CDATA[<p><span style="font-size:25px"><span style="font-family:verdana,geneva,sans-serif"><strong>Monocultivo:</strong><br />
es un sistema de producci&oacute;n agr&iacute;cola muy aplicado en&nbsp;Colombia, que consiste en dedicar toda la tierra disponible al cultivo de una sola especie vegetal.&nbsp;Esto puede deteriorar los nutrientes del suelo.</span></span></p>]]></def>
	</definition>
	<definition>
		<title>Gramíneas</title>
		<def><![CDATA[<p><span style="font-size:25px"><span style="font-family:verdana,geneva,sans-serif"><strong>Gram&iacute;neas:</strong><br />
es una familia de plantas a las que&nbsp;pertenecen los pastos forrajeros o de alimentaci&oacute;n para el ganado.</span></span></p>]]></def>
	</definition>
	<definition>
		<title>Sedimento</title>
		<def><![CDATA[<p><span style="font-size:25px"><span style="font-family:verdana,geneva,sans-serif"><strong>Sedimento:</strong><br />
es un tipo de material s&oacute;lido que se va acumulado sobre la superficie terrestre.&nbsp;Puede&nbsp;durar est&aacute;tico miles o millones de a&ntilde;os, pero pueden ser movidos por el ser humano o por&nbsp;fuerzas naturales, como el viento y el agua.</span></span></p>]]></def>
	</definition>
	<definition>
		<title>Minas a cielo abierto</title>
		<def><![CDATA[<p><span style="font-size:25px"><span style="font-family:verdana,geneva,sans-serif"><strong>Minas a cielo abierto:</strong><br />
son explotaciones mineras que se desarrollan en la superficie terrestre y no en el subsuelo.</span></span></p>]]></def>
	</definition>
</selection>
<presentation title="" title2="Comprensión" buttons="false" bkclass="slideComprension">
	<definition>
		<title></title>
		<def><![CDATA[<p><span style="color:#FF8C00"><span style="font-size:32px"><span style="font-family:verdana,geneva,sans-serif">Comprensi&oacute;n</span></span></span><br />
&nbsp;</p>

<ul>
	<li><span style="font-size:25px"><span style="font-family:verdana,geneva,sans-serif">&iquest;De qu&eacute; manera la agricultura y la ganader&iacute;a desgastan el suelo?</span></span><br />
	&nbsp;</li>
	<li><span style="font-size:25px"><span style="font-family:verdana,geneva,sans-serif">&iquest;Por qu&eacute; la miner&iacute;a se considera un grave problema para el medio ambiente?</span></span><br />
	&nbsp;</li>
	<li><span style="font-size:25px"><span style="font-family:verdana,geneva,sans-serif">&iquest;Cu&aacute;les son los efectos de la caza y pesca il&iacute;cita en nuestro pa&iacute;s?</span></span></li>
</ul>]]></def>
	</definition>
	<definition>
		<title></title>
		<def><![CDATA[<p><span style="color:#FF8C00"><span style="font-size:32px"><span style="font-family:verdana,geneva,sans-serif">Comprensi&oacute;n</span></span></span><br />
&nbsp;</p>

<ul>
	<li><span style="font-size:25px"><span style="font-family:verdana,geneva,sans-serif">&iquest;Por qu&eacute; el crecimiento de las ciudades&nbsp;implica un impacto negativo sobre el medio ambiente?</span></span><br />
	&nbsp;</li>
	<li><span style="font-size:25px"><span style="font-family:verdana,geneva,sans-serif">&iquest;De qu&eacute; manera las ciudades colombianas afectan el medio ambiente?</span></span><br />
	&nbsp;</li>
	<li><span style="font-size:25px"><span style="font-family:verdana,geneva,sans-serif">&iquest;Qu&eacute; actividades son las que m&aacute;s afectan las fuentes h&iacute;dricas y la atm&oacute;sfera en el sector secundario?</span></span></li>
</ul>]]></def>
	</definition>
	<definition>
		<title></title>
		<def><![CDATA[<p><span style="color:#FF8C00"><span style="font-size:32px"><span style="font-family:verdana,geneva,sans-serif">Comprensi&oacute;n</span></span></span><br />
&nbsp;</p>

<ul>
	<li><span style="font-size:25px"><span style="font-family:verdana,geneva,sans-serif">&iquest;Cu&aacute;les son las alternativas que existen para el uso de combustibles en una sociedad como la colombiana?</span></span><br />
	&nbsp;</li>
	<li><span style="font-size:25px"><span style="font-family:verdana,geneva,sans-serif">&iquest;C&oacute;mo le afecta la recreaci&oacute;n y el turismo al medio ambiente colombiano?</span></span><br />
	&nbsp;</li>
	<li><span style="font-size:25px"><span style="font-family:verdana,geneva,sans-serif">&iquest;Qu&eacute; otras actividades del sector terciario afectan el medio ambiente y de qu&eacute; manera se presenta en nuestro pa&iacute;s?</span></span></li>
</ul>]]></def>
	</definition>
</presentation>
<presentation title="" title2="Investiga " buttons="false" bkclass="slideInvestiga">
	<definition>
		<title></title>
		<def><![CDATA[<p><span style="color:#FF8C00"><span style="font-size:32px"><span style="font-family:verdana,geneva,sans-serif">Investiga</span></span></span><br />
&nbsp;</p>

<p><span style="font-size:23px"><span style="font-family:verdana,geneva,sans-serif">Teniendo en cuenta los conceptos generales del sector terciario, investiga cu&aacute;les son las implicaciones en el medio ambiente del turismo en Colombia y cu&aacute;les son las alternativas&nbsp;legales para desarrollar el turismo y el ecoturismo en nuestro pa&iacute;s. A partir de esto, &iquest;es posible crear una conciencia en el turista para minimizar su huella ecol&oacute;gica en las reservas, parques y santuarios que tiene nuestro pa&iacute;s?</span></span></p>

<p>&nbsp;</p>
]]></def>
	</definition>
	<definition>
		<title></title>
		<def><![CDATA[<p><span style="color:#FF8C00"><span style="font-size:32px"><span style="font-family:verdana,geneva,sans-serif">Investiga</span></span></span><br />
&nbsp;</p>

<p><span style="font-size:23px"><span style="font-family:verdana,geneva,sans-serif">Teniendo en cuenta la situaci&oacute;n actual que se vive en La Guajira de&nbsp;agua potable, investiga cu&aacute;les son las razones de la crisis de este recurso&nbsp;que&nbsp;padece este&nbsp;departamento.&nbsp;Para responder, explica qu&eacute; caracter&iacute;sticas presenta el manejo de las fuentes de agua&nbsp;por parte de las comunidades ind&iacute;genas de La Guajira y las grandes empresas que explotan los recursos en esta regi&oacute;n. Concluye respondiendo:&nbsp;&iquest;qu&eacute; medidas se est&aacute;n tomando en la actualidad para superar la crisis h&iacute;drica que se presenta en el departamento de La Guajira por parte del Estado colombiano y de las comunidades afectadas?, y&nbsp;&iquest;qui&eacute;nes son los responsables de la crisis ambiental del departamento?</span></span></p>
]]></def>
	</definition>
</presentation>
</engine>